target_time,submercado,horizon,pred_gross,pld_brl_mwh,temperature,radiation,weekday,feriado_nacional,carnaval,corpus_christi,emenda,vespera_feriado,pos_feriado,frac_pop_feriado_estadual
2026-09-01 00:00:00-03:00,N,1,10083.048434713255,174.35,28.205405405405408,0.0,1,0,0,0,0,0,0,0.0
2026-09-01 00:00:00-03:00,N,7,9980.34677295979,174.35,28.093693693693695,0.0,1,0,0,0,0,0,0,0.0
2026-09-01 00:00:00-03:00,NE,1,14861.337380592671,174.34,25.609082125603862,0.0,1,0,0,0,0,0,0,0.0
2026-09-01 00:00:00-03:00,NE,7,14340.736241187187,174.34,24.960676328502416,0.0,1,0,0,0,0,0,0,0.0
2026-09-01 00:00:00-03:00,S,1,12388.656514934057,174.34,17.748076923076923,0.0,1,0,0,0,0,0,0,0.0
2026-09-01 00:00:00-03:00,S,7,12405.04892822973,174.34,16.850274725274726,0.0,1,0,0,0,0,0,0,0.0
2026-09-01 00:00:00-03:00,SECO,1,45129.0838935803,174.35,23.44069810620126,0.0,1,0,0,0,0,0,0,0.0
2026-09-01 00:00:00-03:00,SECO,7,44155.91802154314,174.35,25.32064611956925,0.0,1,0,0,0,0,0,0,0.0
2026-09-01 01:00:00-03:00,N,1,9841.601220145398,172.22,27.86594594594595,0.0,1,0,0,0,0,0,0,0.0
2026-09-01 01:00:00-03:00,N,7,9693.928347476816,172.22,27.70684684684685,0.0,1,0,0,0,0,0,0,0.0
2026-09-01 01:00:00-03:00,NE,1,14383.499204344544,172.21,25.299420289855075,0.0,1,0,0,0,0,0,0,0.0
2026-09-01 01:00:00-03:00,NE,7,13956.031697163637,172.21,24.71304347826087,0.0,1,0,0,0,0,0,0,0.0
2026-09-01 01:00:00-03:00,S,1,11753.376466121494,172.2,17.46978021978022,0.0,1,0,0,0,0,0,0,0.0
2026-09-01 01:00:00-03:00,S,7,11686.303978932943,172.2,16.777197802197804,0.0,1,0,0,0,0,0,0,0.0
2026-09-01 01:00:00-03:00,SECO,1,43091.65366031492,172.21,23.338284441143703,0.0,1,0,0,0,0,0,0,0.0
2026-09-01 01:00:00-03:00,SECO,7,41685.34837448467,172.21,24.75291496472336,0.0,1,0,0,0,0,0,0,0.0
2026-09-01 02:00:00-03:00,N,1,9655.807141986868,170.18,27.59405405405405,0.0,1,0,0,0,0,0,0,0.0
2026-09-01 02:00:00-03:00,N,7,9427.148943336382,170.18,27.453873873873874,0.0,1,0,0,0,0,0,0,0.0
2026-09-01 02:00:00-03:00,NE,1,14082.543779276431,170.17,25.058260869565217,0.0,1,0,0,0,0,0,0,0.0
2026-09-01 02:00:00-03:00,NE,7,13638.711030892784,170.17,24.585603864734303,0.0,1,0,0,0,0,0,0,0.0
2026-09-01 02:00:00-03:00,S,1,11313.591551380116,170.16,17.337362637362638,0.0,1,0,0,0,0,0,0,0.0
2026-09-01 02:00:00-03:00,S,7,11286.192449210945,170.16,16.704120879120882,0.0,1,0,0,0,0,0,0,0.0
2026-09-01 02:00:00-03:00,SECO,1,41902.12856746895,170.17,23.0219086520609,0.0,1,0,0,0,0,0,0,0.0
2026-09-01 02:00:00-03:00,SECO,7,40548.415482658165,170.17,24.307835128109915,0.0,1,0,0,0,0,0,0,0.0
2026-09-01 03:00:00-03:00,N,1,9319.75810063085,168.81,27.050270270270275,0.0,1,0,0,0,0,0,0,0.0
2026-09-01 03:00:00-03:00,N,7,9138.671057482505,168.81,27.31837837837838,0.0,1,0,0,0,0,0,0,0.0
2026-09-01 03:00:00-03:00,NE,1,13724.358912649051,168.8,24.88792270531401,0.0,1,0,0,0,0,0,0,0.0
2026-09-01 03:00:00-03:00,NE,7,13411.41425153019,168.8,24.65768115942029,0.0,1,0,0,0,0,0,0,0.0
2026-09-01 03:00:00-03:00,S,1,11213.60771210105,168.79,17.200824175824177,0.0,1,0,0,0,0,0,0,0.0
2026-09-01 03:00:00-03:00,S,7,11145.697948011484,168.79,16.68241758241758,0.0,1,0,0,0,0,0,0,0.0
2026-09-01 03:00:00-03:00,SECO,1,41319.685414405656,168.8,23.02577051615299,0.0,1,0,0,0,0,0,0,0.0
2026-09-01 03:00:00-03:00,SECO,7,39803.93634286733,168.8,23.949758633494245,0.0,1,0,0,0,0,0,0,0.0
2026-09-01 04:00:00-03:00,N,1,9060.020871731867,169.94,26.70468468468469,0.0,1,0,0,0,0,0,0,0.0
2026-09-01 04:00:00-03:00,N,7,8888.510552841657,169.94,27.38288288288288,0.0,1,0,0,0,0,0,0,0.0
2026-09-01 04:00:00-03:00,NE,1,13632.577681287068,169.93,24.752077294685996,0.0,1,0,0,0,0,0,0,0.0
2026-09-01 04:00:00-03:00,NE,7,13450.91812793535,169.93,24.997584541062803,0.0,1,0,0,0,0,0,0,0.0
2026-09-01 04:00:00-03:00,S,1,11291.35833359956,169.93,16.937362637362636,0.0,1,0,0,0,0,0,0,0.0
2026-09-01 04:00:00-03:00,S,7,11265.909463783206,169.93,16.626923076923077,0.0,1,0,0,0,0,0,0,0.0
2026-09-01 04:00:00-03:00,SECO,1,41299.39717820539,169.94,21.726104715930187,0.0,1,0,0,0,0,0,0,0.0
2026-09-01 04:00:00-03:00,SECO,7,40210.8883038494,169.94,23.698700334199778,0.0,1,0,0,0,0,0,0,0.0
2026-09-01 05:00:00-03:00,N,1,8846.840121468365,172.33,26.362522522522525,0.0,1,0,0,0,0,0,0,0.0
2026-09-01 05:00:00-03:00,N,7,8710.491053197962,172.33,27.583603603603606,0.0,1,0,0,0,0,0,0,0.0
2026-09-01 05:00:00-03:00,NE,1,13466.88096776644,172.32,24.62579710144928,10.560386473429952,1,0,0,0,0,0,0,0.0
2026-09-01 05:00:00-03:00,NE,7,13298.324690107163,172.32,25.544444444444444,10.257971014492751,1,0,0,0,0,0,0,0.0
2026-09-01 05:00:00-03:00,S,1,12231.78819632999,172.32,17.267032967032968,0.0,1,0,0,0,0,0,0,0.0
2026-09-01 05:00:00-03:00,S,7,12186.13980179519,172.32,16.6010989010989,0.0,1,0,0,0,0,0,0,0.0
2026-09-01 05:00:00-03:00,SECO,1,43103.12546055243,172.33,21.352655031563312,0.0118826587448941,1,0,0,0,0,0,0,0.0
2026-09-01 05:00:00-03:00,SECO,7,42106.07046935192,172.33,23.54526550315633,0.0,1,0,0,0,0,0,0,0.0
2026-09-01 06:00:00-03:00,N,1,8419.068022394995,171.48,26.123063063063064,27.354954954954955,1,0,0,0,0,0,0,0.0
2026-09-01 06:00:00-03:00,N,7,8384.637204740611,171.48,27.95585585585586,28.111711711711717,1,0,0,0,0,0,0,0.0
2026-09-01 06:00:00-03:00,NE,1,13535.822248823531,171.47,24.68193236714976,146.1487922705314,1,0,0,0,0,0,0,0.0
2026-09-01 06:00:00-03:00,NE,7,13430.820717256564,171.47,26.25371980676329,158.0550724637681,1,0,0,0,0,0,0,0.0
2026-09-01 06:00:00-03:00,S,1,13868.5238264419,171.47,16.90631868131868,6.076923076923076,1,0,0,0,0,0,0,0.0
2026-09-01 06:00:00-03:00,S,7,13899.596887266189,171.47,16.56043956043956,3.645604395604396,1,0,0,0,0,0,0,0.0
2026-09-01 06:00:00-03:00,SECO,1,45524.31751128314,171.48,21.34337170441886,23.211659858893423,1,0,0,0,0,0,0,0.0
2026-09-01 06:00:00-03:00,SECO,7,44822.23064532524,171.48,23.50571852952098,23.565911622725583,1,0,0,0,0,0,0,0.0
2026-09-01 07:00:00-03:00,N,1,8579.117825070902,131.27,26.52594594594595,167.00900900900902,1,0,0,0,0,0,0,0.0
2026-09-01 07:00:00-03:00,N,7,8499.399020434528,131.27,28.382162162162164,172.36216216216218,1,0,0,0,0,0,0,0.0
2026-09-01 07:00:00-03:00,NE,1,13972.416087796768,80.95,25.45256038647343,349.8579710144928,1,0,0,0,0,0,0,0.0
2026-09-01 07:00:00-03:00,NE,7,13846.285996303892,80.95,27.003478260869564,362.89951690821255,1,0,0,0,0,0,0,0.0
2026-09-01 07:00:00-03:00,S,1,15141.844520687326,157.33,16.729120879120877,62.67032967032967,1,0,0,0,0,0,0,0.0
2026-09-01 07:00:00-03:00,S,7,15132.406087856163,157.33,16.671153846153846,74.77197802197801,1,0,0,0,0,0,0,0.0
2026-09-01 07:00:00-03:00,SECO,1,47708.73177219036,157.34,21.59476420349053,166.11399925733383,1,0,0,0,0,0,0,0.0
2026-09-01 07:00:00-03:00,SECO,7,46682.60569884333,157.34,23.511362792424805,143.62161158559226,1,0,0,0,0,0,0,0.0
2026-09-01 08:00:00-03:00,N,1,9317.919810936482,57.31,27.833333333333336,384.61981981981984,1,0,0,0,0,0,0,0.0
2026-09-01 08:00:00-03:00,N,7,9157.627890588685,57.31,28.8609009009009,385.3891891891892,1,0,0,0,0,0,0,0.0
2026-09-01 08:00:00-03:00,NE,1,14623.508822411162,57.31,26.37207729468599,527.8183574879228,1,0,0,0,0,0,0,0.0
2026-09-01 08:00:00-03:00,NE,7,14374.236263015397,57.31,27.63874396135266,558.6260869565217,1,0,0,0,0,0,0,0.0
2026-09-01 08:00:00-03:00,S,1,16250.11661768533,79.09,17.106868131868133,170.78846153846152,1,0,0,0,0,0,0,0.0
2026-09-01 08:00:00-03:00,S,7,16052.143662078288,79.09,16.764285714285716,223.67582417582415,1,0,0,0,0,0,0,0.0
2026-09-01 08:00:00-03:00,SECO,1,49788.29748960624,79.1,22.73650204233197,272.80059413293725,1,0,0,0,0,0,0,0.0
2026-09-01 08:00:00-03:00,SECO,7,48118.02997129169,79.1,23.557482361678424,250.54066097289268,1,0,0,0,0,0,0,0.0
2026-09-01 09:00:00-03:00,N,1,9854.334192705586,57.31,29.32378378378379,570.9603603603604,1,0,0,0,0,0,0,0.0
2026-09-01 09:00:00-03:00,N,7,9712.530843931296,57.31,29.65495495495496,607.6378378378379,1,0,0,0,0,0,0,0.0
2026-09-01 09:00:00-03:00,NE,1,14813.989847582388,57.31,27.68309178743961,693.4357487922705,1,0,0,0,0,0,0,0.0
2026-09-01 09:00:00-03:00,NE,7,14439.11438804584,57.31,27.85584541062802,744.392270531401,1,0,0,0,0,0,0,0.0
2026-09-01 09:00:00-03:00,S,1,17074.84760822317,57.31,17.292032967032966,274.9230769230769,1,0,0,0,0,0,0,0.0
2026-09-01 09:00:00-03:00,S,7,16299.708640234589,57.31,14.796978021978022,352.65934065934067,1,0,0,0,0,0,0,0.0
2026-09-01 09:00:00-03:00,SECO,1,51136.96211972796,57.31,23.850946899368733,358.02227998514667,1,0,0,0,0,0,0,0.0
2026-09-01 09:00:00-03:00,SECO,7,48375.10170451884,57.31,22.65774229483847,369.16078722614185,1,0,0,0,0,0,0,0.0
2026-09-01 10:00:00-03:00,N,1,10070.406046994862,57.31,30.818198198198203,742.2774774774775,1,0,0,0,0,0,0,0.0
2026-09-01 10:00:00-03:00,N,7,9956.406805002744,57.31,30.394954954954954,765.5837837837838,1,0,0,0,0,0,0,0.0
2026-09-01 10:00:00-03:00,NE,1,15154.405651689804,57.31,28.36260869565217,800.1816425120774,1,0,0,0,0,0,0,0.0
2026-09-01 10:00:00-03:00,NE,7,14653.693734665449,57.31,28.19400966183575,844.7903381642512,1,0,0,0,0,0,0,0.0
2026-09-01 10:00:00-03:00,S,1,17567.333103856952,57.31,17.988736263736264,357.4285714285714,1,0,0,0,0,0,0,0.0
2026-09-01 10:00:00-03:00,S,7,16722.77678948854,57.31,15.106593406593408,451.4917582417583,1,0,0,0,0,0,0,0.0
2026-09-01 10:00:00-03:00,SECO,1,52056.56991110488,57.31,24.710508726327514,523.1645005569995,1,0,0,0,0,0,0,0.0
2026-09-01 10:00:00-03:00,SECO,7,49914.32802892821,57.31,22.6515038989974,440.2543631637579,1,0,0,0,0,0,0,0.0
2026-09-01 11:00:00-03:00,N,1,10225.4429015011,57.31,32.19513513513514,880.664864864865,1,0,0,0,0,0,0,0.0
2026-09-01 11:00:00-03:00,N,7,10123.8811027117,57.31,31.394774774774778,866.3333333333335,1,0,0,0,0,0,0,0.0
2026-09-01 11:00:00-03:00,NE,1,15219.70693388364,57.31,28.838164251207733,830.3275362318841,1,0,0,0,0,0,0,0.0
2026-09-01 11:00:00-03:00,NE,7,14663.927107451693,57.31,28.438550724637683,880.359420289855,1,0,0,0,0,0,0,0.0
2026-09-01 11:00:00-03:00,S,1,17344.18198154134,57.31,19.04945054945055,475.5412087912088,1,0,0,0,0,0,0,0.0
2026-09-01 11:00:00-03:00,S,7,16463.72169378659,57.31,15.60412087912088,517.8241758241759,1,0,0,0,0,0,0,0.0
2026-09-01 11:00:00-03:00,SECO,1,52989.847838520574,57.31,25.03215744522837,599.0185666542889,1,0,0,0,0,0,0,0.0
2026-09-01 11:00:00-03:00,SECO,7,51165.60339370904,57.31,22.790939472707016,471.8418121054586,1,0,0,0,0,0,0,0.0
2026-09-01 12:00:00-03:00,N,1,10068.875796302096,57.31,33.34180180180181,901.0864864864866,1,0,0,0,0,0,0,0.0
2026-09-01 12:00:00-03:00,N,7,9943.635382854014,57.31,32.46108108108108,900.646846846847,1,0,0,0,0,0,0,0.0
2026-09-01 12:00:00-03:00,NE,1,14795.4538390341,57.31,29.23072463768116,852.1545893719807,1,0,0,0,0,0,0,0.0
2026-09-01 12:00:00-03:00,NE,7,14359.388503694016,57.31,28.65797101449275,847.7574879227053,1,0,0,0,0,0,0,0.0
2026-09-01 12:00:00-03:00,S,1,16096.2333177055,57.31,20.150824175824177,593.9917582417584,1,0,0,0,0,0,0,0.0
2026-09-01 12:00:00-03:00,S,7,14981.059797133996,57.31,16.171978021978024,544.206043956044,1,0,0,0,0,0,0,0.0
2026-09-01 12:00:00-03:00,SECO,1,51801.87819695458,57.31,25.491459339027102,502.19494987003344,1,0,0,0,0,0,0,0.0
2026-09-01 12:00:00-03:00,SECO,7,49547.44414634814,57.31,22.942666171555885,462.4203490531006,1,0,0,0,0,0,0,0.0
2026-09-01 13:00:00-03:00,N,1,10531.740797855502,57.31,33.83747747747748,851.0666666666667,1,0,0,0,0,0,0,0.0
2026-09-01 13:00:00-03:00,N,7,10510.657323854315,57.31,33.439099099099096,866.8882882882883,1,0,0,0,0,0,0,0.0
2026-09-01 13:00:00-03:00,NE,1,15270.041058818228,57.31,29.3287922705314,747.3613526570048,1,0,0,0,0,0,0,0.0
2026-09-01 13:00:00-03:00,NE,7,14661.63894703635,57.31,28.790434782608692,749.8251207729469,1,0,0,0,0,0,0,0.0
2026-09-01 13:00:00-03:00,S,1,16221.57275241604,57.31,20.54423076923077,643.5741758241759,1,0,0,0,0,0,0,0.0
2026-09-01 13:00:00-03:00,S,7,15141.11490239201,57.31,16.65467032967033,527.3626373626374,1,0,0,0,0,0,0,0.0
2026-09-01 13:00:00-03:00,SECO,1,52047.21985754832,57.31,25.317304121797253,483.6260675826216,1,0,0,0,0,0,0,0.0
2026-09-01 13:00:00-03:00,SECO,7,49727.33194370949,57.31,23.04998143334571,415.58150761232827,1,0,0,0,0,0,0,0.0
2026-09-01 14:00:00-03:00,N,1,10820.273107294204,76.95,33.88576576576577,764.5333333333333,1,0,0,0,0,0,0,0.0
2026-09-01 14:00:00-03:00,N,7,10882.064242889785,76.95,34.13243243243244,767.0270270270271,1,0,0,0,0,0,0,0.0
2026-09-01 14:00:00-03:00,NE,1,15391.513486562926,76.94,29.028212560386475,603.3710144927536,1,0,0,0,0,0,0,0.0
2026-09-01 14:00:00-03:00,NE,7,15059.652883580322,76.94,28.831304347826087,595.0956521739131,1,0,0,0,0,0,0,0.0
2026-09-01 14:00:00-03:00,S,1,16164.268298982768,76.94,21.045054945054947,587.7967032967033,1,0,0,0,0,0,0,0.0
2026-09-01 14:00:00-03:00,S,7,15159.70581006459,76.94,16.964285714285715,466.2802197802198,1,0,0,0,0,0,0,0.0
2026-09-01 14:00:00-03:00,SECO,1,53615.42766465225,76.95,25.43486817675455,326.7211288525808,1,0,0,0,0,0,0,0.0
2026-09-01 14:00:00-03:00,SECO,7,50754.17684636359,76.95,23.061975492016337,337.27181581878943,1,0,0,0,0,0,0,0.0
2026-09-01 15:00:00-03:00,N,1,10598.980904546512,171.42,33.46396396396396,589.7297297297298,1,0,0,0,0,0,0,0.0
2026-09-01 15:00:00-03:00,N,7,10564.61252827804,171.42,34.43891891891892,586.9675675675676,1,0,0,0,0,0,0,0.0
2026-09-01 15:00:00-03:00,NE,1,15615.790157847525,171.41,28.761739130434783,391.33719806763287,1,0,0,0,0,0,0,0.0
2026-09-01 15:00:00-03:00,NE,7,15174.282206190504,171.41,28.75400966183575,383.4840579710145,1,0,0,0,0,0,0,0.0
2026-09-01 15:00:00-03:00,S,1,16254.626577021312,171.4,20.637637362637363,422.8131868131868,1,0,0,0,0,0,0,0.0
2026-09-01 15:00:00-03:00,S,7,15149.671645214712,171.4,16.9739010989011,381.9368131868132,1,0,0,0,0,0,0,0.0
2026-09-01 15:00:00-03:00,SECO,1,54019.75436820454,171.41,25.450129966580025,244.428147047902,1,0,0,0,0,0,0,0.0
2026-09-01 15:00:00-03:00,SECO,7,50536.60233007847,171.41,22.913590790939477,203.87077608614928,1,0,0,0,0,0,0,0.0
2026-09-01 16:00:00-03:00,N,1,10179.193209756117,184.29,32.5972972972973,392.4990990990992,1,0,0,0,0,0,0,0.0
2026-09-01 16:00:00-03:00,N,7,10178.269432387884,184.29,34.204144144144145,399.30450450450456,1,0,0,0,0,0,0,0.0
2026-09-01 16:00:00-03:00,NE,1,15794.097580566877,184.28,28.246763285024155,164.6647342995169,1,0,0,0,0,0,0,0.0
2026-09-01 16:00:00-03:00,NE,7,15309.554778300108,184.28,28.521352657004837,168.55555555555554,1,0,0,0,0,0,0,0.0
2026-09-01 16:00:00-03:00,S,1,16718.771546905402,184.27,19.911813186813188,251.6758241758242,1,0,0,0,0,0,0,0.0
2026-09-01 16:00:00-03:00,S,7,15609.8748433763,184.27,16.525274725274727,235.19505494505492,1,0,0,0,0,0,0,0.0
2026-09-01 16:00:00-03:00,SECO,1,54476.603605002456,184.28,24.9464909023394,111.23022651318232,1,0,0,0,0,0,0,0.0
2026-09-01 16:00:00-03:00,SECO,7,50654.71367325199,184.28,22.54151503898997,118.69105087263276,1,0,0,0,0,0,0,0.0
2026-09-01 17:00:00-03:00,N,1,9622.8348606815,227.71,32.134774774774776,182.9423423423424,1,0,0,0,0,0,0,0.0
2026-09-01 17:00:00-03:00,N,7,9487.261995824329,227.71,33.52306306306306,188.6054054054054,1,0,0,0,0,0,0,0.0
2026-09-01 17:00:00-03:00,NE,1,15552.706907425516,227.71,27.517971014492755,13.098550724637684,1,0,0,0,0,0,0,0.0
2026-09-01 17:00:00-03:00,NE,7,15124.938793761765,227.71,28.14202898550725,11.890821256038649,1,0,0,0,0,0,0,0.0
2026-09-01 17:00:00-03:00,S,1,16779.374517939374,227.71,19.03736263736264,70.87637362637363,1,0,0,0,0,0,0,0.0
2026-09-01 17:00:00-03:00,S,7,16033.634942163111,227.71,15.791483516483517,67.6923076923077,1,0,0,0,0,0,0,0.0
2026-09-01 17:00:00-03:00,SECO,1,53427.71661785023,227.71,23.992536204975863,30.67694021537319,1,0,0,0,0,0,0,0.0
2026-09-01 17:00:00-03:00,SECO,7,50555.22204664088,227.71,21.990790939472703,35.92721871518752,1,0,0,0,0,0,0,0.0
2026-09-01 18:00:00-03:00,N,1,9498.30051506506,1611.04,31.5954954954955,34.16936936936937,1,0,0,0,0,0,0,0.0
2026-09-01 18:00:00-03:00,N,7,9323.770532165929,1611.04,32.60378378378378,35.05585585585586,1,0,0,0,0,0,0,0.0
2026-09-01 18:00:00-03:00,NE,1,15886.2997864912,1611.04,26.938454106280197,0.0,1,0,0,0,0,0,0,0.0
2026-09-01 18:00:00-03:00,NE,7,15620.378697907085,1611.04,27.680772946859904,0.0,1,0,0,0,0,0,0,0.0
2026-09-01 18:00:00-03:00,S,1,17603.68892051027,1611.04,16.27445054945055,0.3653846153846154,1,0,0,0,0,0,0,0.0
2026-09-01 18:00:00-03:00,S,7,17419.267209118603,1611.04,14.835989010989012,0.0,1,0,0,0,0,0,0,0.0
2026-09-01 18:00:00-03:00,SECO,1,55563.07137584754,1611.04,22.98789454140364,3.519123653917564,1,0,0,0,0,0,0,0.0
2026-09-01 18:00:00-03:00,SECO,7,52752.754197486254,1611.04,21.303304864463424,3.723356851095432,1,0,0,0,0,0,0,0.0
2026-09-01 19:00:00-03:00,N,1,9999.55965225602,956.12,30.81927927927928,0.0,1,0,0,0,0,0,0,0.0
2026-09-01 19:00:00-03:00,N,7,9881.350207818416,956.12,31.605765765765767,0.0,1,0,0,0,0,0,0,0.0
2026-09-01 19:00:00-03:00,NE,1,15836.492430537572,956.12,26.72096618357488,0.0,1,0,0,0,0,0,0,0.0
2026-09-01 19:00:00-03:00,NE,7,15532.771121333706,956.12,27.167826086956524,0.0,1,0,0,0,0,0,0,0.0
2026-09-01 19:00:00-03:00,S,1,18176.55478003061,956.12,15.383791208791209,0.0,1,0,0,0,0,0,0,0.0
2026-09-01 19:00:00-03:00,S,7,17785.687191557357,956.12,13.850824175824176,0.0,1,0,0,0,0,0,0,0.0
2026-09-01 19:00:00-03:00,SECO,1,54996.76084361812,956.12,22.207835128109917,0.1240252506498328,1,0,0,0,0,0,0,0.0
2026-09-01 19:00:00-03:00,SECO,7,52286.502327423485,956.12,20.61652432231712,0.0802079465280356,1,0,0,0,0,0,0,0.0
2026-09-01 20:00:00-03:00,N,1,10199.000270259512,236.55,30.17441441441441,0.0,1,0,0,0,0,0,0,0.0
2026-09-01 20:00:00-03:00,N,7,10055.141766825089,236.55,30.630990990990995,0.0,1,0,0,0,0,0,0,0.0
2026-09-01 20:00:00-03:00,NE,1,15837.7215113962,236.55,26.452077294685992,0.0,1,0,0,0,0,0,0,0.0
2026-09-01 20:00:00-03:00,NE,7,15394.576990861942,236.55,26.669951690821257,0.0,1,0,0,0,0,0,0,0.0
2026-09-01 20:00:00-03:00,S,1,17281.489138441495,236.55,14.967582417582417,0.0,1,0,0,0,0,0,0,0.0
2026-09-01 20:00:00-03:00,S,7,16950.432832272538,236.55,12.929120879120878,0.0,1,0,0,0,0,0,0,0.0
2026-09-01 20:00:00-03:00,SECO,1,54431.96365498254,236.55,21.68800594132937,0.0,1,0,0,0,0,0,0,0.0
2026-09-01 20:00:00-03:00,SECO,7,51638.800332358,236.55,19.98574080950613,0.0,1,0,0,0,0,0,0,0.0
2026-09-01 21:00:00-03:00,N,1,10449.749596805535,201.34,29.444144144144147,0.0,1,0,0,0,0,0,0,0.0
2026-09-01 21:00:00-03:00,N,7,10262.22150229606,201.34,29.793693693693697,0.0,1,0,0,0,0,0,0,0.0
2026-09-01 21:00:00-03:00,NE,1,16263.164055763587,201.33,26.16502415458937,0.0,1,0,0,0,0,0,0,0.0
2026-09-01 21:00:00-03:00,NE,7,15653.75043844704,201.33,26.076908212560387,0.0,1,0,0,0,0,0,0,0.0
2026-09-01 21:00:00-03:00,S,1,16396.416773707377,201.33,14.83846153846154,0.0,1,0,0,0,0,0,0,0.0
2026-09-01 21:00:00-03:00,S,7,15877.125254729111,201.33,14.25054945054945,0.0,1,0,0,0,0,0,0,0.0
2026-09-01 21:00:00-03:00,SECO,1,52367.00629089717,201.34,19.83356851095433,0.0,1,0,0,0,0,0,0,0.0
2026-09-01 21:00:00-03:00,SECO,7,50255.17191341162,201.34,21.20976606015596,0.0,1,0,0,0,0,0,0,0.0
2026-09-01 22:00:00-03:00,N,1,10524.345393377656,188.33,28.934774774774777,0.0,1,0,0,0,0,0,0,0.0
2026-09-01 22:00:00-03:00,N,7,10364.81024187991,188.33,29.163243243243244,0.0,1,0,0,0,0,0,0,0.0
2026-09-01 22:00:00-03:00,NE,1,16023.307514692156,188.32,25.908599033816422,0.0,1,0,0,0,0,0,0,0.0
2026-09-01 22:00:00-03:00,NE,7,15413.743616577203,188.32,25.700096618357488,0.0,1,0,0,0,0,0,0,0.0
2026-09-01 22:00:00-03:00,S,1,14948.413597605077,188.32,14.331593406593408,0.0,1,0,0,0,0,0,0,0.0
2026-09-01 22:00:00-03:00,S,7,14603.162188439872,188.32,13.516758241758245,0.0,1,0,0,0,0,0,0,0.0
2026-09-01 22:00:00-03:00,SECO,1,49290.60126640517,188.33,19.380393613070925,0.0,1,0,0,0,0,0,0,0.0
2026-09-01 22:00:00-03:00,SECO,7,47356.48475230861,188.33,20.524842183438544,0.0,1,0,0,0,0,0,0,0.0
2026-09-01 23:00:00-03:00,N,1,10435.277988258713,182.04,28.600900900900903,0.0,1,0,0,0,0,0,0,0.0
2026-09-01 23:00:00-03:00,N,7,10266.569634019694,182.04,28.505945945945943,0.0,1,0,0,0,0,0,0,0.0
2026-09-01 23:00:00-03:00,NE,1,15560.747133086566,182.04,25.78985507246377,0.0,1,0,0,0,0,0,0,0.0
2026-09-01 23:00:00-03:00,NE,7,14926.461628497573,182.04,25.29864734299517,0.0,1,0,0,0,0,0,0,0.0
2026-09-01 23:00:00-03:00,S,1,13375.688499964494,182.03,13.956043956043956,0.0,1,0,0,0,0,0,0,0.0
2026-09-01 23:00:00-03:00,S,7,13008.1733739558,182.03,13.01401098901099,0.0,1,0,0,0,0,0,0,0.0
2026-09-01 23:00:00-03:00,SECO,1,45924.57327432783,182.04,18.884292610471597,0.0,1,0,0,0,0,0,0,0.0
2026-09-01 23:00:00-03:00,SECO,7,44070.36274049726,182.04,19.91633865577423,0.0,1,0,0,0,0,0,0,0.0
2026-09-02 00:00:00-03:00,N,1,10187.061443494667,185.06,28.20756756756757,0.0,2,0,0,0,0,0,0,0.0
2026-09-02 00:00:00-03:00,N,7,10043.414557196817,185.06,27.922162162162163,0.0,2,0,0,0,0,0,0,0.0
2026-09-02 00:00:00-03:00,NE,1,15003.898565798989,185.05,25.58454106280193,0.0,2,0,0,0,0,0,0,0.0
2026-09-02 00:00:00-03:00,NE,7,14455.992557174866,185.05,24.97265700483092,0.0,2,0,0,0,0,0,0,0.0
2026-09-02 00:00:00-03:00,S,1,11881.30158885603,185.04,13.66813186813187,0.0,2,0,0,0,0,0,0,0.0
2026-09-02 00:00:00-03:00,S,7,11558.94806404176,185.04,12.65989010989011,0.0,2,0,0,0,0,0,0,0.0
2026-09-02 00:00:00-03:00,SECO,1,42484.780832364806,185.05,18.445896769402157,0.0,2,0,0,0,0,0,0,0.0
2026-09-02 00:00:00-03:00,SECO,7,41112.68150892596,185.05,19.464574823616783,0.0,2,0,0,0,0,0,0,0.0
2026-09-02 01:00:00-03:00,N,1,9877.83267365666,181.61,27.78936936936937,0.0,2,0,0,0,0,0,0,0.0
2026-09-02 01:00:00-03:00,N,7,9712.238274356216,181.61,27.412432432432432,0.0,2,0,0,0,0,0,0,0.0
2026-09-02 01:00:00-03:00,NE,1,14418.437326341378,181.6,25.23526570048309,0.0,2,0,0,0,0,0,0,0.0
2026-09-02 01:00:00-03:00,NE,7,14077.920375479696,181.6,24.73352657004831,0.0,2,0,0,0,0,0,0,0.0
2026-09-02 01:00:00-03:00,S,1,11165.930546991798,181.59,13.316758241758242,0.0,2,0,0,0,0,0,0,0.0
2026-09-02 01:00:00-03:00,S,7,10855.6912496986,181.59,12.442307692307692,0.0,2,0,0,0,0,0,0,0.0
2026-09-02 01:00:00-03:00,SECO,1,40037.38958125142,181.6,18.0040103973264,0.0,2,0,0,0,0,0,0,0.0
2026-09-02 01:00:00-03:00,SECO,7,38869.01034729728,181.6,19.10675826216116,0.0,2,0,0,0,0,0,0,0.0
2026-09-02 02:00:00-03:00,N,1,9643.444812600916,178.46,27.403063063063065,0.0,2,0,0,0,0,0,0,0.0
2026-09-02 02:00:00-03:00,N,7,9434.887458899011,178.46,27.063963963963964,0.0,2,0,0,0,0,0,0,0.0
2026-09-02 02:00:00-03:00,NE,1,14134.92147006069,178.45,25.01304347826087,0.0,2,0,0,0,0,0,0,0.0
2026-09-02 02:00:00-03:00,NE,7,13770.074388523151,178.45,24.64405797101449,0.0,2,0,0,0,0,0,0,0.0
2026-09-02 02:00:00-03:00,S,1,10726.531391473402,178.44,12.873626373626374,0.0,2,0,0,0,0,0,0,0.0
2026-09-02 02:00:00-03:00,S,7,10422.918642463956,178.44,12.288186813186812,0.0,2,0,0,0,0,0,0,0.0
2026-09-02 02:00:00-03:00,SECO,1,39198.93171368341,178.45,17.608949127367246,0.0,2,0,0,0,0,0,0,0.0
2026-09-02 02:00:00-03:00,SECO,7,37716.524178337575,178.45,18.84151503898997,0.0,2,0,0,0,0,0,0,0.0
2026-09-02 03:00:00-03:00,N,1,9411.274897038951,175.86,27.12864864864865,0.0,2,0,0,0,0,0,0,0.0
2026-09-02 03:00:00-03:00,N,7,9189.202859744664,175.86,26.93225225225225,0.0,2,0,0,0,0,0,0,0.0
2026-09-02 03:00:00-03:00,NE,1,13928.161385987692,175.85,24.78289855072464,0.0,2,0,0,0,0,0,0,0.0
2026-09-02 03:00:00-03:00,NE,7,13600.099728454885,175.85,24.72347826086957,0.0,2,0,0,0,0,0,0,0.0
2026-09-02 03:00:00-03:00,S,1,10542.76255212384,175.84,12.484615384615385,0.0,2,0,0,0,0,0,0,0.0
2026-09-02 03:00:00-03:00,S,7,10291.62364246396,175.84,12.221978021978025,0.0,2,0,0,0,0,0,0,0.0
2026-09-02 03:00:00-03:00,SECO,1,38596.84748704211,175.85,17.386149275900483,0.0,2,0,0,0,0,0,0,0.0
2026-09-02 03:00:00-03:00,SECO,7,36771.903640068624,175.85,18.713070924619384,0.0,2,0,0,0,0,0,0,0.0
2026-09-02 04:00:00-03:00,N,1,9235.091377492152,177.02,26.72828828828829,0.0,2,0,0,0,0,0,0,0.0
2026-09-02 04:00:00-03:00,N,7,9007.10630985479,177.02,27.019099099099098,0.0,2,0,0,0,0,0,0,0.0
2026-09-02 04:00:00-03:00,NE,1,13761.84896099038,177.01,24.560289855072465,0.0,2,0,0,0,0,0,0,0.0
2026-09-02 04:00:00-03:00,NE,7,13435.585171383367,177.01,25.06193236714976,0.0,2,0,0,0,0,0,0,0.0
2026-09-02 04:00:00-03:00,S,1,10500.85452198906,177.0,11.695604395604397,0.0,2,0,0,0,0,0,0,0.0
2026-09-02 04:00:00-03:00,S,7,10407.705574311149,177.0,12.188186813186814,0.0,2,0,0,0,0,0,0,0.0
2026-09-02 04:00:00-03:00,SECO,1,38949.19278539637,177.01,17.270998886000744,0.0,2,0,0,0,0,0,0,0.0
2026-09-02 04:00:00-03:00,SECO,7,37030.97960741183,177.01,18.73122911251393,0.0,2,0,0,0,0,0,0,0.0
2026-09-02 05:00:00-03:00,N,1,9043.424764259664,180.34,26.450270270270277,0.0,2,0,0,0,0,0,0,0.0
2026-09-02 05:00:00-03:00,N,7,8829.04150908425,180.34,27.27531531531532,0.0,2,0,0,0,0,0,0,0.0
2026-09-02 05:00:00-03:00,NE,1,13454.43978028142,180.33,24.358454106280195,11.653140096618358,2,0,0,0,0,0,0,0.0
2026-09-02 05:00:00-03:00,NE,7,13405.353501589429,180.33,25.70299516908213,11.817391304347826,2,0,0,0,0,0,0,0.0
2026-09-02 05:00:00-03:00,S,1,11405.401475678398,180.33,11.098626373626374,0.0,2,0,0,0,0,0,0,0.0
2026-09-02 05:00:00-03:00,S,7,11302.571557450436,180.33,12.303021978021976,0.0,2,0,0,0,0,0,0,0.0
2026-09-02 05:00:00-03:00,SECO,1,40763.05033040365,180.34,17.14790196806535,0.0,2,0,0,0,0,0,0,0.0
2026-09-02 05:00:00-03:00,SECO,7,39218.14310173876,180.34,18.91076865948756,0.0,2,0,0,0,0,0,0,0.0
2026-09-02 06:00:00-03:00,N,1,8618.605476225213,181.2,26.16558558558559,25.61801801801802,2,0,0,0,0,0,0,0.0
2026-09-02 06:00:00-03:00,N,7,8474.718090780028,181.2,27.71189189189189,28.34234234234234,2,0,0,0,0,0,0,0.0
2026-09-02 06:00:00-03:00,NE,1,13521.145679786969,181.19,24.410917874396134,155.343961352657,2,0,0,0,0,0,0,0.0
2026-09-02 06:00:00-03:00,NE,7,13451.039867032972,181.19,26.485314009661835,175.52173913043478,2,0,0,0,0,0,0,0.0
2026-09-02 06:00:00-03:00,S,1,12927.01799812602,181.18,10.848626373626374,7.590659340659341,2,0,0,0,0,0,0,0.0
2026-09-02 06:00:00-03:00,S,7,12956.233989099388,181.18,12.420604395604396,4.914835164835164,2,0,0,0,0,0,0,0.0
2026-09-02 06:00:00-03:00,SECO,1,43473.81564924815,181.19,16.994392870404752,26.02265131823245,2,0,0,0,0,0,0,0.0
2026-09-02 06:00:00-03:00,SECO,7,42047.64668672634,181.19,19.170330486446343,25.094689936873376,2,0,0,0,0,0,0,0.0
2026-09-02 07:00:00-03:00,N,1,8661.023900078597,172.82,26.45783783783784,169.35495495495496,2,0,0,0,0,0,0,0.0
2026-09-02 07:00:00-03:00,N,7,8524.907162699497,172.82,28.231711711711714,174.42162162162165,2,0,0,0,0,0,0,0.0
2026-09-02 07:00:00-03:00,NE,1,14198.95055062115,172.81,25.66231884057971,362.54782608695655,2,0,0,0,0,0,0,0.0
2026-09-02 07:00:00-03:00,NE,7,14008.085943342016,172.81,27.289178743961354,398.424154589372,2,0,0,0,0,0,0,0.0
2026-09-02 07:00:00-03:00,S,1,14361.157768065235,172.81,11.146978021978022,98.24725274725274,2,0,0,0,0,0,0,0.0
2026-09-02 07:00:00-03:00,S,7,14141.766186879351,172.81,12.701648351648352,96.57692307692308,2,0,0,0,0,0,0,0.0
2026-09-02 07:00:00-03:00,SECO,1,45369.25554008568,172.82,17.077534348310433,164.976606015596,2,0,0,0,0,0,0,0.0
2026-09-02 07:00:00-03:00,SECO,7,43893.42870707168,172.82,19.55555142963238,168.01411065725955,2,0,0,0,0,0,0,0.0
2026-09-02 08:00:00-03:00,N,1,9289.730636540444,68.74,27.705585585585585,395.25765765765766,2,0,0,0,0,0,0,0.0
2026-09-02 08:00:00-03:00,N,7,9107.50727345599,68.74,28.825225225225225,380.7711711711712,2,0,0,0,0,0,0,0.0
2026-09-02 08:00:00-03:00,NE,1,14826.449691881608,68.73,27.030434782608697,533.9497584541062,2,0,0,0,0,0,0,0.0
2026-09-02 08:00:00-03:00,NE,7,14428.198837350024,68.73,27.97990338164251,566.0144927536232,2,0,0,0,0,0,0,0.0
2026-09-02 08:00:00-03:00,S,1,15366.098535309571,68.73,12.239835164835164,245.7692307692308,2,0,0,0,0,0,0,0.0
2026-09-02 08:00:00-03:00,S,7,14631.983636343832,68.73,13.08956043956044,273.1565934065934,2,0,0,0,0,0,0,0.0
2026-09-02 08:00:00-03:00,SECO,1,47788.30735272638,68.74,18.04519123653917,293.3821017452655,2,0,0,0,0,0,0,0.0
2026-09-02 08:00:00-03:00,SECO,7,45730.26037775336,68.74,19.999962866691423,247.52060898626067,2,0,0,0,0,0,0,0.0
2026-09-02 09:00:00-03:00,N,1,9821.986983609237,57.31,29.629909909909912,598.4954954954956,2,0,0,0,0,0,0,0.0
2026-09-02 09:00:00-03:00,N,7,9610.13451624268,57.31,29.398738738738743,609.7855855855856,2,0,0,0,0,0,0,0.0
2026-09-02 09:00:00-03:00,NE,1,15153.226115917929,57.31,28.29033816425121,701.0067632850241,2,0,0,0,0,0,0,0.0
2026-09-02 09:00:00-03:00,NE,7,14728.758693667502,57.31,28.270628019323677,735.992270531401,2,0,0,0,0,0,0,0.0
2026-09-02 09:00:00-03:00,S,1,15439.774890954366,57.31,14.517582417582418,466.2967032967033,2,0,0,0,0,0,0,0.0
2026-09-02 09:00:00-03:00,S,7,15338.021765599764,57.31,13.229945054945055,525.217032967033,2,0,0,0,0,0,0,0.0
2026-09-02 09:00:00-03:00,SECO,1,49024.31194956484,57.31,19.39346453769031,446.5064983290012,2,0,0,0,0,0,0,0.0
2026-09-02 09:00:00-03:00,SECO,7,48997.34279281868,57.31,20.76297809134794,423.8024507983661,2,0,0,0,0,0,0,0.0
2026-09-02 10:00:00-03:00,N,1,10161.778979409826,57.31,31.212792792792797,761.3423423423424,2,0,0,0,0,0,0,0.0
2026-09-02 10:00:00-03:00,N,7,10013.881227314128,57.31,30.081621621621625,766.8918918918919,2,0,0,0,0,0,0,0.0
2026-09-02 10:00:00-03:00,NE,1,15393.217545688756,57.31,29.251304347826085,827.0985507246378,2,0,0,0,0,0,0,0.0
2026-09-02 10:00:00-03:00,NE,7,14998.963942629574,57.31,28.60154589371981,832.7275362318841,2,0,0,0,0,0,0,0.0
2026-09-02 10:00:00-03:00,S,1,15805.349508019724,57.31,16.310714285714287,624.3076923076923,2,0,0,0,0,0,0,0.0
2026-09-02 10:00:00-03:00,S,7,15613.051598950698,57.31,14.146428571428572,677.7802197802198,2,0,0,0,0,0,0,0.0
2026-09-02 10:00:00-03:00,SECO,1,49955.04882584796,57.31,20.714890456739692,541.2580764946157,2,0,0,0,0,0,0,0.0
2026-09-02 10:00:00-03:00,SECO,7,50535.33988769779,57.31,21.29591533605644,529.8967694021537,2,0,0,0,0,0,0,0.0
2026-09-02 11:00:00-03:00,N,1,10342.31352930992,57.31,32.47387387387388,894.8702702702703,2,0,0,0,0,0,0,0.0
2026-09-02 11:00:00-03:00,N,7,10274.97786441356,57.31,31.00594594594595,864.8684684684686,2,0,0,0,0,0,0,0.0
2026-09-02 11:00:00-03:00,NE,1,15363.47840967628,57.31,29.82628019323672,851.7333333333333,2,0,0,0,0,0,0,0.0
2026-09-02 11:00:00-03:00,NE,7,14939.919278420612,57.31,28.84531400966184,866.1574879227053,2,0,0,0,0,0,0,0.0
2026-09-02 11:00:00-03:00,S,1,15233.15521048154,57.31,17.479945054945055,769.6868131868132,2,0,0,0,0,0,0,0.0
2026-09-02 11:00:00-03:00,S,7,15333.995352357371,57.31,15.384615384615383,777.1978021978022,2,0,0,0,0,0,0,0.0
2026-09-02 11:00:00-03:00,SECO,1,50795.11349247779,57.31,21.868548087634608,694.3137764574824,2,0,0,0,0,0,0,0.0
2026-09-02 11:00:00-03:00,SECO,7,50581.47382214862,57.31,21.98633494244337,595.1414779056814,2,0,0,0,0,0,0,0.0
2026-09-02 12:00:00-03:00,N,1,10461.012279309918,57.31,33.54756756756757,912.6306306306308,2,0,0,0,0,0,0,0.0
2026-09-02 12:00:00-03:00,N,7,10409.45953183255,57.31,32.01351351351352,895.2684684684685,2,0,0,0,0,0,0,0.0
2026-09-02 12:00:00-03:00,NE,1,15002.42922536222,57.31,29.94338164251208,878.656038647343,2,0,0,0,0,0,0,0.0
2026-09-02 12:00:00-03:00,NE,7,14546.656047245877,57.31,29.050144927536238,834.1797101449275,2,0,0,0,0,0,0,0.0
2026-09-02 12:00:00-03:00,S,1,13655.428425116164,57.31,18.500549450549453,825.6758241758242,2,0,0,0,0,0,0,0.0
2026-09-02 12:00:00-03:00,S,7,14282.951060963804,57.31,16.79313186813187,809.9945054945056,2,0,0,0,0,0,0,0.0
2026-09-02 12:00:00-03:00,SECO,1,50285.68204335265,57.31,23.067879688080208,728.4727070181953,2,0,0,0,0,0,0,0.0
2026-09-02 12:00:00-03:00,SECO,7,49635.494585749846,57.31,22.78492387671741,611.289268473821,2,0,0,0,0,0,0,0.0
2026-09-02 13:00:00-03:00,N,1,10798.04744147615,57.31,34.0227027027027,891.8504504504506,2,0,0,0,0,0,0,0.0
2026-09-02 13:00:00-03:00,N,7,10819.604819446062,57.31,32.914054054054056,856.5891891891893,2,0,0,0,0,0,0,0.0
2026-09-02 13:00:00-03:00,NE,1,14761.800607947518,57.31,30.0512077294686,775.9565217391305,2,0,0,0,0,0,0,0.0
2026-09-02 13:00:00-03:00,NE,7,14213.706905432024,57.31,29.12338164251208,739.1507246376812,2,0,0,0,0,0,0,0.0
2026-09-02 13:00:00-03:00,S,1,13751.333668843614,57.31,19.33324175824176,769.7115384615385,2,0,0,0,0,0,0,0.0
2026-09-02 13:00:00-03:00,S,7,14385.109833352566,57.31,18.053021978021977,771.6126373626374,2,0,0,0,0,0,0,0.0
2026-09-02 13:00:00-03:00,SECO,1,50319.29989599799,57.31,23.533271444485703,713.4805050129967,2,0,0,0,0,0,0,0.0
2026-09-02 13:00:00-03:00,SECO,7,50040.7327763248,57.31,23.48871147419235,575.717415521723,2,0,0,0,0,0,0,0.0
2026-09-02 14:00:00-03:00,N,1,11036.442008678398,57.31,34.04360360360361,763.5117117117118,2,0,0,0,0,0,0,0.0
2026-09-02 14:00:00-03:00,N,7,11120.798656164085,57.31,33.5990990990991,752.963963963964,2,0,0,0,0,0,0,0.0
2026-09-02 14:00:00-03:00,NE,1,15447.175222537164,57.31,29.863961352657004,611.5333333333333,2,0,0,0,0,0,0,0.0
2026-09-02 14:00:00-03:00,NE,7,14981.6264174601,57.31,29.13410628019324,588.2599033816425,2,0,0,0,0,0,0,0.0
2026-09-02 14:00:00-03:00,S,1,13970.627643203352,57.31,19.829395604395607,661.4862637362638,2,0,0,0,0,0,0,0.0
2026-09-02 14:00:00-03:00,S,7,14544.18471761214,57.31,18.95467032967033,664.7142857142857,2,0,0,0,0,0,0,0.0
2026-09-02 14:00:00-03:00,SECO,1,50400.45685770943,57.31,23.176568882287413,572.6836242109172,2,0,0,0,0,0,0,0.0
2026-09-02 14:00:00-03:00,SECO,7,50276.90717446831,57.31,23.97059041960639,491.14259190493874,2,0,0,0,0,0,0,0.0
2026-09-02 15:00:00-03:00,N,1,10878.791815650817,173.82,33.27981981981982,607.609009009009,2,0,0,0,0,0,0,0.0
2026-09-02 15:00:00-03:00,N,7,10981.881888225998,173.82,33.8609009009009,562.5027027027028,2,0,0,0,0,0,0,0.0
2026-09-02 15:00:00-03:00,NE,1,15942.433151800687,173.81,29.24946859903382,398.6270531400966,2,0,0,0,0,0,0,0.0
2026-09-02 15:00:00-03:00,NE,7,15261.594464121428,173.81,29.041256038647344,385.824154589372,2,0,0,0,0,0,0,0.0
2026-09-02 15:00:00-03:00,S,1,14421.45395450966,173.8,20.025824175824177,501.25824175824175,2,0,0,0,0,0,0,0.0
2026-09-02 15:00:00-03:00,S,7,14552.763509057771,173.8,19.234615384615385,474.0521978021978,2,0,0,0,0,0,0,0.0
2026-09-02 15:00:00-03:00,SECO,1,51089.31048678665,173.81,23.456294095803933,397.617155588563,2,0,0,0,0,0,0,0.0
2026-09-02 15:00:00-03:00,SECO,7,50033.31544040528,173.81,24.11203119197921,355.2810991459339,2,0,0,0,0,0,0,0.0
2026-09-02 16:00:00-03:00,N,1,10628.744121306025,196.01,32.93675675675676,411.52972972972975,2,0,0,0,0,0,0,0.0
2026-09-02 16:00:00-03:00,N,7,10631.839344865271,196.01,33.681981981981984,381.6828828828829,2,0,0,0,0,0,0,0.0
2026-09-02 16:00:00-03:00,NE,1,15916.3781413673,196.0,28.597101449275364,166.543961352657,2,0,0,0,0,0,0,0.0
2026-09-02 16:00:00-03:00,NE,7,15333.108021753358,196.0,28.80463768115942,170.14685990338165,2,0,0,0,0,0,0,0.0
2026-09-02 16:00:00-03:00,S,1,14993.743699810304,196.0,19.681593406593407,289.5357142857143,2,0,0,0,0,0,0,0.0
2026-09-02 16:00:00-03:00,S,7,14994.493175606483,196.0,18.834615384615383,285.85164835164835,2,0,0,0,0,0,0,0.0
2026-09-02 16:00:00-03:00,SECO,1,50955.45666304022,196.01,22.19145933902711,230.05495729669516,2,0,0,0,0,0,0,0.0
2026-09-02 16:00:00-03:00,SECO,7,50536.544420293256,196.01,23.82272558484961,204.70924619383587,2,0,0,0,0,0,0,0.0
2026-09-02 17:00:00-03:00,N,1,10064.937020582123,246.66,32.52162162162163,180.9333333333333,2,0,0,0,0,0,0,0.0
2026-09-02 17:00:00-03:00,N,7,10022.706904391278,246.66,33.10558558558559,180.56216216216217,2,0,0,0,0,0,0,0.0
2026-09-02 17:00:00-03:00,NE,1,15642.599808747913,246.65,27.71024154589372,13.413526570048308,2,0,0,0,0,0,0,0.0
2026-09-02 17:00:00-03:00,NE,7,15311.4939575754,246.65,28.38695652173913,11.783574879227054,2,0,0,0,0,0,0,0.0
2026-09-02 17:00:00-03:00,S,1,15428.635193205146,246.65,18.052472527472528,81.91483516483517,2,0,0,0,0,0,0,0.0
2026-09-02 17:00:00-03:00,S,7,15396.1056956026,246.65,17.81291208791209,81.3489010989011,2,0,0,0,0,0,0,0.0
2026-09-02 17:00:00-03:00,SECO,1,50883.09513079571,246.66,21.115410323059784,62.03304864463424,2,0,0,0,0,0,0,0.0
2026-09-02 17:00:00-03:00,SECO,7,50703.30689219579,246.66,23.110137393241736,50.66951355365763,2,0,0,0,0,0,0,0.0
2026-09-02 18:00:00-03:00,N,1,9718.880862251175,1292.47,31.603963963963967,33.66306306306306,2,0,0,0,0,0,0,0.0
2026-09-02 18:00:00-03:00,N,7,9628.832182544817,1292.47,32.325945945945946,34.15135135135135,2,0,0,0,0,0,0,0.0
2026-09-02 18:00:00-03:00,NE,1,16150.587585275098,1292.46,27.017971014492755,0.0,2,0,0,0,0,0,0,0.0
2026-09-02 18:00:00-03:00,NE,7,16011.342813681638,1292.46,27.906666666666663,0.0,2,0,0,0,0,0,0,0.0
2026-09-02 18:00:00-03:00,S,1,16807.583719770064,1292.47,15.724175824175823,0.3653846153846154,2,0,0,0,0,0,0,0.0
2026-09-02 18:00:00-03:00,S,7,16733.023716725533,1292.47,16.384340659340662,0.0,2,0,0,0,0,0,0,0.0
2026-09-02 18:00:00-03:00,SECO,1,53218.81240260832,1292.47,19.945711102859264,4.011511325659116,2,0,0,0,0,0,0,0.0
2026-09-02 18:00:00-03:00,SECO,7,52975.25220163285,1292.47,22.265168956554028,3.128852580764946,2,0,0,0,0,0,0,0.0
2026-09-02 19:00:00-03:00,N,1,9989.468134879418,495.27,30.822162162162165,0.0,2,0,0,0,0,0,0,0.0
2026-09-02 19:00:00-03:00,N,7,9940.506533402944,495.27,31.458738738738734,0.0,2,0,0,0,0,0,0,0.0
2026-09-02 19:00:00-03:00,NE,1,16010.855372738768,495.26,26.8487922705314,0.0,2,0,0,0,0,0,0,0.0
2026-09-02 19:00:00-03:00,NE,7,15844.274963226158,495.26,27.38386473429952,0.0,2,0,0,0,0,0,0,0.0
2026-09-02 19:00:00-03:00,S,1,17197.922426465797,495.27,14.85631868131868,0.0,2,0,0,0,0,0,0,0.0
2026-09-02 19:00:00-03:00,S,7,17007.17836762095,495.27,14.919230769230769,0.0,2,0,0,0,0,0,0,0.0
2026-09-02 19:00:00-03:00,SECO,1,52789.59655385779,495.27,19.077348681767543,0.1373932417378388,2,0,0,0,0,0,0,0.0
2026-09-02 19:00:00-03:00,SECO,7,52520.93312690442,495.27,21.29272187151875,0.0668399554400297,2,0,0,0,0,0,0,0.0
2026-09-02 20:00:00-03:00,N,1,10241.864340588205,240.65,30.4190990990991,0.0,2,0,0,0,0,0,0,0.0
2026-09-02 20:00:00-03:00,N,7,10118.105282210629,240.65,30.55243243243244,0.0,2,0,0,0,0,0,0,0.0
2026-09-02 20:00:00-03:00,NE,1,15959.55927353395,240.64,26.72367149758454,0.0,2,0,0,0,0,0,0,0.0
2026-09-02 20:00:00-03:00,NE,7,15716.687089715568,240.64,26.87719806763285,0.0,2,0,0,0,0,0,0,0.0
2026-09-02 20:00:00-03:00,S,1,16471.163036950755,240.64,14.33434065934066,0.0,2,0,0,0,0,0,0,0.0
2026-09-02 20:00:00-03:00,S,7,16251.20672341708,240.64,13.575824175824176,0.0,2,0,0,0,0,0,0,0.0
2026-09-02 20:00:00-03:00,SECO,1,52069.94260043655,240.64,18.531934645376904,0.0,2,0,0,0,0,0,0,0.0
2026-09-02 20:00:00-03:00,SECO,7,51282.10752734018,240.64,20.399554400297067,0.0,2,0,0,0,0,0,0,0.0
2026-09-02 21:00:00-03:00,N,1,10392.324800392207,234.79,29.77693693693694,0.0,2,0,0,0,0,0,0,0.0
2026-09-02 21:00:00-03:00,N,7,10220.425150772444,234.79,29.71315315315316,0.0,2,0,0,0,0,0,0,0.0
2026-09-02 21:00:00-03:00,NE,1,16366.081110747164,234.78,26.263188405797106,0.0,2,0,0,0,0,0,0,0.0
2026-09-02 21:00:00-03:00,NE,7,15931.58308333934,234.78,26.217777777777776,0.0,2,0,0,0,0,0,0,0.0
2026-09-02 21:00:00-03:00,S,1,15605.535374015291,234.78,13.387912087912088,0.0,2,0,0,0,0,0,0,0.0
2026-09-02 21:00:00-03:00,S,7,15220.243106593996,234.78,12.032692307692308,0.0,2,0,0,0,0,0,0,0.0
2026-09-02 21:00:00-03:00,SECO,1,50165.62587558039,234.79,18.152023765317487,0.0,2,0,0,0,0,0,0,0.0
2026-09-02 21:00:00-03:00,SECO,7,49503.53057535254,234.79,19.08822874118084,0.0,2,0,0,0,0,0,0,0.0
2026-09-02 22:00:00-03:00,N,1,10440.084743694306,195.82,29.063963963963964,0.0,2,0,0,0,0,0,0,0.0
2026-09-02 22:00:00-03:00,N,7,10307.058365045175,195.82,29.203603603603607,0.0,2,0,0,0,0,0,0,0.0
2026-09-02 22:00:00-03:00,NE,1,16220.886010108634,195.81,26.17652173913044,0.0,2,0,0,0,0,0,0,0.0
2026-09-02 22:00:00-03:00,NE,7,15805.421978603268,195.81,25.846473429951693,0.0,2,0,0,0,0,0,0,0.0
2026-09-02 22:00:00-03:00,S,1,14255.857953903476,195.81,12.94587912087912,0.0,2,0,0,0,0,0,0,0.0
2026-09-02 22:00:00-03:00,S,7,14276.8131613676,195.81,11.523076923076925,0.0,2,0,0,0,0,0,0,0.0
2026-09-02 22:00:00-03:00,SECO,1,47123.19353443209,195.82,17.572966951355365,0.0,2,0,0,0,0,0,0,0.0
2026-09-02 22:00:00-03:00,SECO,7,46948.22035506508,195.82,18.61619012253992,0.0,2,0,0,0,0,0,0,0.0
2026-09-02 23:00:00-03:00,N,1,10384.407573273416,187.19,28.6345945945946,0.0,2,0,0,0,0,0,0,0.0
2026-09-02 23:00:00-03:00,N,7,10306.223547254947,187.19,28.69837837837838,0.0,2,0,0,0,0,0,0,0.0
2026-09-02 23:00:00-03:00,NE,1,15727.895364973638,187.18,25.892270531400968,0.0,2,0,0,0,0,0,0,0.0
2026-09-02 23:00:00-03:00,NE,7,15279.449341401869,187.18,25.46473429951691,0.0,2,0,0,0,0,0,0,0.0
2026-09-02 23:00:00-03:00,S,1,12703.79924416098,187.18,12.728296703296705,0.0,2,0,0,0,0,0,0,0.0
2026-09-02 23:00:00-03:00,S,7,12651.301083168712,187.18,11.098626373626374,0.0,2,0,0,0,0,0,0,0.0
2026-09-02 23:00:00-03:00,SECO,1,43730.68146545644,187.19,17.226178982547346,0.0,2,0,0,0,0,0,0,0.0
2026-09-02 23:00:00-03:00,SECO,7,43435.2224676783,187.19,18.16539175640549,0.0,2,0,0,0,0,0,0,0.0
2026-09-03 00:00:00-03:00,N,1,10088.266894450097,182.97,28.229909909909917,0.0,3,0,0,0,0,0,0,0.0
2026-09-03 00:00:00-03:00,N,7,10071.417556243072,182.97,28.27783783783784,0.0,3,0,0,0,0,0,0,0.0
2026-09-03 00:00:00-03:00,NE,1,15083.986366910884,182.96,25.533719806763283,0.0,3,0,0,0,0,0,0,0.0
2026-09-03 00:00:00-03:00,NE,7,14747.070083799412,182.96,25.097487922705312,0.0,3,0,0,0,0,0,0,0.0
2026-09-03 00:00:00-03:00,S,1,11636.051850854024,182.95,12.761813186813187,0.0,3,0,0,0,0,0,0,0.0
2026-09-03 00:00:00-03:00,S,7,11578.442289332308,182.95,10.82554945054945,0.0,3,0,0,0,0,0,0,0.0
2026-09-03 00:00:00-03:00,SECO,1,40904.46970927131,182.96,16.846936502042333,0.0,3,0,0,0,0,0,0,0.0
2026-09-03 00:00:00-03:00,SECO,7,40384.39516189467,182.96,17.772150018566652,0.0,3,0,0,0,0,0,0,0.0
2026-09-03 01:00:00-03:00,N,1,9794.359706903664,178.88,27.844144144144146,0.0,3,0,0,0,0,0,0,0.0
2026-09-03 01:00:00-03:00,N,7,9776.239556243072,178.88,27.872972972972978,0.0,3,0,0,0,0,0,0,0.0
2026-09-03 01:00:00-03:00,NE,1,14705.184946084428,178.87,25.357681159420288,0.0,3,0,0,0,0,0,0,0.0
2026-09-03 01:00:00-03:00,NE,7,14428.253036359618,178.87,24.839227053140096,0.0,3,0,0,0,0,0,0,0.0
2026-09-03 01:00:00-03:00,S,1,10801.099444373476,178.87,12.752197802197802,0.0,3,0,0,0,0,0,0,0.0
2026-09-03 01:00:00-03:00,S,7,10770.023516712374,178.87,10.786263736263736,0.0,3,0,0,0,0,0,0,0.0
2026-09-03 01:00:00-03:00,SECO,1,38679.77071579311,178.88,16.528147047901967,0.0,3,0,0,0,0,0,0,0.0
2026-09-03 01:00:00-03:00,SECO,7,38095.96936629008,178.88,17.440326773115483,0.0,3,0,0,0,0,0,0,0.0
2026-09-03 02:00:00-03:00,N,1,9536.621999837587,175.99,27.49675675675676,0.0,3,0,0,0,0,0,0,0.0
2026-09-03 02:00:00-03:00,N,7,9522.024248574326,175.99,27.5781981981982,0.0,3,0,0,0,0,0,0,0.0
2026-09-03 02:00:00-03:00,NE,1,14357.058575523362,175.98,25.18792270531401,0.0,3,0,0,0,0,0,0,0.0
2026-09-03 02:00:00-03:00,NE,7,14137.96501201396,175.98,24.69207729468599,0.0,3,0,0,0,0,0,0,0.0
2026-09-03 02:00:00-03:00,S,1,10425.163256399816,175.98,12.556043956043956,0.0,3,0,0,0,0,0,0,0.0
2026-09-03 02:00:00-03:00,S,7,10377.506887164933,175.98,10.798351648351648,0.0,3,0,0,0,0,0,0,0.0
2026-09-03 02:00:00-03:00,SECO,1,38008.98194187264,175.99,16.199034533976977,0.0,3,0,0,0,0,0,0,0.0
2026-09-03 02:00:00-03:00,SECO,7,36962.334110446674,175.99,17.29929446713702,0.0,3,0,0,0,0,0,0,0.0
2026-09-03 03:00:00-03:00,N,1,9288.479584831342,173.39,27.166126126126127,0.0,3,0,0,0,0,0,0,0.0
2026-09-03 03:00:00-03:00,N,7,9292.559594806336,173.39,27.447027027027023,0.0,3,0,0,0,0,0,0,0.0
2026-09-03 03:00:00-03:00,NE,1,14086.433899883014,173.38,24.910434782608696,0.0,3,0,0,0,0,0,0,0.0
2026-09-03 03:00:00-03:00,NE,7,13921.948679879804,173.38,24.73256038647343,0.0,3,0,0,0,0,0,0,0.0
2026-09-03 03:00:00-03:00,S,1,10177.135091766271,173.38,11.596703296703296,0.0,3,0,0,0,0,0,0,0.0
2026-09-03 03:00:00-03:00,S,7,10229.606508668832,173.38,10.903571428571428,0.0,3,0,0,0,0,0,0,0.0
2026-09-03 03:00:00-03:00,SECO,1,37835.44267068121,173.39,16.328406981062013,0.0,3,0,0,0,0,0,0,0.0
2026-09-03 03:00:00-03:00,SECO,7,36379.328663604814,173.39,17.258856294095803,0.0,3,0,0,0,0,0,0,0.0
2026-09-03 04:00:00-03:00,N,1,9162.984909916826,174.96,26.909909909909917,0.0,3,0,0,0,0,0,0,0.0
2026-09-03 04:00:00-03:00,N,7,9076.673735965076,174.96,27.47621621621622,0.0,3,0,0,0,0,0,0,0.0
2026-09-03 04:00:00-03:00,NE,1,13926.34679723375,174.95,24.74550724637681,0.0,3,0,0,0,0,0,0,0.0
2026-09-03 04:00:00-03:00,NE,7,13764.215071343322,174.95,25.062512077294684,0.0,3,0,0,0,0,0,0,0.0
2026-09-03 04:00:00-03:00,S,1,10304.229292332984,174.95,11.442307692307692,0.0,3,0,0,0,0,0,0,0.0
2026-09-03 04:00:00-03:00,S,7,10354.856958428198,174.95,11.20879120879121,0.0,3,0,0,0,0,0,0,0.0
2026-09-03 04:00:00-03:00,SECO,1,37944.20911659678,174.96,16.274526550315635,0.0,3,0,0,0,0,0,0,0.0
2026-09-03 04:00:00-03:00,SECO,7,36648.76441817435,174.96,17.473301151132567,0.0,3,0,0,0,0,0,0,0.0
2026-09-03 05:00:00-03:00,N,1,8999.03095567843,177.68,26.682162162162165,0.0,3,0,0,0,0,0,0,0.0
2026-09-03 05:00:00-03:00,N,7,8867.46271687523,177.68,27.68702702702703,0.0,3,0,0,0,0,0,0,0.0
2026-09-03 05:00:00-03:00,NE,1,13667.196534348444,177.67,24.587053140096614,12.304347826086955,3,0,0,0,0,0,0,0.0
2026-09-03 05:00:00-03:00,NE,7,13581.73284571557,177.67,25.60357487922705,11.571980676328502,3,0,0,0,0,0,0,0.0
2026-09-03 05:00:00-03:00,S,1,11314.364541639585,177.67,11.30989010989011,0.0,3,0,0,0,0,0,0,0.0
2026-09-03 05:00:00-03:00,S,7,11287.39761220528,177.67,11.54368131868132,0.0,3,0,0,0,0,0,0,0.0
2026-09-03 05:00:00-03:00,SECO,1,39843.5737519246,177.68,16.20608986260676,0.0118826587448941,3,0,0,0,0,0,0,0.0
2026-09-03 05:00:00-03:00,SECO,7,38799.93068070593,177.68,17.825510582992944,0.0,3,0,0,0,0,0,0,0.0
2026-09-03 06:00:00-03:00,N,1,8579.98799586835,178.82,26.445585585585587,25.32252252252253,3,0,0,0,0,0,0,0.0
2026-09-03 06:00:00-03:00,N,7,8539.27694785128,178.82,27.979459459459463,29.46666666666667,3,0,0,0,0,0,0,0.0
2026-09-03 06:00:00-03:00,NE,1,13704.483234056655,178.81,24.843478260869567,151.37294685990338,3,0,0,0,0,0,0,0.0
2026-09-03 06:00:00-03:00,NE,7,13622.228973527946,178.81,26.30714975845411,161.49855072463768,3,0,0,0,0,0,0,0.0
2026-09-03 06:00:00-03:00,S,1,12788.950814080215,178.8,11.417032967032966,8.807692307692307,3,0,0,0,0,0,0,0.0
2026-09-03 06:00:00-03:00,S,7,12903.334808181004,178.8,12.042032967032966,8.535714285714285,3,0,0,0,0,0,0,0.0
2026-09-03 06:00:00-03:00,SECO,1,42420.87709802824,178.81,15.969624953583365,32.99480133679911,3,0,0,0,0,0,0,0.0
2026-09-03 06:00:00-03:00,SECO,7,41514.68810407568,178.81,18.355959896026736,31.793538804307463,3,0,0,0,0,0,0,0.0
2026-09-03 07:00:00-03:00,N,1,8669.108942712595,112.38,26.72972972972973,166.98018018018018,3,0,0,0,0,0,0,0.0
2026-09-03 07:00:00-03:00,N,7,8592.23213518349,112.38,28.35315315315316,170.37477477477478,3,0,0,0,0,0,0,0.0
2026-09-03 07:00:00-03:00,NE,1,14252.691004779284,86.15,26.12338164251208,350.1768115942029,3,0,0,0,0,0,0,0.0
2026-09-03 07:00:00-03:00,NE,7,14149.7319926184,86.15,27.008212560386475,365.3149758454106,3,0,0,0,0,0,0,0.0
2026-09-03 07:00:00-03:00,S,1,14104.229186218494,125.95,12.112087912087912,131.79945054945054,3,0,0,0,0,0,0,0.0
2026-09-03 07:00:00-03:00,S,7,14124.291123457731,125.95,12.61346153846154,136.5521978021978,3,0,0,0,0,0,0,0.0
2026-09-03 07:00:00-03:00,SECO,1,44612.61947302041,125.96,16.309543260304494,188.19383587077607,3,0,0,0,0,0,0,0.0
2026-09-03 07:00:00-03:00,SECO,7,43256.14274169828,125.96,18.92814704790197,187.9468993687337,3,0,0,0,0,0,0,0.0
2026-09-03 08:00:00-03:00,N,1,9365.000411937548,57.31,27.751351351351357,375.0918918918919,3,0,0,0,0,0,0,0.0
2026-09-03 08:00:00-03:00,N,7,9196.186398388412,57.31,28.7790990990991,370.32792792792793,3,0,0,0,0,0,0,0.0
2026-09-03 08:00:00-03:00,NE,1,15046.156477864644,57.31,27.34628019323672,546.2937198067633,3,0,0,0,0,0,0,0.0
2026-09-03 08:00:00-03:00,NE,7,14797.585985668438,57.31,27.65410628019324,558.4531400966183,3,0,0,0,0,0,0,0.0
2026-09-03 08:00:00-03:00,S,1,14801.872843240815,57.31,13.959615384615384,335.6950549450549,3,0,0,0,0,0,0,0.0
2026-09-03 08:00:00-03:00,S,7,14533.794105532195,57.31,13.367307692307692,324.6126373626373,3,0,0,0,0,0,0,0.0
2026-09-03 08:00:00-03:00,SECO,1,46544.32912316934,57.31,17.593724470850354,405.2874118083921,3,0,0,0,0,0,0,0.0
2026-09-03 08:00:00-03:00,SECO,7,44844.38823596971,57.31,19.678834014110656,364.6375789082807,3,0,0,0,0,0,0,0.0
2026-09-03 09:00:00-03:00,N,1,9781.132707518973,57.31,29.430990990990992,568.2846846846847,3,0,0,0,0,0,0,0.0
2026-09-03 09:00:00-03:00,N,7,9714.752661599208,57.31,29.66738738738739,547.2126126126127,3,0,0,0,0,0,0,0.0
2026-09-03 09:00:00-03:00,NE,1,15210.10999629941,57.31,28.26743961352657,713.1497584541063,3,0,0,0,0,0,0,0.0
2026-09-03 09:00:00-03:00,NE,7,14967.032339051566,57.31,28.15526570048309,755.5188405797102,3,0,0,0,0,0,0,0.0
2026-09-03 09:00:00-03:00,S,1,14387.990607769108,57.31,16.020604395604394,523.9807692307693,3,0,0,0,0,0,0,0.0
2026-09-03 09:00:00-03:00,S,7,14216.406263750225,57.31,13.958516483516483,567.0439560439561,3,0,0,0,0,0,0,0.0
2026-09-03 09:00:00-03:00,SECO,1,48194.198155442784,57.31,19.465243223171186,633.322688451541,3,0,0,0,0,0,0,0.0
2026-09-03 09:00:00-03:00,SECO,7,45912.37801797305,57.31,20.00575566282956,604.5792796138136,3,0,0,0,0,0,0,0.0
2026-09-03 10:00:00-03:00,N,1,10108.22909074604,57.31,30.88450450450451,728.963963963964,3,0,0,0,0,0,0,0.0
2026-09-03 10:00:00-03:00,N,7,10014.171501779923,57.31,30.344144144144146,688.9927927927928,3,0,0,0,0,0,0,0.0
2026-09-03 10:00:00-03:00,NE,1,15598.439764043836,57.31,28.806763285024157,817.8753623188406,3,0,0,0,0,0,0,0.0
2026-09-03 10:00:00-03:00,NE,7,15273.133014480014,57.31,28.4480193236715,858.0502415458938,3,0,0,0,0,0,0,0.0
2026-09-03 10:00:00-03:00,S,1,14683.222789612328,57.31,19.273076923076925,692.1538461538462,3,0,0,0,0,0,0,0.0
2026-09-03 10:00:00-03:00,S,7,14479.190803439787,57.31,15.327747252747251,713.1153846153846,3,0,0,0,0,0,0,0.0
2026-09-03 10:00:00-03:00,SECO,1,49886.43068385017,57.31,21.861344225770512,780.9951726698849,3,0,0,0,0,0,0,0.0
2026-09-03 10:00:00-03:00,SECO,7,47113.18885178087,57.31,21.089862606758263,743.9012253991831,3,0,0,0,0,0,0,0.0
2026-09-03 11:00:00-03:00,N,1,10256.809412214528,57.31,32.233333333333334,861.5693693693695,3,0,0,0,0,0,0,0.0
2026-09-03 11:00:00-03:00,N,7,10192.36636740604,57.31,31.20666666666667,780.6540540540541,3,0,0,0,0,0,0,0.0
2026-09-03 11:00:00-03:00,NE,1,15511.02811681669,57.31,28.792463768115944,862.5690821256039,3,0,0,0,0,0,0,0.0
2026-09-03 11:00:00-03:00,NE,7,15371.698420345012,57.31,28.72743961352657,894.0869565217391,3,0,0,0,0,0,0,0.0
2026-09-03 11:00:00-03:00,S,1,14452.8614071649,57.31,21.33021978021978,793.8076923076924,3,0,0,0,0,0,0,0.0
2026-09-03 11:00:00-03:00,S,7,14485.853773308329,57.31,17.147252747252747,796.7857142857143,3,0,0,0,0,0,0,0.0
2026-09-03 11:00:00-03:00,SECO,1,50551.54065061958,57.31,24.07927961381359,851.697363535091,3,0,0,0,0,0,0,0.0
2026-09-03 11:00:00-03:00,SECO,7,48031.18949990892,57.31,22.51552172298552,822.2031191979205,3,0,0,0,0,0,0,0.0
2026-09-03 12:00:00-03:00,N,1,10404.907145267436,57.31,33.43171171171171,888.3297297297298,3,0,0,0,0,0,0,0.0
2026-09-03 12:00:00-03:00,N,7,10333.085853986657,57.31,32.13135135135136,815.0360360360361,3,0,0,0,0,0,0,0.0
2026-09-03 12:00:00-03:00,NE,1,15392.965599644149,57.31,28.916425120772946,827.480193236715,3,0,0,0,0,0,0,0.0
2026-09-03 12:00:00-03:00,NE,7,15223.382623190812,57.31,28.882608695652173,861.2444444444445,3,0,0,0,0,0,0,0.0
2026-09-03 12:00:00-03:00,S,1,13167.597216701472,57.31,22.850824175824176,813.782967032967,3,0,0,0,0,0,0,0.0
2026-09-03 12:00:00-03:00,S,7,13346.134982283964,57.31,19.110164835164834,810.3241758241759,3,0,0,0,0,0,0,0.0
2026-09-03 12:00:00-03:00,SECO,1,50091.14233818001,57.31,25.833939844040103,853.7872261418493,3,0,0,0,0,0,0,0.0
2026-09-03 12:00:00-03:00,SECO,7,47227.59656357936,57.31,24.041329372447084,831.0865206089862,3,0,0,0,0,0,0,0.0
2026-09-03 13:00:00-03:00,N,1,10792.409312295124,57.31,33.94396396396397,864.8738738738739,3,0,0,0,0,0,0,0.0
2026-09-03 13:00:00-03:00,N,7,10769.082972989148,57.31,32.97207207207207,789.7837837837839,3,0,0,0,0,0,0,0.0
2026-09-03 13:00:00-03:00,NE,1,15584.706043691904,57.31,29.00454106280193,732.4512077294686,3,0,0,0,0,0,0,0.0
2026-09-03 13:00:00-03:00,NE,7,15427.816104678965,57.31,28.999227053140096,760.6705314009662,3,0,0,0,0,0,0,0.0
2026-09-03 13:00:00-03:00,S,1,13635.307600306567,57.31,23.812087912087915,768.6236263736264,3,0,0,0,0,0,0,0.0
2026-09-03 13:00:00-03:00,S,7,13833.111178915084,57.31,20.93653846153846,752.4038461538462,3,0,0,0,0,0,0,0.0
2026-09-03 13:00:00-03:00,SECO,1,51276.46108229008,57.31,26.41021165985889,796.4444857036763,3,0,0,0,0,0,0,0.0
2026-09-03 13:00:00-03:00,SECO,7,48751.54046355357,57.31,25.50842926104716,768.8024507983662,3,0,0,0,0,0,0,0.0
2026-09-03 14:00:00-03:00,N,1,10989.605471853474,57.31,33.80594594594595,756.3621621621623,3,0,0,0,0,0,0,0.0
2026-09-03 14:00:00-03:00,N,7,11064.06359746885,57.31,33.63243243243244,706.1765765765766,3,0,0,0,0,0,0,0.0
2026-09-03 14:00:00-03:00,NE,1,15818.654144502754,57.31,28.759806763285024,571.5700483091788,3,0,0,0,0,0,0,0.0
2026-09-03 14:00:00-03:00,NE,7,15713.418541668818,57.31,28.984251207729468,601.992270531401,3,0,0,0,0,0,0,0.0
2026-09-03 14:00:00-03:00,S,1,14192.151911120052,57.31,24.274725274725277,661.3516483516484,3,0,0,0,0,0,0,0.0
2026-09-03 14:00:00-03:00,S,7,14828.106122086328,57.31,22.35604395604396,631.5769230769231,3,0,0,0,0,0,0,0.0
2026-09-03 14:00:00-03:00,SECO,1,51713.22237852303,57.31,26.72343111771259,661.7196435202377,3,0,0,0,0,0,0,0.0
2026-09-03 14:00:00-03:00,SECO,7,49876.86990703444,57.31,26.578685480876345,642.8548087634608,3,0,0,0,0,0,0,0.0
2026-09-03 15:00:00-03:00,N,1,10864.224578542771,163.84,33.120540540540546,579.8702702702703,3,0,0,0,0,0,0,0.0
2026-09-03 15:00:00-03:00,N,7,10981.683143796005,163.84,33.87243243243244,565.7135135135136,3,0,0,0,0,0,0,0.0
2026-09-03 15:00:00-03:00,NE,1,15891.988325939335,163.83,28.44666666666667,348.2705314009662,3,0,0,0,0,0,0,0.0
2026-09-03 15:00:00-03:00,NE,7,15643.068426728303,163.83,28.859323671497584,382.8183574879227,3,0,0,0,0,0,0,0.0
2026-09-03 15:00:00-03:00,S,1,14859.80346625947,163.83,24.557967032967035,488.0906593406594,3,0,0,0,0,0,0,0.0
2026-09-03 15:00:00-03:00,S,7,15198.261139995517,163.83,23.025274725274727,411.44505494505495,3,0,0,0,0,0,0,0.0
2026-09-03 15:00:00-03:00,SECO,1,52464.5168074926,163.83,27.07664314890457,468.79168213887857,3,0,0,0,0,0,0,0.0
2026-09-03 15:00:00-03:00,SECO,7,49903.37829176649,163.83,27.060378759747493,428.989974006684,3,0,0,0,0,0,0,0.0
2026-09-03 16:00:00-03:00,N,1,10567.192952939047,186.97,32.80558558558559,374.0846846846847,3,0,0,0,0,0,0,0.0
2026-09-03 16:00:00-03:00,N,7,10640.4764227301,186.97,33.723243243243246,387.10270270270274,3,0,0,0,0,0,0,0.0
2026-09-03 16:00:00-03:00,NE,1,15908.77090354089,186.96,28.01874396135266,155.52753623188406,3,0,0,0,0,0,0,0.0
2026-09-03 16:00:00-03:00,NE,7,15615.180084498465,186.96,28.61420289855073,166.9169082125604,3,0,0,0,0,0,0,0.0
2026-09-03 16:00:00-03:00,S,1,15510.181779431348,186.95,24.40796703296704,287.2142857142857,3,0,0,0,0,0,0,0.0
2026-09-03 16:00:00-03:00,S,7,15927.408743431188,186.95,22.825274725274724,243.7939560439561,3,0,0,0,0,0,0,0.0
2026-09-03 16:00:00-03:00,SECO,1,52660.41955693147,186.96,26.640326773115483,260.69587820274785,3,0,0,0,0,0,0,0.0
2026-09-03 16:00:00-03:00,SECO,7,50141.97301570138,186.96,26.838321574452284,243.19420720386185,3,0,0,0,0,0,0,0.0
2026-09-03 17:00:00-03:00,N,1,10118.311770335224,235.12,32.02954954954955,169.92972972972973,3,0,0,0,0,0,0,0.0
2026-09-03 17:00:00-03:00,N,7,10125.26875431953,235.12,33.203783783783784,182.7945945945946,3,0,0,0,0,0,0,0.0
2026-09-03 17:00:00-03:00,NE,1,15731.817539480293,235.11,27.38599033816425,12.795169082125604,3,0,0,0,0,0,0,0.0
2026-09-03 17:00:00-03:00,NE,7,15444.597578140556,235.11,28.197487922705317,11.083091787439614,3,0,0,0,0,0,0,0.0
2026-09-03 17:00:00-03:00,S,1,16019.854735387697,235.11,23.154945054945053,80.93406593406593,3,0,0,0,0,0,0,0.0
2026-09-03 17:00:00-03:00,S,7,16343.662464024075,235.11,21.94532967032967,69.54120879120879,3,0,0,0,0,0,0,0.0
2026-09-03 17:00:00-03:00,SECO,1,52093.99165443702,235.12,25.838655774229483,65.22688451541032,3,0,0,0,0,0,0,0.0
2026-09-03 17:00:00-03:00,SECO,7,50265.29016706567,235.12,26.02929818046788,59.41032305978462,3,0,0,0,0,0,0,0.0
2026-09-03 18:00:00-03:00,N,1,9827.561070905344,268.3,31.472792792792795,31.576576576576574,3,0,0,0,0,0,0,0.0
2026-09-03 18:00:00-03:00,N,7,9696.657642387168,268.3,32.501981981981984,33.126126126126124,3,0,0,0,0,0,0,0.0
2026-09-03 18:00:00-03:00,NE,1,16491.79642244294,268.3,26.823961352657005,0.0,3,0,0,0,0,0,0,0.0
2026-09-03 18:00:00-03:00,NE,7,16152.799099315658,268.3,27.70685990338164,0.0,3,0,0,0,0,0,0,0.0
2026-09-03 18:00:00-03:00,S,1,17304.96497053261,268.3,20.522252747252747,0.3653846153846154,3,0,0,0,0,0,0,0.0
2026-09-03 18:00:00-03:00,S,7,17459.964009364227,268.3,20.57335164835165,0.0,3,0,0,0,0,0,0,0.0
2026-09-03 18:00:00-03:00,SECO,1,54907.42547820925,268.3,24.17898254734497,3.793538804307464,3,0,0,0,0,0,0,0.0
2026-09-03 18:00:00-03:00,SECO,7,52709.34098231995,268.3,24.882435945042705,3.4608243594504278,3,0,0,0,0,0,0,0.0
2026-09-03 19:00:00-03:00,N,1,10037.225589239008,242.99,30.86810810810811,0.0,3,0,0,0,0,0,0,0.0
2026-09-03 19:00:00-03:00,N,7,10033.931351563866,242.99,31.6763963963964,0.0,3,0,0,0,0,0,0,0.0
2026-09-03 19:00:00-03:00,NE,1,16152.182480641515,242.98,26.580772946859906,0.0,3,0,0,0,0,0,0,0.0
2026-09-03 19:00:00-03:00,NE,7,15781.76119389599,242.98,27.17043478260869,0.0,3,0,0,0,0,0,0,0.0
2026-09-03 19:00:00-03:00,S,1,17624.013642901926,243.0,18.90302197802198,0.0,3,0,0,0,0,0,0,0.0
2026-09-03 19:00:00-03:00,S,7,17698.52592921858,243.0,19.031043956043955,0.0,3,0,0,0,0,0,0,0.0
2026-09-03 19:00:00-03:00,SECO,1,54806.003882100646,243.0,23.10961752692165,0.1240252506498328,3,0,0,0,0,0,0,0.0
2026-09-03 19:00:00-03:00,SECO,7,52525.596212352335,243.0,23.607835128109915,0.0802079465280356,3,0,0,0,0,0,0,0.0
2026-09-03 20:00:00-03:00,N,1,10156.202778758192,232.9,30.01117117117117,0.0,3,0,0,0,0,0,0,0.0
2026-09-03 20:00:00-03:00,N,7,10267.603180708496,232.9,30.9,0.0,3,0,0,0,0,0,0,0.0
2026-09-03 20:00:00-03:00,NE,1,16029.692588372316,232.89,26.30830917874396,0.0,3,0,0,0,0,0,0,0.0
2026-09-03 20:00:00-03:00,NE,7,15652.995730499144,232.89,26.656135265700485,0.0,3,0,0,0,0,0,0,0.0
2026-09-03 20:00:00-03:00,S,1,16601.226358116117,232.9,16.59807692307692,0.0,3,0,0,0,0,0,0,0.0
2026-09-03 20:00:00-03:00,S,7,16480.079685448338,232.9,17.6739010989011,0.0,3,0,0,0,0,0,0,0.0
2026-09-03 20:00:00-03:00,SECO,1,53766.24081627274,232.9,22.17924248050501,0.0,3,0,0,0,0,0,0,0.0
2026-09-03 20:00:00-03:00,SECO,7,51262.25882499458,232.9,22.40063126624582,0.0,3,0,0,0,0,0,0,0.0
2026-09-03 21:00:00-03:00,N,1,10499.143003096617,226.25,29.5545945945946,0.0,3,0,0,0,0,0,0,0.0
2026-09-03 21:00:00-03:00,N,7,10392.376034009383,226.25,30.03009009009009,0.0,3,0,0,0,0,0,0,0.0
2026-09-03 21:00:00-03:00,NE,1,16426.195293034245,226.24,26.077101449275364,0.0,3,0,0,0,0,0,0,0.0
2026-09-03 21:00:00-03:00,NE,7,16096.04800792699,226.24,26.473526570048307,0.0,3,0,0,0,0,0,0,0.0
2026-09-03 21:00:00-03:00,S,1,15652.802208687388,226.24,16.258516483516484,0.0,3,0,0,0,0,0,0,0.0
2026-09-03 21:00:00-03:00,S,7,15581.673592714658,226.24,16.159065934065936,0.0,3,0,0,0,0,0,0,0.0
2026-09-03 21:00:00-03:00,SECO,1,51498.01462687102,226.25,20.95807649461567,0.0,3,0,0,0,0,0,0,0.0
2026-09-03 21:00:00-03:00,SECO,7,50223.63973205247,226.25,21.535239509840327,0.0,3,0,0,0,0,0,0,0.0
2026-09-03 22:00:00-03:00,N,1,10540.088412595542,190.0,28.960000000000004,0.0,3,0,0,0,0,0,0,0.0
2026-09-03 22:00:00-03:00,N,7,10451.015027970116,190.0,29.531351351351358,0.0,3,0,0,0,0,0,0,0.0
2026-09-03 22:00:00-03:00,NE,1,16426.459954252845,189.99,25.94512077294686,0.0,3,0,0,0,0,0,0,0.0
2026-09-03 22:00:00-03:00,NE,7,15996.016462064938,189.99,26.11294685990338,0.0,3,0,0,0,0,0,0,0.0
2026-09-03 22:00:00-03:00,S,1,14509.204907155869,189.99,15.977472527472528,0.0,3,0,0,0,0,0,0,0.0
2026-09-03 22:00:00-03:00,S,7,14778.046518648156,189.99,15.746703296703297,0.0,3,0,0,0,0,0,0,0.0
2026-09-03 22:00:00-03:00,SECO,1,49119.59722706818,190.0,20.274303750464167,0.0,3,0,0,0,0,0,0,0.0
2026-09-03 22:00:00-03:00,SECO,7,47263.68528194175,190.0,21.09053100631266,0.0,3,0,0,0,0,0,0,0.0
2026-09-03 23:00:00-03:00,N,1,10456.48021200424,186.81,28.524684684684686,0.0,3,0,0,0,0,0,0,0.0
2026-09-03 23:00:00-03:00,N,7,10439.663983511578,186.81,29.042342342342344,0.0,3,0,0,0,0,0,0,0.0
2026-09-03 23:00:00-03:00,NE,1,15799.813874521831,186.8,25.617391304347827,0.0,3,0,0,0,0,0,0,0.0
2026-09-03 23:00:00-03:00,NE,7,15361.27359979752,186.8,25.73371980676329,0.0,3,0,0,0,0,0,0,0.0
2026-09-03 23:00:00-03:00,S,1,12969.842839780413,186.8,15.811263736263736,0.0,3,0,0,0,0,0,0,0.0
2026-09-03 23:00:00-03:00,S,7,13402.480994788812,186.8,15.601923076923075,0.0,3,0,0,0,0,0,0,0.0
2026-09-03 23:00:00-03:00,SECO,1,45867.63295121829,186.81,19.808466394355737,0.0,3,0,0,0,0,0,0,0.0
2026-09-03 23:00:00-03:00,SECO,7,43830.93096636117,186.81,20.85740809506127,0.0,3,0,0,0,0,0,0,0.0
2026-09-04 00:00:00-03:00,N,1,10218.677770495093,179.93,28.159459459459462,0.0,4,0,0,0,0,0,0,0.0
2026-09-04 00:00:00-03:00,N,7,10165.90473767566,179.93,28.521621621621627,0.0,4,0,0,0,0,0,0,0.0
2026-09-04 00:00:00-03:00,NE,1,15367.695096767298,179.92,25.365797101449274,0.0,4,0,0,0,0,0,0,0.0
2026-09-04 00:00:00-03:00,NE,7,14947.384038277103,179.92,25.40937198067633,0.0,4,0,0,0,0,0,0,0.0
2026-09-04 00:00:00-03:00,S,1,11766.44835296389,179.92,15.581868131868134,0.0,4,0,0,0,0,0,0,0.0
2026-09-04 00:00:00-03:00,S,7,12139.494140103045,179.92,15.627472527472529,0.0,4,0,0,0,0,0,0,0.0
2026-09-04 00:00:00-03:00,SECO,1,42513.055344412605,179.93,19.48432974378017,0.0,4,0,0,0,0,0,0,0.0
2026-09-04 00:00:00-03:00,SECO,7,40792.04825442822,179.93,20.76060155959896,0.0,4,0,0,0,0,0,0,0.0
2026-09-04 01:00:00-03:00,N,1,9920.015703533423,176.67,27.881621621621623,0.0,4,0,0,0,0,0,0,0.0
2026-09-04 01:00:00-03:00,N,7,9852.60023767566,176.67,28.11081081081081,0.0,4,0,0,0,0,0,0,0.0
2026-09-04 01:00:00-03:00,NE,1,14930.090392823073,176.66,25.185893719806764,0.0,4,0,0,0,0,0,0,0.0
2026-09-04 01:00:00-03:00,NE,7,14481.30307089798,176.66,25.139420289855074,0.0,4,0,0,0,0,0,0,0.0
2026-09-04 01:00:00-03:00,S,1,11085.373063757315,176.65,15.303571428571429,0.0,4,0,0,0,0,0,0,0.0
2026-09-04 01:00:00-03:00,S,7,11457.601877309076,176.65,15.738186813186813,0.0,4,0,0,0,0,0,0,0.0
2026-09-04 01:00:00-03:00,SECO,1,40575.10182683072,176.66,19.19762346825102,0.0,4,0,0,0,0,0,0,0.0
2026-09-04 01:00:00-03:00,SECO,7,38602.40966655714,176.66,20.784106943928705,0.0,4,0,0,0,0,0,0,0.0
2026-09-04 02:00:00-03:00,N,1,9702.92135532858,175.29,27.455135135135137,0.0,4,0,0,0,0,0,0,0.0
2026-09-04 02:00:00-03:00,N,7,9585.636672218454,175.29,27.815135135135137,0.0,4,0,0,0,0,0,0,0.0
2026-09-04 02:00:00-03:00,NE,1,14504.568406407034,175.28,24.94405797101449,0.0,4,0,0,0,0,0,0,0.0
2026-09-04 02:00:00-03:00,NE,7,14307.342021160948,175.28,25.033719806763287,0.0,4,0,0,0,0,0,0,0.0
2026-09-04 02:00:00-03:00,S,1,10505.150914833055,175.28,15.040109890109887,0.0,4,0,0,0,0,0,0,0.0
2026-09-04 02:00:00-03:00,S,7,10954.202737041694,175.28,15.91510989010989,0.0,4,0,0,0,0,0,0,0.0
2026-09-04 02:00:00-03:00,SECO,1,39424.77755647018,175.29,18.967731154845897,0.0,4,0,0,0,0,0,0,0.0
2026-09-04 02:00:00-03:00,SECO,7,37591.68139996311,175.29,20.84322317118455,0.0,4,0,0,0,0,0,0,0.0
2026-09-04 03:00:00-03:00,N,1,9409.97612786476,173.92,27.045585585585588,0.0,4,0,0,0,0,0,0,0.0
2026-09-04 03:00:00-03:00,N,7,9332.978275726173,173.92,27.683063063063067,0.0,4,0,0,0,0,0,0,0.0
2026-09-04 03:00:00-03:00,NE,1,14242.703684827788,173.91,24.887246376811596,0.0,4,0,0,0,0,0,0,0.0
2026-09-04 03:00:00-03:00,NE,7,14030.809324568285,173.91,25.0543961352657,0.0,4,0,0,0,0,0,0,0.0
2026-09-04 03:00:00-03:00,S,1,10404.392020971118,173.9,15.04587912087912,0.0,4,0,0,0,0,0,0,0.0
2026-09-04 03:00:00-03:00,S,7,10799.751064211305,173.9,15.939285714285717,0.0,4,0,0,0,0,0,0,0.0
2026-09-04 03:00:00-03:00,SECO,1,38788.652802714045,173.91,18.536093575937617,0.0,4,0,0,0,0,0,0,0.0
2026-09-04 03:00:00-03:00,SECO,7,36985.49975247448,173.91,21.02799851466765,0.0,4,0,0,0,0,0,0,0.0
2026-09-04 04:00:00-03:00,N,1,9225.705916131928,175.07,26.752612612612616,0.0,4,0,0,0,0,0,0,0.0
2026-09-04 04:00:00-03:00,N,7,9175.995900818283,175.07,27.655855855855854,0.0,4,0,0,0,0,0,0,0.0
2026-09-04 04:00:00-03:00,NE,1,14088.123919556518,175.06,24.878840579710147,0.0,4,0,0,0,0,0,0,0.0
2026-09-04 04:00:00-03:00,NE,7,13856.910900871126,175.06,25.371787439613527,0.0,4,0,0,0,0,0,0,0.0
2026-09-04 04:00:00-03:00,S,1,10490.921470238984,175.05,14.876923076923076,0.0,4,0,0,0,0,0,0,0.0
2026-09-04 04:00:00-03:00,S,7,10890.18381054,175.05,15.89587912087912,0.0,4,0,0,0,0,0,0,0.0
2026-09-04 04:00:00-03:00,SECO,1,39114.414782289095,175.06,18.23479391013739,0.0,4,0,0,0,0,0,0,0.0
2026-09-04 04:00:00-03:00,SECO,7,37356.52693776838,175.06,21.32744151503899,0.0,4,0,0,0,0,0,0,0.0
2026-09-04 05:00:00-03:00,N,1,8979.961749634665,176.4,26.3763963963964,0.0,4,0,0,0,0,0,0,0.0
2026-09-04 05:00:00-03:00,N,7,8996.60994183116,176.4,27.790630630630638,0.0,4,0,0,0,0,0,0,0.0
2026-09-04 05:00:00-03:00,NE,1,13739.32766263283,176.39,24.70231884057971,11.905314009661836,4,0,0,0,0,0,0,0.0
2026-09-04 05:00:00-03:00,NE,7,13659.438469137152,176.39,25.90975845410628,12.302415458937196,4,0,0,0,0,0,0,0.0
2026-09-04 05:00:00-03:00,S,1,11420.442779519202,176.39,14.69423076923077,0.0,4,0,0,0,0,0,0,0.0
2026-09-04 05:00:00-03:00,S,7,11689.003734791804,176.39,15.848351648351647,0.0,4,0,0,0,0,0,0,0.0
2026-09-04 05:00:00-03:00,SECO,1,40866.248275441714,176.4,18.03869290753806,0.0118826587448941,4,0,0,0,0,0,0,0.0
2026-09-04 05:00:00-03:00,SECO,7,39148.71717630562,176.4,21.785592276271814,0.0,4,0,0,0,0,0,0,0.0
2026-09-04 06:00:00-03:00,N,1,8567.924256371713,176.47,25.973693693693697,29.6,4,0,0,0,0,0,0,0.0
2026-09-04 06:00:00-03:00,N,7,8625.07989961042,176.47,28.058018018018014,28.965765765765767,4,0,0,0,0,0,0,0.0
2026-09-04 06:00:00-03:00,NE,1,13708.881039765924,176.46,24.82599033816425,146.16135265700484,4,0,0,0,0,0,0,0.0
2026-09-04 06:00:00-03:00,NE,7,13603.489836582676,176.46,26.62434782608696,171.5584541062802,4,0,0,0,0,0,0,0.0
2026-09-04 06:00:00-03:00,S,1,12644.49204142937,176.46,14.654945054945056,11.31868131868132,4,0,0,0,0,0,0,0.0
2026-09-04 06:00:00-03:00,S,7,13135.720347876491,176.46,15.752197802197802,2.821428571428572,4,0,0,0,0,0,0,0.0
2026-09-04 06:00:00-03:00,SECO,1,43094.436402208405,176.47,17.87812848124768,40.62161158559228,4,0,0,0,0,0,0,0.0
2026-09-04 06:00:00-03:00,SECO,7,41573.20420534849,176.47,22.26769402153732,33.271815818789456,4,0,0,0,0,0,0,0.0
2026-09-04 07:00:00-03:00,N,1,8651.534492148647,130.29,26.09027027027027,174.82342342342343,4,0,0,0,0,0,0,0.0
2026-09-04 07:00:00-03:00,N,7,8742.73169728359,130.29,28.387387387387392,170.76756756756757,4,0,0,0,0,0,0,0.0
2026-09-04 07:00:00-03:00,NE,1,14326.61266534757,84.8,25.721352657004832,360.5690821256039,4,0,0,0,0,0,0,0.0
2026-09-04 07:00:00-03:00,NE,7,14289.578905058555,84.8,27.327826086956524,383.1178743961353,4,0,0,0,0,0,0,0.0
2026-09-04 07:00:00-03:00,S,1,13935.42676846166,153.84,14.652197802197804,143.75,4,0,0,0,0,0,0,0.0
2026-09-04 07:00:00-03:00,S,7,14389.841130103152,153.84,15.77087912087912,42.832417582417584,4,0,0,0,0,0,0,0.0
2026-09-04 07:00:00-03:00,SECO,1,45292.29643113863,153.85,18.66294095803936,223.7864834756777,4,0,0,0,0,0,0,0.0
2026-09-04 07:00:00-03:00,SECO,7,43564.75185357159,153.85,22.83887857408095,180.9624953583364,4,0,0,0,0,0,0,0.0
2026-09-04 08:00:00-03:00,N,1,9216.237121811637,57.31,27.342702702702702,390.62342342342345,4,0,0,0,0,0,0,0.0
2026-09-04 08:00:00-03:00,N,7,9279.862381548968,57.31,28.814594594594595,343.8702702702703,4,0,0,0,0,0,0,0.0
2026-09-04 08:00:00-03:00,NE,1,14928.972153177128,57.31,26.641062801932367,516.8280193236715,4,0,0,0,0,0,0,0.0
2026-09-04 08:00:00-03:00,NE,7,14877.232215219825,57.31,27.959323671497582,561.6859903381643,4,0,0,0,0,0,0,0.0
2026-09-04 08:00:00-03:00,S,1,14545.543150441954,57.31,16.098076923076924,356.13461538461536,4,0,0,0,0,0,0,0.0
2026-09-04 08:00:00-03:00,S,7,14841.891889447712,57.31,15.796428571428573,299.260989010989,4,0,0,0,0,0,0,0.0
2026-09-04 08:00:00-03:00,SECO,1,47392.14885853329,57.31,21.102822131451912,442.3364277757148,4,0,0,0,0,0,0,0.0
2026-09-04 08:00:00-03:00,SECO,7,45140.41327701767,57.31,23.374192350538436,348.10731526178984,4,0,0,0,0,0,0,0.0
2026-09-04 09:00:00-03:00,N,1,9681.875193909962,57.31,29.04864864864865,598.6108108108108,4,0,0,0,0,0,0,0.0
2026-09-04 09:00:00-03:00,N,7,9675.257636688866,57.31,28.934414414414416,564.0234234234234,4,0,0,0,0,0,0,0.0
2026-09-04 09:00:00-03:00,NE,1,15169.2688937718,57.31,27.31729468599034,682.6222222222223,4,0,0,0,0,0,0,0.0
2026-09-04 09:00:00-03:00,NE,7,15170.579191675402,57.31,28.20927536231884,733.463768115942,4,0,0,0,0,0,0,0.0
2026-09-04 09:00:00-03:00,S,1,14465.755134087014,57.31,18.11236263736264,543.3131868131868,4,0,0,0,0,0,0,0.0
2026-09-04 09:00:00-03:00,S,7,15105.924798331864,57.31,17.775549450549452,445.1648351648352,4,0,0,0,0,0,0,0.0
2026-09-04 09:00:00-03:00,SECO,1,48736.13918807433,57.31,23.523468251021168,606.0,4,0,0,0,0,0,0,0.0
2026-09-04 09:00:00-03:00,SECO,7,45953.63957188544,57.31,22.829075380616413,496.58782027478645,4,0,0,0,0,0,0,0.0
2026-09-04 10:00:00-03:00,N,1,10030.619409406769,57.31,30.64666666666667,761.0432432432433,4,0,0,0,0,0,0,0.0
2026-09-04 10:00:00-03:00,N,7,10059.069054592996,57.31,29.57189189189189,718.9495495495496,4,0,0,0,0,0,0,0.0
2026-09-04 10:00:00-03:00,NE,1,15420.737690361397,57.31,27.915265700483094,796.7729468599034,4,0,0,0,0,0,0,0.0
2026-09-04 10:00:00-03:00,NE,7,15466.942487574095,57.31,28.526086956521738,828.5410628019324,4,0,0,0,0,0,0,0.0
2026-09-04 10:00:00-03:00,S,1,15028.547981260175,57.31,19.792582417582416,654.7197802197802,4,0,0,0,0,0,0,0.0
2026-09-04 10:00:00-03:00,S,7,15755.261489167562,57.31,18.501373626373628,554.4945054945056,4,0,0,0,0,0,0,0.0
2026-09-04 10:00:00-03:00,SECO,1,50377.41945904016,57.31,25.6275900482733,764.9788340141106,4,0,0,0,0,0,0,0.0
2026-09-04 10:00:00-03:00,SECO,7,47371.08654773627,57.31,23.341366505755666,580.4266617155588,4,0,0,0,0,0,0,0.0
2026-09-04 11:00:00-03:00,N,1,10251.816105267417,57.31,31.86900900900901,872.8522522522524,4,0,0,0,0,0,0,0.0
2026-09-04 11:00:00-03:00,N,7,10250.71014882788,57.31,30.443963963963967,821.3441441441441,4,0,0,0,0,0,0,0.0
2026-09-04 11:00:00-03:00,NE,1,15720.256262518056,57.31,28.63652173913044,864.6888888888889,4,0,0,0,0,0,0,0.0
2026-09-04 11:00:00-03:00,NE,7,15457.788478408133,57.31,28.73082125603865,860.2531400966184,4,0,0,0,0,0,0,0.0
2026-09-04 11:00:00-03:00,S,1,15244.819715512958,57.31,20.786263736263734,713.0082417582419,4,0,0,0,0,0,0,0.0
2026-09-04 11:00:00-03:00,S,7,15858.655179920046,57.31,19.35576923076923,622.1263736263737,4,0,0,0,0,0,0,0.0
2026-09-04 11:00:00-03:00,SECO,1,51524.5570829925,57.31,27.44166357222429,840.0612699591534,4,0,0,0,0,0,0,0.0
2026-09-04 11:00:00-03:00,SECO,7,48429.21591196196,57.31,23.85369476420349,609.3085777942814,4,0,0,0,0,0,0,0.0
2026-09-04 12:00:00-03:00,N,1,10339.629044571171,57.31,33.101621621621625,873.4720720720721,4,0,0,0,0,0,0,0.0
2026-09-04 12:00:00-03:00,N,7,10322.307426818978,57.31,31.452072072072077,861.7027027027027,4,0,0,0,0,0,0,0.0
2026-09-04 12:00:00-03:00,NE,1,15294.73695609638,57.31,28.849661835748798,876.5256038647343,4,0,0,0,0,0,0,0.0
2026-09-04 12:00:00-03:00,NE,7,15094.934509519917,57.31,28.9,826.8222222222222,4,0,0,0,0,0,0,0.0
2026-09-04 12:00:00-03:00,S,1,14711.974837230257,57.31,21.41648351648352,710.6263736263736,4,0,0,0,0,0,0,0.0
2026-09-04 12:00:00-03:00,S,7,15205.823807690496,57.31,20.26565934065934,640.8406593406594,4,0,0,0,0,0,0,0.0
2026-09-04 12:00:00-03:00,SECO,1,51320.31879009288,57.31,28.72331971778685,834.9116227255848,4,0,0,0,0,0,0,0.0
2026-09-04 12:00:00-03:00,SECO,7,48015.71304720558,57.31,24.322948384701075,583.4708503527664,4,0,0,0,0,0,0,0.0
2026-09-04 13:00:00-03:00,N,1,10721.873133935524,57.31,33.59621621621622,852.0180180180181,4,0,0,0,0,0,0,0.0
2026-09-04 13:00:00-03:00,N,7,10795.52785561137,57.31,32.32342342342343,835.4990990990991,4,0,0,0,0,0,0,0.0
2026-09-04 13:00:00-03:00,NE,1,15392.122870312956,57.31,29.010531400966183,775.4135265700484,4,0,0,0,0,0,0,0.0
2026-09-04 13:00:00-03:00,NE,7,15189.506619127244,57.31,28.966859903381646,730.3623188405797,4,0,0,0,0,0,0,0.0
2026-09-04 13:00:00-03:00,S,1,15155.606167124575,57.31,21.985439560439563,511.5741758241759,4,0,0,0,0,0,0,0.0
2026-09-04 13:00:00-03:00,S,7,15860.065622163693,57.31,21.09038461538461,610.054945054945,4,0,0,0,0,0,0,0.0
2026-09-04 13:00:00-03:00,SECO,1,52732.457844569486,57.31,29.47694021537319,720.3583364277757,4,0,0,0,0,0,0,0.0
2026-09-04 13:00:00-03:00,SECO,7,49415.61396021108,57.31,24.63334571110286,510.5581136279243,4,0,0,0,0,0,0,0.0
2026-09-04 14:00:00-03:00,N,1,10989.10135860944,109.42,33.82018018018019,755.6522522522523,4,0,0,0,0,0,0,0.0
2026-09-04 14:00:00-03:00,N,7,11035.629420063851,109.42,32.9827027027027,744.5927927927928,4,0,0,0,0,0,0,0.0
2026-09-04 14:00:00-03:00,NE,1,15860.29186250446,109.41,28.851400966183576,595.4415458937199,4,0,0,0,0,0,0,0.0
2026-09-04 14:00:00-03:00,NE,7,15367.062930928289,109.41,28.954685990338163,579.168115942029,4,0,0,0,0,0,0,0.0
2026-09-04 14:00:00-03:00,S,1,15436.097650997684,109.4,20.84835164835165,455.4807692307692,4,0,0,0,0,0,0,0.0
2026-09-04 14:00:00-03:00,S,7,16216.89913592785,109.4,21.596153846153847,530.9697802197802,4,0,0,0,0,0,0,0.0
2026-09-04 14:00:00-03:00,SECO,1,53620.301388324,109.41,29.351763832157445,602.3119197920535,4,0,0,0,0,0,0,0.0
2026-09-04 14:00:00-03:00,SECO,7,50098.40773646122,109.41,24.848384701076867,401.4645376903082,4,0,0,0,0,0,0,0.0
2026-09-04 15:00:00-03:00,N,1,10862.199351008814,176.02,33.332612612612614,603.9567567567568,4,0,0,0,0,0,0,0.0
2026-09-04 15:00:00-03:00,N,7,10957.547643796004,176.02,33.26450450450451,581.6702702702703,4,0,0,0,0,0,0,0.0
2026-09-04 15:00:00-03:00,NE,1,15953.076186636328,176.01,28.48434782608696,377.3188405797101,4,0,0,0,0,0,0,0.0
2026-09-04 15:00:00-03:00,NE,7,15430.565752846736,176.01,28.822222222222223,374.6628019323672,4,0,0,0,0,0,0,0.0
2026-09-04 15:00:00-03:00,S,1,15302.512418535818,176.0,19.76291208791209,363.0384615384616,4,0,0,0,0,0,0,0.0
2026-09-04 15:00:00-03:00,S,7,16187.236045487238,176.0,21.624725274725275,414.80494505494505,4,0,0,0,0,0,0,0.0
2026-09-04 15:00:00-03:00,SECO,1,53377.42626264558,176.01,29.084701076865947,440.4797623468251,4,0,0,0,0,0,0,0.0
2026-09-04 15:00:00-03:00,SECO,7,50720.74821512543,176.01,24.806015595989603,213.9275900482733,4,0,0,0,0,0,0,0.0
2026-09-04 16:00:00-03:00,N,1,10493.368518391571,193.68,32.8572972972973,401.7621621621622,4,0,0,0,0,0,0,0.0
2026-09-04 16:00:00-03:00,N,7,10595.90854890216,193.68,33.10234234234235,396.30270270270273,4,0,0,0,0,0,0,0.0
2026-09-04 16:00:00-03:00,NE,1,15912.875754423663,193.67,27.935265700483093,161.87149758454106,4,0,0,0,0,0,0,0.0
2026-09-04 16:00:00-03:00,NE,7,15467.82599822288,193.67,28.577971014492757,163.4048309178744,4,0,0,0,0,0,0,0.0
2026-09-04 16:00:00-03:00,S,1,15502.840123538155,193.66,19.27774725274725,176.3956043956044,4,0,0,0,0,0,0,0.0
2026-09-04 16:00:00-03:00,S,7,16346.9170402599,193.66,21.105769230769237,253.89835164835165,4,0,0,0,0,0,0,0.0
2026-09-04 16:00:00-03:00,SECO,1,53201.15580503723,193.67,28.29680653546231,245.7913108057928,4,0,0,0,0,0,0,0.0
2026-09-04 16:00:00-03:00,SECO,7,50587.72892339813,193.67,24.4737467508355,121.94764203490531,4,0,0,0,0,0,0,0.0
2026-09-04 17:00:00-03:00,N,1,9890.003539809128,233.59,32.03585585585586,177.7045045045045,4,0,0,0,0,0,0,0.0
2026-09-04 17:00:00-03:00,N,7,10022.21152549398,233.59,32.58990990990991,184.55315315315315,4,0,0,0,0,0,0,0.0
2026-09-04 17:00:00-03:00,NE,1,15658.957178583074,233.59,27.249951690821256,12.846376811594205,4,0,0,0,0,0,0,0.0
2026-09-04 17:00:00-03:00,NE,7,15260.6748307004,233.59,28.197487922705317,10.971014492753625,4,0,0,0,0,0,0,0.0
2026-09-04 17:00:00-03:00,S,1,15878.83954093221,233.58,17.896428571428572,65.5467032967033,4,0,0,0,0,0,0,0.0
2026-09-04 17:00:00-03:00,S,7,16608.879209754527,233.58,20.146153846153847,75.31043956043956,4,0,0,0,0,0,0,0.0
2026-09-04 17:00:00-03:00,SECO,1,52971.81285949508,233.59,27.109023393984405,57.29818046787969,4,0,0,0,0,0,0,0.0
2026-09-04 17:00:00-03:00,SECO,7,50698.51066384971,233.59,23.89160787226142,37.01930932046045,4,0,0,0,0,0,0,0.0
2026-09-04 18:00:00-03:00,N,1,9632.922434298884,487.21,30.94144144144144,32.308108108108115,4,0,0,0,0,0,0,0.0
2026-09-04 18:00:00-03:00,N,7,9751.680003562522,487.21,31.843243243243247,32.76216216216216,4,0,0,0,0,0,0,0.0
2026-09-04 18:00:00-03:00,NE,1,16344.744784632596,487.21,26.562995169082125,0.0,4,0,0,0,0,0,0,0.0
2026-09-04 18:00:00-03:00,NE,7,16075.579464929991,487.21,27.714202898550727,0.0,4,0,0,0,0,0,0,0.0
2026-09-04 18:00:00-03:00,S,1,17096.603833973237,487.2,16.792857142857144,0.3653846153846154,4,0,0,0,0,0,0,0.0
2026-09-04 18:00:00-03:00,S,7,17488.65437116541,487.2,18.86758241758242,0.0,4,0,0,0,0,0,0,0.0
2026-09-04 18:00:00-03:00,SECO,1,53956.39874212806,487.21,23.210805792796137,3.805792796138136,4,0,0,0,0,0,0,0.0
2026-09-04 18:00:00-03:00,SECO,7,53090.68865006424,487.21,23.11670998886001,4.358707760861493,4,0,0,0,0,0,0,0.0
2026-09-04 19:00:00-03:00,N,1,9856.45465410647,273.45,30.340180180180184,0.0,4,0,0,0,0,0,0,0.0
2026-09-04 19:00:00-03:00,N,7,9983.055307193958,273.45,31.020720720720725,0.0,4,0,0,0,0,0,0,0.0
2026-09-04 19:00:00-03:00,NE,1,16071.831487157377,273.44,26.346183574879227,0.0,4,0,0,0,0,0,0,0.0
2026-09-04 19:00:00-03:00,NE,7,15808.152381844278,273.44,27.184734299516908,0.0,4,0,0,0,0,0,0,0.0
2026-09-04 19:00:00-03:00,S,1,17206.724134537562,273.44,15.965659340659345,0.0,4,0,0,0,0,0,0,0.0
2026-09-04 19:00:00-03:00,S,7,17320.229450718867,273.44,17.51593406593407,0.0,4,0,0,0,0,0,0,0.0
2026-09-04 19:00:00-03:00,SECO,1,53901.286106258405,273.45,22.200037133308577,0.1240252506498328,4,0,0,0,0,0,0,0.0
2026-09-04 19:00:00-03:00,SECO,7,52650.15004138186,273.45,22.261381359079092,0.1069439287040475,4,0,0,0,0,0,0,0.0
2026-09-04 20:00:00-03:00,N,1,9987.882664823754,237.28,30.05171171171172,0.0,4,0,0,0,0,0,0,0.0
2026-09-04 20:00:00-03:00,N,7,10066.007010060184,237.28,30.210810810810813,0.0,4,0,0,0,0,0,0,0.0
2026-09-04 20:00:00-03:00,NE,1,15943.487928021706,237.27,26.112850241545893,0.0,4,0,0,0,0,0,0,0.0
2026-09-04 20:00:00-03:00,NE,7,15676.686779115442,237.27,26.676425120772947,0.0,4,0,0,0,0,0,0,0.0
2026-09-04 20:00:00-03:00,S,1,16316.222631382072,237.27,15.299175824175824,0.0,4,0,0,0,0,0,0,0.0
2026-09-04 20:00:00-03:00,S,7,16385.345724139734,237.27,16.237362637362637,0.0,4,0,0,0,0,0,0,0.0
2026-09-04 20:00:00-03:00,SECO,1,52503.03018974494,237.28,21.48845154103231,0.0,4,0,0,0,0,0,0,0.0
2026-09-04 20:00:00-03:00,SECO,7,51087.52046547428,237.28,21.568213887857407,0.0,4,0,0,0,0,0,0,0.0
2026-09-04 21:00:00-03:00,N,1,10075.693879506012,230.54,29.242522522522528,0.0,4,0,0,0,0,0,0,0.0
2026-09-04 21:00:00-03:00,N,7,10068.992102576798,230.54,29.592972972972973,0.0,4,0,0,0,0,0,0,0.0
2026-09-04 21:00:00-03:00,NE,1,16330.202023975471,230.53,26.02144927536232,0.0,4,0,0,0,0,0,0,0.0
2026-09-04 21:00:00-03:00,NE,7,15958.79125491035,230.53,26.1056038647343,0.0,4,0,0,0,0,0,0,0.0
2026-09-04 21:00:00-03:00,S,1,15383.68344161114,230.52,14.89368131868132,0.0,4,0,0,0,0,0,0,0.0
2026-09-04 21:00:00-03:00,S,7,15259.035180131792,230.52,15.474725274725277,0.0,4,0,0,0,0,0,0,0.0
2026-09-04 21:00:00-03:00,SECO,1,51464.55601729382,230.53,21.07304121797252,0.0,4,0,0,0,0,0,0,0.0
2026-09-04 21:00:00-03:00,SECO,7,50368.53249225911,230.53,22.482398811734125,0.0,4,0,0,0,0,0,0,0.0
2026-09-04 22:00:00-03:00,N,1,10170.882111462584,197.17,28.85405405405406,0.0,4,0,0,0,0,0,0,0.0
2026-09-04 22:00:00-03:00,N,7,10186.458596537528,197.17,29.02828828828829,0.0,4,0,0,0,0,0,0,0.0
2026-09-04 22:00:00-03:00,NE,1,16245.524376239156,197.16,25.815169082125603,0.0,4,0,0,0,0,0,0,0.0
2026-09-04 22:00:00-03:00,NE,7,15820.77794630436,197.16,25.71951690821256,0.0,4,0,0,0,0,0,0,0.0
2026-09-04 22:00:00-03:00,S,1,14412.376338857335,197.16,13.997527472527471,0.0,4,0,0,0,0,0,0,0.0
2026-09-04 22:00:00-03:00,S,7,14378.608904336576,197.16,14.870604395604396,0.0,4,0,0,0,0,0,0,0.0
2026-09-04 22:00:00-03:00,SECO,1,49232.691433383705,197.17,20.71656145562569,0.0,4,0,0,0,0,0,0,0.0
2026-09-04 22:00:00-03:00,SECO,7,48088.33676606803,197.17,21.88354994430004,0.0,4,0,0,0,0,0,0,0.0
2026-09-04 23:00:00-03:00,N,1,10222.394247588763,184.6,28.5818018018018,0.0,4,0,0,0,0,0,0,0.0
2026-09-04 23:00:00-03:00,N,7,10160.205373788398,184.6,28.484324324324326,0.0,4,0,0,0,0,0,0,0.0
2026-09-04 23:00:00-03:00,NE,1,15653.260362042132,184.59,25.46608695652174,0.0,4,0,0,0,0,0,0,0.0
2026-09-04 23:00:00-03:00,NE,7,15217.463286575396,184.59,25.31497584541063,0.0,4,0,0,0,0,0,0,0.0
2026-09-04 23:00:00-03:00,S,1,13035.053115749031,184.58,13.596153846153848,0.0,4,0,0,0,0,0,0,0.0
2026-09-04 23:00:00-03:00,S,7,13313.521820735255,184.58,14.296153846153846,0.0,4,0,0,0,0,0,0,0.0
2026-09-04 23:00:00-03:00,SECO,1,46526.93315398032,184.59,20.341292239138507,0.0,4,0,0,0,0,0,0,0.0
2026-09-04 23:00:00-03:00,SECO,7,45508.21148232547,184.59,21.36665428889714,0.0,4,0,0,0,0,0,0,0.0
2026-09-05 00:00:00-03:00,N,1,10049.205373326377,145.74,28.022162162162164,0.0,5,0,0,0,0,0,0,0.1814
2026-09-05 00:00:00-03:00,N,7,10002.71246355654,145.74,28.01603603603604,0.0,5,0,0,0,0,0,0,0.1814
2026-09-05 00:00:00-03:00,NE,1,15203.221622609872,145.74,25.156618357487925,0.0,5,0,0,0,0,0,0,0.0
2026-09-05 00:00:00-03:00,NE,7,14901.818841809318,145.74,24.939903381642512,0.0,5,0,0,0,0,0,0,0.0
2026-09-05 00:00:00-03:00,S,1,11810.73374414027,145.74,13.216483516483516,0.0,5,0,0,0,0,0,0,0.0
2026-09-05 00:00:00-03:00,S,7,12300.894400349836,145.74,13.724450549450552,0.0,5,0,0,0,0,0,0,0.0
2026-09-05 00:00:00-03:00,SECO,1,43834.8103869907,145.74,19.90311919792053,0.0,5,0,0,0,0,0,0,0.008
2026-09-05 00:00:00-03:00,SECO,7,43342.5223629923,145.74,20.83174897883401,0.0,5,0,0,0,0,0,0,0.008
2026-09-05 01:00:00-03:00,N,1,9831.98935653836,145.74,27.75423423423424,0.0,5,0,0,0,0,0,0,0.1814
2026-09-05 01:00:00-03:00,N,7,9766.105935377062,145.74,27.603243243243245,0.0,5,0,0,0,0,0,0,0.1814
2026-09-05 01:00:00-03:00,NE,1,14716.958094034768,145.74,24.97207729468599,0.0,5,0,0,0,0,0,0,0.0
2026-09-05 01:00:00-03:00,NE,7,14378.035647122108,145.74,24.62743961352657,0.0,5,0,0,0,0,0,0,0.0
2026-09-05 01:00:00-03:00,S,1,11089.466812417968,145.74,13.01510989010989,0.0,5,0,0,0,0,0,0,0.0
2026-09-05 01:00:00-03:00,S,7,11540.80781595967,145.74,13.237912087912088,0.0,5,0,0,0,0,0,0,0.0
2026-09-05 01:00:00-03:00,SECO,1,41566.04630713105,145.74,19.70003713330858,0.0,5,0,0,0,0,0,0,0.008
2026-09-05 01:00:00-03:00,SECO,7,40908.43600416013,145.74,20.35621982918678,0.0,5,0,0,0,0,0,0,0.008
2026-09-05 02:00:00-03:00,N,1,9622.430147792884,145.74,27.5190990990991,0.0,5,0,0,0,0,0,0,0.1814
2026-09-05 02:00:00-03:00,N,7,9507.259307740063,145.74,27.25873873873874,0.0,5,0,0,0,0,0,0,0.1814
2026-09-05 02:00:00-03:00,NE,1,14256.476859060718,145.74,24.726666666666667,0.0,5,0,0,0,0,0,0,0.0
2026-09-05 02:00:00-03:00,NE,7,14089.322736768154,145.74,24.498067632850244,0.0,5,0,0,0,0,0,0,0.0
2026-09-05 02:00:00-03:00,S,1,10577.523394615811,145.74,12.881318681318682,0.0,5,0,0,0,0,0,0,0.0
2026-09-05 02:00:00-03:00,S,7,11015.450643279157,145.74,12.802747252747253,0.0,5,0,0,0,0,0,0,0.0
2026-09-05 02:00:00-03:00,SECO,1,39999.36867589847,145.74,19.44418863720757,0.0,5,0,0,0,0,0,0,0.008
2026-09-05 02:00:00-03:00,SECO,7,39224.72592890536,145.74,20.007500928332718,0.0,5,0,0,0,0,0,0,0.008
2026-09-05 03:00:00-03:00,N,1,9300.198768969927,145.74,27.15441441441441,0.0,5,0,0,0,0,0,0,0.1814
2026-09-05 03:00:00-03:00,N,7,9205.998823405143,145.74,27.17009009009009,0.0,5,0,0,0,0,0,0,0.1814
2026-09-05 03:00:00-03:00,NE,1,14069.18258245389,145.74,24.62985507246377,0.0,5,0,0,0,0,0,0,0.0
2026-09-05 03:00:00-03:00,NE,7,13779.0647078706,145.74,24.5336231884058,0.0,5,0,0,0,0,0,0,0.0
2026-09-05 03:00:00-03:00,S,1,10355.447872989216,145.74,12.964835164835163,0.0,5,0,0,0,0,0,0,0.0
2026-09-05 03:00:00-03:00,S,7,10795.574764783056,145.74,12.498626373626374,0.0,5,0,0,0,0,0,0,0.0
2026-09-05 03:00:00-03:00,SECO,1,39340.16868174122,145.74,19.094244337170444,0.0,5,0,0,0,0,0,0,0.008
2026-09-05 03:00:00-03:00,SECO,7,38148.9177490179,145.74,19.772521351652436,0.0,5,0,0,0,0,0,0,0.008
2026-09-05 04:00:00-03:00,N,1,9158.318515406125,145.74,26.829729729729728,0.0,5,0,0,0,0,0,0,0.1814
2026-09-05 04:00:00-03:00,N,7,9064.335161394323,145.74,27.199819819819822,0.0,5,0,0,0,0,0,0,0.1814
2026-09-05 04:00:00-03:00,NE,1,13885.790848740826,145.74,24.450628019323677,0.0,5,0,0,0,0,0,0,0.0
2026-09-05 04:00:00-03:00,NE,7,13677.31467994304,145.74,24.871787439613527,0.0,5,0,0,0,0,0,0,0.0
2026-09-05 04:00:00-03:00,S,1,10300.050199865696,145.74,12.998626373626372,0.0,5,0,0,0,0,0,0,0.0
2026-09-05 04:00:00-03:00,S,7,10739.610278723523,145.74,12.27967032967033,0.0,5,0,0,0,0,0,0,0.0
2026-09-05 04:00:00-03:00,SECO,1,39261.555526741286,145.74,18.874675083549945,0.0,5,0,0,0,0,0,0,0.008
2026-09-05 04:00:00-03:00,SECO,7,37792.66821807066,145.74,19.663757890828077,0.0,5,0,0,0,0,0,0,0.008
2026-09-05 05:00:00-03:00,N,1,8858.429239751944,145.74,26.27837837837838,0.0,5,0,0,0,0,0,0,0.1814
2026-09-05 05:00:00-03:00,N,7,8831.86859672397,145.74,27.429909909909917,0.0,5,0,0,0,0,0,0,0.1814
2026-09-05 05:00:00-03:00,NE,1,13438.526800098483,145.74,24.259903381642516,12.732367149758456,5,0,0,0,0,0,0,0.0
2026-09-05 05:00:00-03:00,NE,7,13299.07593998538,145.74,25.46270531400966,13.101449275362318,5,0,0,0,0,0,0,0.0
2026-09-05 05:00:00-03:00,S,1,10691.0176239321,145.74,12.940384615384616,0.0,5,0,0,0,0,0,0,0.0
2026-09-05 05:00:00-03:00,S,7,10930.330778723524,145.74,12.20934065934066,0.0,5,0,0,0,0,0,0,0.0
2026-09-05 05:00:00-03:00,SECO,1,39538.62497634692,145.74,18.565577422948383,0.0118826587448941,5,0,0,0,0,0,0,0.008
2026-09-05 05:00:00-03:00,SECO,7,37878.451147375046,145.74,19.67612328258448,0.0,5,0,0,0,0,0,0,0.008
2026-09-05 06:00:00-03:00,N,1,8338.541162571482,145.74,25.614774774774776,28.38918918918919,5,0,0,0,0,0,0,0.1814
2026-09-05 06:00:00-03:00,N,7,8463.921589496107,145.74,27.75423423423424,31.24684684684685,5,0,0,0,0,0,0,0.1814
2026-09-05 06:00:00-03:00,NE,1,13105.47915020424,145.74,24.40599033816425,149.43091787439613,5,0,0,0,0,0,0,0.0
2026-09-05 06:00:00-03:00,NE,7,12921.780153355245,145.74,26.199806763285025,177.68502415458937,5,0,0,0,0,0,0,0.0
2026-09-05 06:00:00-03:00,S,1,11221.680689355726,145.74,12.821428571428571,5.269230769230769,5,0,0,0,0,0,0,0.0
2026-09-05 06:00:00-03:00,S,7,11261.347411834557,145.74,12.1728021978022,3.958791208791209,5,0,0,0,0,0,0,0.0
2026-09-05 06:00:00-03:00,SECO,1,40081.45512995146,145.74,18.3212402525065,35.01485332343112,5,0,0,0,0,0,0,0.008
2026-09-05 06:00:00-03:00,SECO,7,38221.86299490796,145.74,19.78447827701448,15.44040103973264,5,0,0,0,0,0,0,0.008
2026-09-05 07:00:00-03:00,N,1,8349.14040076053,145.74,26.137297297297295,171.190990990991,5,0,0,0,0,0,0,0.1814
2026-09-05 07:00:00-03:00,N,7,8469.176707856259,145.74,28.178918918918924,182.54774774774776,5,0,0,0,0,0,0,0.1814
2026-09-05 07:00:00-03:00,NE,1,13131.31583172657,145.74,25.64096618357488,359.7400966183575,5,0,0,0,0,0,0,0.0
2026-09-05 07:00:00-03:00,NE,7,12754.824788536744,145.74,26.93961352657005,398.0985507246377,5,0,0,0,0,0,0,0.0
2026-09-05 07:00:00-03:00,S,1,11671.82531083604,145.74,12.80934065934066,82.31043956043956,5,0,0,0,0,0,0,0.0
2026-09-05 07:00:00-03:00,S,7,11841.295025060765,145.74,12.187637362637364,83.97252747252747,5,0,0,0,0,0,0,0.0
2026-09-05 07:00:00-03:00,SECO,1,41610.86611965473,145.74,18.837653174897884,190.1021165985889,5,0,0,0,0,0,0,0.008
2026-09-05 07:00:00-03:00,SECO,7,39913.216510558486,145.74,19.97512068325288,91.08503527664314,5,0,0,0,0,0,0,0.008
2026-09-05 08:00:00-03:00,N,1,8722.239214601603,145.74,27.340900900900905,393.3657657657658,5,0,0,0,0,0,0,0.1814
2026-09-05 08:00:00-03:00,N,7,8719.526360516578,145.74,28.697297297297297,395.8342342342343,5,0,0,0,0,0,0,0.1814
2026-09-05 08:00:00-03:00,NE,1,13395.42128486399,145.74,26.89217391304348,534.0830917874396,5,0,0,0,0,0,0,0.0
2026-09-05 08:00:00-03:00,NE,7,13077.320312900249,145.74,27.64386473429952,579.4338164251208,5,0,0,0,0,0,0,0.0
2026-09-05 08:00:00-03:00,S,1,12449.64682489927,145.74,13.4478021978022,190.28296703296704,5,0,0,0,0,0,0,0.0
2026-09-05 08:00:00-03:00,S,7,12487.9261999451,145.74,12.272802197802196,193.07967032967036,5,0,0,0,0,0,0,0.0
2026-09-05 08:00:00-03:00,SECO,1,43055.20406653505,145.74,20.441849238767173,373.4864463423691,5,0,0,0,0,0,0,0.008
2026-09-05 08:00:00-03:00,SECO,7,41932.2720676082,145.74,20.135536576308947,273.7534348310434,5,0,0,0,0,0,0,0.008
2026-09-05 09:00:00-03:00,N,1,8995.066486991042,145.74,28.79261261261261,604.1405405405405,5,0,0,0,0,0,0,0.1814
2026-09-05 09:00:00-03:00,N,7,9098.498473641124,145.74,29.31675675675676,619.6684684684685,5,0,0,0,0,0,0,0.1814
2026-09-05 09:00:00-03:00,NE,1,13673.91256358822,145.74,27.96444444444445,705.9420289855072,5,0,0,0,0,0,0,0.0
2026-09-05 09:00:00-03:00,NE,7,13334.05613318222,145.74,28.34850241545894,752.8154589371981,5,0,0,0,0,0,0,0.0
2026-09-05 09:00:00-03:00,S,1,12972.479250786386,145.74,14.426648351648351,288.8928571428572,5,0,0,0,0,0,0,0.0
2026-09-05 09:00:00-03:00,S,7,13140.243185840784,145.74,11.855494505494503,312.91208791208794,5,0,0,0,0,0,0,0.0
2026-09-05 09:00:00-03:00,SECO,1,44794.37938990119,145.74,21.879391013739323,537.5859636093576,5,0,0,0,0,0,0,0.008
2026-09-05 09:00:00-03:00,SECO,7,43806.98014158545,145.74,21.444708503527664,353.56776828815447,5,0,0,0,0,0,0,0.008
2026-09-05 10:00:00-03:00,N,1,9224.493706764855,145.74,30.277657657657663,752.655855855856,5,0,0,0,0,0,0,0.1814
2026-09-05 10:00:00-03:00,N,7,9332.172340469646,145.74,29.989909909909912,776.7963963963964,5,0,0,0,0,0,0,0.1814
2026-09-05 10:00:00-03:00,NE,1,13847.708766863969,145.74,28.736908212560387,858.712077294686,5,0,0,0,0,0,0,0.0
2026-09-05 10:00:00-03:00,NE,7,13533.844671268267,145.74,28.672463768115943,851.4376811594203,5,0,0,0,0,0,0,0.0
2026-09-05 10:00:00-03:00,S,1,13486.973818765022,145.74,15.216208791208793,400.7335164835165,5,0,0,0,0,0,0,0.0
2026-09-05 10:00:00-03:00,S,7,13553.372379625096,145.74,12.186813186813186,391.33791208791206,5,0,0,0,0,0,0,0.0
2026-09-05 10:00:00-03:00,SECO,1,46053.8721329387,145.74,23.219754920163385,645.0950612699592,5,0,0,0,0,0,0,0.008
2026-09-05 10:00:00-03:00,SECO,7,45076.343645940826,145.74,21.459710360193093,413.30152246565166,5,0,0,0,0,0,0,0.008
2026-09-05 11:00:00-03:00,N,1,9381.166771993494,145.74,31.55765765765766,865.064864864865,5,0,0,0,0,0,0,0.1814
2026-09-05 11:00:00-03:00,N,7,9495.121052133158,145.74,30.85891891891892,875.1171171171172,5,0,0,0,0,0,0,0.1814
2026-09-05 11:00:00-03:00,NE,1,13951.542431456724,145.74,29.270628019323677,879.1971014492754,5,0,0,0,0,0,0,0.0
2026-09-05 11:00:00-03:00,NE,7,13550.506669897735,145.74,28.93671497584541,885.8898550724638,5,0,0,0,0,0,0,0.0
2026-09-05 11:00:00-03:00,S,1,13865.166611921422,145.74,15.952747252747251,519.3653846153846,5,0,0,0,0,0,0,0.0
2026-09-05 11:00:00-03:00,S,7,13859.489021467403,145.74,12.69120879120879,436.8021978021978,5,0,0,0,0,0,0,0.0
2026-09-05 11:00:00-03:00,SECO,1,46809.28009393414,145.74,24.21804678796881,791.9944300037133,5,0,0,0,0,0,0,0.008
2026-09-05 11:00:00-03:00,SECO,7,45931.77735964129,145.74,21.47281841812105,438.3078351281099,5,0,0,0,0,0,0,0.008
2026-09-05 12:00:00-03:00,N,1,9464.946112673244,145.74,32.48216216216216,890.8342342342344,5,0,0,0,0,0,0,0.1814
2026-09-05 12:00:00-03:00,N,7,9646.616013973136,145.74,31.77981981981982,906.3135135135136,5,0,0,0,0,0,0,0.1814
2026-09-05 12:00:00-03:00,NE,1,13422.62793533242,145.74,29.39584541062802,876.5816425120773,5,0,0,0,0,0,0,0.0
2026-09-05 12:00:00-03:00,NE,7,13229.150273078763,145.74,29.089565217391304,853.6753623188406,5,0,0,0,0,0,0,0.0
2026-09-05 12:00:00-03:00,S,1,13404.308111738905,145.74,16.785164835164835,374.9423076923077,5,0,0,0,0,0,0,0.0
2026-09-05 12:00:00-03:00,S,7,13390.286010704793,145.74,13.28076923076923,444.94505494505495,5,0,0,0,0,0,0,0.0
2026-09-05 12:00:00-03:00,SECO,1,46965.710847931485,145.74,25.521908652060898,805.2395098403267,5,0,0,0,0,0,0,0.008
2026-09-05 12:00:00-03:00,SECO,7,45451.85968427129,145.74,21.373523950984037,427.8937987374675,5,0,0,0,0,0,0,0.008
2026-09-05 13:00:00-03:00,N,1,9692.731474068903,145.74,32.63945945945946,837.8792792792793,5,0,0,0,0,0,0,0.1814
2026-09-05 13:00:00-03:00,N,7,9780.11634821594,145.74,32.605405405405406,868.4360360360361,5,0,0,0,0,0,0,0.1814
2026-09-05 13:00:00-03:00,NE,1,13395.128125148698,145.74,29.46850241545894,769.3159420289855,5,0,0,0,0,0,0,0.0
2026-09-05 13:00:00-03:00,NE,7,13077.685956313588,145.74,29.152560386473432,756.4763285024155,5,0,0,0,0,0,0,0.0
2026-09-05 13:00:00-03:00,S,1,13170.630712712426,145.74,16.374725274725275,371.0879120879121,5,0,0,0,0,0,0,0.0
2026-09-05 13:00:00-03:00,S,7,13019.008442864457,145.74,13.87032967032967,416.3214285714286,5,0,0,0,0,0,0,0.0
2026-09-05 13:00:00-03:00,SECO,1,47066.62214304183,145.74,25.904790196806537,652.6305235796509,5,0,0,0,0,0,0,0.008
2026-09-05 13:00:00-03:00,SECO,7,45459.46612503285,145.74,21.285926476049017,385.1455625696249,5,0,0,0,0,0,0,0.008
2026-09-05 14:00:00-03:00,N,1,9786.02988485949,145.74,32.48252252252252,751.0882882882884,5,0,0,0,0,0,0,0.1814
2026-09-05 14:00:00-03:00,N,7,9939.726074502329,145.74,33.219279279279284,764.9711711711712,5,0,0,0,0,0,0,0.1814
2026-09-05 14:00:00-03:00,NE,1,13478.688806208247,145.74,29.24657004830918,600.8289855072463,5,0,0,0,0,0,0,0.0
2026-09-05 14:00:00-03:00,NE,7,13155.289495107423,145.74,29.13314009661836,602.6309178743961,5,0,0,0,0,0,0,0.0
2026-09-05 14:00:00-03:00,S,1,13205.15764382545,145.74,16.411538461538463,312.62637362637366,5,0,0,0,0,0,0,0.0
2026-09-05 14:00:00-03:00,S,7,12826.17684199592,145.74,14.201648351648352,353.6236263736264,5,0,0,0,0,0,0,0.0
2026-09-05 14:00:00-03:00,SECO,1,47092.60119271715,145.74,25.573041217972523,557.9082807278128,5,0,0,0,0,0,0,0.008
2026-09-05 14:00:00-03:00,SECO,7,45576.24356749182,145.74,21.094615670256218,315.6123282584478,5,0,0,0,0,0,0,0.008
2026-09-05 15:00:00-03:00,N,1,9724.788245423806,145.74,32.73747747747748,586.3783783783784,5,0,0,0,0,0,0,0.1814
2026-09-05 15:00:00-03:00,N,7,9762.885168217495,145.74,33.46846846846847,579.9513513513514,5,0,0,0,0,0,0,0.1814
2026-09-05 15:00:00-03:00,NE,1,13815.533792912,145.74,28.747053140096614,385.4685990338164,5,0,0,0,0,0,0,0.0
2026-09-05 15:00:00-03:00,NE,7,13450.59678846712,145.74,29.0375845410628,396.7806763285024,5,0,0,0,0,0,0,0.0
2026-09-05 15:00:00-03:00,S,1,13131.54774689427,145.74,16.70274725274725,277.967032967033,5,0,0,0,0,0,0,0.0
2026-09-05 15:00:00-03:00,S,7,12823.261413267086,145.74,14.311263736263736,245.54945054945057,5,0,0,0,0,0,0,0.0
2026-09-05 15:00:00-03:00,SECO,1,47325.95460392893,145.74,25.74426290382473,300.2120311919792,5,0,0,0,0,0,0,0.008
2026-09-05 15:00:00-03:00,SECO,7,45708.67202351085,145.74,20.847864834756777,205.2361678425548,5,0,0,0,0,0,0,0.008
2026-09-05 16:00:00-03:00,N,1,9556.87074741885,145.74,32.24990990990991,372.9765765765766,5,0,0,0,0,0,0,0.1814
2026-09-05 16:00:00-03:00,N,7,9521.62660276213,145.74,33.27747747747748,392.4414414414415,5,0,0,0,0,0,0,0.1814
2026-09-05 16:00:00-03:00,NE,1,14641.530204433202,145.74,28.17768115942029,160.0608695652174,5,0,0,0,0,0,0,0.0
2026-09-05 16:00:00-03:00,NE,7,14304.19066980266,145.74,28.73777777777778,174.45700483091787,5,0,0,0,0,0,0,0.0
2026-09-05 16:00:00-03:00,S,1,13387.276151203723,145.74,16.5,154.65384615384616,5,0,0,0,0,0,0,0.0
2026-09-05 16:00:00-03:00,S,7,13104.621176678971,145.74,14.004395604395604,148.12912087912088,5,0,0,0,0,0,0,0.0
2026-09-05 16:00:00-03:00,SECO,1,46979.14704594472,145.74,25.412662458225025,221.6346082435945,5,0,0,0,0,0,0,0.008
2026-09-05 16:00:00-03:00,SECO,7,46437.32118769797,145.74,20.511139992573337,118.60564426290382,5,0,0,0,0,0,0,0.008
2026-09-05 17:00:00-03:00,N,1,9218.374331310695,148.04,31.876216216216218,177.74414414414417,5,0,0,0,0,0,0,0.1814
2026-09-05 17:00:00-03:00,N,7,9265.96037491294,148.04,32.73279279279279,184.1009009009009,5,0,0,0,0,0,0,0.1814
2026-09-05 17:00:00-03:00,NE,1,15338.61739065897,148.04,27.41304347826087,12.822222222222225,5,0,0,0,0,0,0,0.0
2026-09-05 17:00:00-03:00,NE,7,15182.9064480725,148.04,28.31033816425121,11.809661835748791,5,0,0,0,0,0,0,0.0
2026-09-05 17:00:00-03:00,S,1,14043.76118800281,148.04,15.786263736263738,38.03021978021978,5,0,0,0,0,0,0,0.0
2026-09-05 17:00:00-03:00,S,7,13900.6600849292,148.04,13.490659340659342,44.14010989010989,5,0,0,0,0,0,0,0.0
2026-09-05 17:00:00-03:00,SECO,1,49327.40213404369,148.04,25.2545116969922,54.72595618269588,5,0,0,0,0,0,0,0.008
2026-09-05 17:00:00-03:00,SECO,7,48280.01666571631,148.04,20.05128109914593,34.56813962124025,5,0,0,0,0,0,0,0.008
2026-09-05 18:00:00-03:00,N,1,9299.762429070252,148.04,31.29225225225225,31.863063063063063,5,0,0,0,0,0,0,0.1814
2026-09-05 18:00:00-03:00,N,7,9324.172653725524,148.04,31.99117117117117,33.27207207207207,5,0,0,0,0,0,0,0.1814
2026-09-05 18:00:00-03:00,NE,1,16405.56339168514,148.04,26.744734299516907,0.0,5,0,0,0,0,0,0,0.0
2026-09-05 18:00:00-03:00,NE,7,16324.605815878214,148.04,27.825410628019323,0.0,5,0,0,0,0,0,0,0.0
2026-09-05 18:00:00-03:00,S,1,15388.97204449198,148.04,14.677747252747253,0.3653846153846154,5,0,0,0,0,0,0,0.0
2026-09-05 18:00:00-03:00,S,7,15233.618392769868,148.04,12.803846153846155,0.0,5,0,0,0,0,0,0,0.0
2026-09-05 18:00:00-03:00,SECO,1,52552.6756991349,148.04,23.5979948013368,3.5933902710731527,5,0,0,0,0,0,0,0.008
2026-09-05 18:00:00-03:00,SECO,7,51640.75090721967,148.04,19.504938730040845,3.325659116227256,5,0,0,0,0,0,0,0.008
2026-09-05 19:00:00-03:00,N,1,9546.008277777037,148.04,30.488108108108108,0.0,5,0,0,0,0,0,0,0.1814
2026-09-05 19:00:00-03:00,N,7,9585.162412036738,148.04,31.14252252252253,0.0,5,0,0,0,0,0,0,0.1814
2026-09-05 19:00:00-03:00,NE,1,16103.947791011971,148.04,26.418357487922705,0.0,5,0,0,0,0,0,0,0.0
2026-09-05 19:00:00-03:00,NE,7,16064.177835968729,148.04,27.25826086956522,0.0,5,0,0,0,0,0,0,0.0
2026-09-05 19:00:00-03:00,S,1,15381.398312113026,148.04,13.877747252747254,0.0,5,0,0,0,0,0,0,0.0
2026-09-05 19:00:00-03:00,S,7,14998.090977078877,148.04,11.99532967032967,0.0,5,0,0,0,0,0,0,0.0
2026-09-05 19:00:00-03:00,SECO,1,52195.57425745587,148.04,22.032380245079835,0.1240252506498328,5,0,0,0,0,0,0,0.008
2026-09-05 19:00:00-03:00,SECO,7,51191.24853940888,148.04,18.97036761975492,0.0668399554400297,5,0,0,0,0,0,0,0.008
2026-09-05 20:00:00-03:00,N,1,9615.882749138607,148.04,29.884864864864863,0.0,5,0,0,0,0,0,0,0.1814
2026-09-05 20:00:00-03:00,N,7,9683.74392278497,148.04,30.29675675675676,0.0,5,0,0,0,0,0,0,0.1814
2026-09-05 20:00:00-03:00,NE,1,15858.580787604857,148.04,26.18521739130435,0.0,5,0,0,0,0,0,0,0.0
2026-09-05 20:00:00-03:00,NE,7,15808.339323151346,148.04,26.751014492753622,0.0,5,0,0,0,0,0,0,0.0
2026-09-05 20:00:00-03:00,S,1,14592.04675580002,148.04,13.490934065934066,0.0,5,0,0,0,0,0,0,0.0
2026-09-05 20:00:00-03:00,S,7,14367.19593097854,148.04,11.290934065934067,0.0,5,0,0,0,0,0,0,0.0
2026-09-05 20:00:00-03:00,SECO,1,50647.42440217909,148.04,21.295061269959152,0.0,5,0,0,0,0,0,0,0.008
2026-09-05 20:00:00-03:00,SECO,7,49515.83250567986,148.04,18.482064611956925,0.0,5,0,0,0,0,0,0,0.008
2026-09-05 21:00:00-03:00,N,1,9697.161476021298,148.04,29.366126126126133,0.0,5,0,0,0,0,0,0,0.1814
2026-09-05 21:00:00-03:00,N,7,9766.031773263623,148.04,29.663603603603605,0.0,5,0,0,0,0,0,0,0.1814
2026-09-05 21:00:00-03:00,NE,1,15979.019299296917,148.04,25.95777777777778,0.0,5,0,0,0,0,0,0,0.0
2026-09-05 21:00:00-03:00,NE,7,15802.721416722614,148.04,26.391980676328505,0.0,5,0,0,0,0,0,0,0.0
2026-09-05 21:00:00-03:00,S,1,13679.688882287255,148.04,12.682967032967031,0.0,5,0,0,0,0,0,0,0.0
2026-09-05 21:00:00-03:00,S,7,13689.950907366116,148.04,10.790384615384616,0.0,5,0,0,0,0,0,0,0.0
2026-09-05 21:00:00-03:00,SECO,1,49297.73290883815,148.04,20.65525436316376,0.0,5,0,0,0,0,0,0,0.008
2026-09-05 21:00:00-03:00,SECO,7,47563.56888676994,148.04,17.508243594504272,0.0,5,0,0,0,0,0,0,0.008
2026-09-05 22:00:00-03:00,N,1,9767.523507374295,148.04,28.716216216216218,0.0,5,0,0,0,0,0,0,0.1814
2026-09-05 22:00:00-03:00,N,7,9833.094222444175,148.04,29.09531531531532,0.0,5,0,0,0,0,0,0,0.1814
2026-09-05 22:00:00-03:00,NE,1,15751.499661177577,148.04,25.682222222222222,0.0,5,0,0,0,0,0,0,0.0
2026-09-05 22:00:00-03:00,NE,7,15489.711790930109,148.04,26.02289855072464,0.0,5,0,0,0,0,0,0,0.0
2026-09-05 22:00:00-03:00,S,1,12524.680018387891,148.04,12.368956043956045,0.0,5,0,0,0,0,0,0,0.0
2026-09-05 22:00:00-03:00,S,7,12666.009451769984,148.04,10.48076923076923,0.0,5,0,0,0,0,0,0,0.0
2026-09-05 22:00:00-03:00,SECO,1,47043.183929366125,148.04,20.35904196063869,0.0,5,0,0,0,0,0,0,0.008
2026-09-05 22:00:00-03:00,SECO,7,45384.85800369155,148.04,17.15436316375789,0.0,5,0,0,0,0,0,0,0.008
2026-09-05 23:00:00-03:00,N,1,9775.785409406226,148.04,28.253873873873875,0.0,5,0,0,0,0,0,0,0.1814
2026-09-05 23:00:00-03:00,N,7,9805.761652969186,148.04,28.48720720720721,0.0,5,0,0,0,0,0,0,0.1814
2026-09-05 23:00:00-03:00,NE,1,15444.57229401076,148.04,25.38106280193237,0.0,5,0,0,0,0,0,0,0.0
2026-09-05 23:00:00-03:00,NE,7,15255.664902481412,148.04,25.643478260869568,0.0,5,0,0,0,0,0,0,0.0
2026-09-05 23:00:00-03:00,S,1,11623.903239085334,148.04,12.122802197802198,0.0,5,0,0,0,0,0,0,0.0
2026-09-05 23:00:00-03:00,S,7,11776.008463806593,148.04,10.234615384615385,0.0,5,0,0,0,0,0,0,0.0
2026-09-05 23:00:00-03:00,SECO,1,44950.02241730905,148.04,19.971147419235056,0.0,5,0,0,0,0,0,0,0.008
2026-09-05 23:00:00-03:00,SECO,7,43666.698727469455,148.04,16.87133308577794,0.0,5,0,0,0,0,0,0,0.008
2026-09-06 00:00:00-03:00,N,1,9579.747452422833,157.5,27.963243243243248,0.0,6,0,0,0,0,1,0,0.0
2026-09-06 00:00:00-03:00,N,7,9701.272529334508,157.5,27.91945945945946,0.0,6,0,0,0,0,1,0,0.0
2026-09-06 00:00:00-03:00,NE,1,14887.012555213998,157.49,25.120676328502416,0.0,6,0,0,0,0,1,0,0.0
2026-09-06 00:00:00-03:00,NE,7,14848.71933814732,157.49,25.33536231884058,0.0,6,0,0,0,0,1,0,0.0
2026-09-06 00:00:00-03:00,S,1,10291.706465222862,157.48,11.76456043956044,0.0,6,0,0,0,0,1,0,0.0
2026-09-06 00:00:00-03:00,S,7,10806.647932845552,157.48,10.08846153846154,0.0,6,0,0,0,0,1,0,0.0
2026-09-06 00:00:00-03:00,SECO,1,42234.34912271597,157.49,19.692461938358708,0.0,6,0,0,0,0,1,0,0.0
2026-09-06 00:00:00-03:00,SECO,7,42297.69579456727,157.49,16.696658002228,0.0,6,0,0,0,0,1,0,0.0
2026-09-06 01:00:00-03:00,N,1,9402.292417779932,155.0,27.604864864864865,0.0,6,0,0,0,0,1,0,0.0
2026-09-06 01:00:00-03:00,N,7,9443.126454910443,155.0,27.443063063063065,0.0,6,0,0,0,0,1,0,0.0
2026-09-06 01:00:00-03:00,NE,1,14483.97486333228,154.99,24.89961352657005,0.0,6,0,0,0,0,1,0,0.0
2026-09-06 01:00:00-03:00,NE,7,14430.56704157876,154.99,25.08734299516908,0.0,6,0,0,0,0,1,0,0.0
2026-09-06 01:00:00-03:00,S,1,9581.886019847405,154.99,11.503571428571428,0.0,6,0,0,0,0,1,0,0.0
2026-09-06 01:00:00-03:00,S,7,10107.630503460545,154.99,9.993681318681318,0.0,6,0,0,0,0,1,0,0.0
2026-09-06 01:00:00-03:00,SECO,1,40008.37043691534,155.0,19.39227627181582,0.0,6,0,0,0,0,1,0,0.0
2026-09-06 01:00:00-03:00,SECO,7,40468.02638350278,155.0,16.518046787968807,0.0,6,0,0,0,0,1,0,0.0
2026-09-06 02:00:00-03:00,N,1,9249.27155416169,151.47,27.28756756756757,0.0,6,0,0,0,0,1,0,0.0
2026-09-06 02:00:00-03:00,N,7,9245.021798145,151.47,27.122522522522523,0.0,6,0,0,0,0,1,0,0.0
2026-09-06 02:00:00-03:00,NE,1,14111.232595623536,151.46,24.76183574879227,0.0,6,0,0,0,0,1,0,0.0
2026-09-06 02:00:00-03:00,NE,7,14111.755821261862,151.46,24.995169082125603,0.0,6,0,0,0,0,1,0,0.0
2026-09-06 02:00:00-03:00,S,1,9147.992356321683,151.46,11.00054945054945,0.0,6,0,0,0,0,1,0,0.0
2026-09-06 02:00:00-03:00,S,7,9662.076337446984,151.46,9.96923076923077,0.0,6,0,0,0,0,1,0,0.0
2026-09-06 02:00:00-03:00,SECO,1,38442.15999367998,151.47,18.76427775714816,0.0,6,0,0,0,0,1,0,0.0
2026-09-06 02:00:00-03:00,SECO,7,38977.4704464482,151.47,16.44608243594504,0.0,6,0,0,0,0,1,0,0.0
2026-09-06 03:00:00-03:00,N,1,9048.913933515983,148.62,26.86774774774775,0.0,6,0,0,0,0,1,0,0.0
2026-09-06 03:00:00-03:00,N,7,9019.95583722544,148.62,26.955135135135137,0.0,6,0,0,0,0,1,0,0.0
2026-09-06 03:00:00-03:00,NE,1,13863.224850133109,148.61,24.439806763285024,0.0,6,0,0,0,0,1,0,0.0
2026-09-06 03:00:00-03:00,NE,7,13845.064981971922,148.61,25.076618357487924,0.0,6,0,0,0,0,1,0,0.0
2026-09-06 03:00:00-03:00,S,1,8864.051184692691,148.61,10.461263736263737,0.0,6,0,0,0,0,1,0,0.0
2026-09-06 03:00:00-03:00,S,7,9371.129090734396,148.61,9.996153846153849,0.0,6,0,0,0,0,1,0,0.0
2026-09-06 03:00:00-03:00,SECO,1,37125.516316323294,148.62,17.749238767174155,0.0,6,0,0,0,0,1,0,0.0
2026-09-06 03:00:00-03:00,SECO,7,37947.61234548852,148.62,16.46531748978834,0.0,6,0,0,0,0,1,0,0.0
2026-09-06 04:00:00-03:00,N,1,8859.40837348267,148.49,26.578738738738743,0.0,6,0,0,0,0,1,0,0.0
2026-09-06 04:00:00-03:00,N,7,8868.351662716537,148.49,27.043423423423427,0.0,6,0,0,0,0,1,0,0.0
2026-09-06 04:00:00-03:00,NE,1,13598.333403142242,148.48,24.29487922705314,0.0,6,0,0,0,0,1,0,0.0
2026-09-06 04:00:00-03:00,NE,7,13664.7426459636,148.48,25.45236714975845,0.0,6,0,0,0,0,1,0,0.0
2026-09-06 04:00:00-03:00,S,1,8793.550864220586,148.48,10.318956043956044,0.0,6,0,0,0,0,1,0,0.0
2026-09-06 04:00:00-03:00,S,7,9129.70444335591,148.48,10.147527472527472,0.0,6,0,0,0,0,1,0,0.0
2026-09-06 04:00:00-03:00,SECO,1,36623.86632998404,148.49,17.35072409951727,0.0,6,0,0,0,0,1,0,0.0
2026-09-06 04:00:00-03:00,SECO,7,37393.3571377491,148.49,16.54441143705904,0.0,6,0,0,0,0,1,0,0.0
2026-09-06 05:00:00-03:00,N,1,8653.122321757724,147.27,26.427567567567568,0.0,6,0,0,0,0,1,0,0.0
2026-09-06 05:00:00-03:00,N,7,8674.034496516397,147.27,27.281981981981986,0.0,6,0,0,0,0,1,0,0.0
2026-09-06 05:00:00-03:00,NE,1,13134.2091441776,147.26,24.159227053140096,11.944927536231884,6,0,0,0,0,1,0,0.0
2026-09-06 05:00:00-03:00,NE,7,13214.282498036644,147.26,26.08512077294686,14.18840579710145,6,0,0,0,0,1,0,0.0
2026-09-06 05:00:00-03:00,S,1,8778.248587624921,147.26,10.11456043956044,0.0,6,0,0,0,0,1,0,0.0
2026-09-06 05:00:00-03:00,S,7,9113.188208018944,147.26,10.33543956043956,0.0,6,0,0,0,0,1,0,0.0
2026-09-06 05:00:00-03:00,SECO,1,36547.85706431313,147.27,17.205681396212402,0.0118826587448941,6,0,0,0,0,1,0,0.0
2026-09-06 05:00:00-03:00,SECO,7,37187.330688283946,147.27,16.71901225399183,0.0,6,0,0,0,0,1,0,0.0
2026-09-06 06:00:00-03:00,N,1,8369.968721047819,64.87,26.286486486486485,29.78018018018018,6,0,0,0,0,1,0,0.0
2026-09-06 06:00:00-03:00,N,7,8386.629842750446,64.87,27.635135135135137,31.686486486486487,6,0,0,0,0,1,0,0.0
2026-09-06 06:00:00-03:00,NE,1,12604.25731766576,64.86,24.1624154589372,150.12946859903383,6,0,0,0,0,1,0,0.0
2026-09-06 06:00:00-03:00,NE,7,12788.895071706129,64.86,26.8512077294686,180.29082125603867,6,0,0,0,0,1,0,0.0
2026-09-06 06:00:00-03:00,S,1,8931.862959072905,64.85,9.927747252747253,8.673076923076923,6,0,0,0,0,1,0,0.0
2026-09-06 06:00:00-03:00,S,7,9301.620978998724,64.85,10.55989010989011,6.96978021978022,6,0,0,0,0,1,0,0.0
2026-09-06 06:00:00-03:00,SECO,1,35864.602773629194,64.86,17.104307463795024,15.777200148533234,6,0,0,0,0,1,0,0.0
2026-09-06 06:00:00-03:00,SECO,7,36309.19846873866,64.86,16.98213887857408,21.670998886000746,6,0,0,0,0,1,0,0.0
2026-09-06 07:00:00-03:00,N,1,8210.871574460698,57.31,26.66630630630631,173.85225225225224,6,0,0,0,0,1,0,0.0
2026-09-06 07:00:00-03:00,N,7,8243.884108312328,57.31,28.116576576576577,181.1117117117117,6,0,0,0,0,1,0,0.0
2026-09-06 07:00:00-03:00,NE,1,12186.143493396838,57.31,25.27256038647343,347.66859903381646,6,0,0,0,0,1,0,0.0
2026-09-06 07:00:00-03:00,NE,7,12372.105820901084,57.31,27.623961352657005,398.0144927536232,6,0,0,0,0,1,0,0.0
2026-09-06 07:00:00-03:00,S,1,9065.092505866256,57.31,9.742582417582415,100.67307692307692,6,0,0,0,0,1,0,0.0
2026-09-06 07:00:00-03:00,S,7,9469.109085141588,57.31,10.820879120879122,106.14835164835164,6,0,0,0,0,1,0,0.0
2026-09-06 07:00:00-03:00,SECO,1,36141.89587823223,57.31,17.23349424433717,75.81878945414036,6,0,0,0,0,1,0,0.0
2026-09-06 07:00:00-03:00,SECO,7,36456.76068444983,57.31,17.264649090233938,114.6060155959896,6,0,0,0,0,1,0,0.0
2026-09-06 08:00:00-03:00,N,1,8338.165237405787,57.31,27.846666666666668,380.9099099099099,6,0,0,0,0,1,0,0.0
2026-09-06 08:00:00-03:00,N,7,8271.376694622817,57.31,28.682522522522525,387.381981981982,6,0,0,0,0,1,0,0.0
2026-09-06 08:00:00-03:00,NE,1,11816.449189213585,57.31,26.507342995169083,567.1584541062803,6,0,0,0,0,1,0,0.0
2026-09-06 08:00:00-03:00,NE,7,12106.37447916664,57.31,28.313236714975847,594.8009661835749,6,0,0,0,0,1,0,0.0
2026-09-06 08:00:00-03:00,S,1,9705.712767491024,57.31,10.30631868131868,241.7087912087912,6,0,0,0,0,1,0,0.0
2026-09-06 08:00:00-03:00,S,7,9902.92353863738,57.31,11.145329670329671,284.7582417582417,6,0,0,0,0,1,0,0.0
2026-09-06 08:00:00-03:00,SECO,1,36962.0935190848,57.31,17.348756034162644,189.50538432974375,6,0,0,0,0,1,0,0.0
2026-09-06 08:00:00-03:00,SECO,7,37491.689472293,57.31,17.55354623096918,249.5027849981433,6,0,0,0,0,1,0,0.0
2026-09-06 09:00:00-03:00,N,1,8314.411207502704,57.31,29.01531531531532,571.055855855856,6,0,0,0,0,1,0,0.0
2026-09-06 09:00:00-03:00,N,7,8376.819781541382,57.31,28.50468468468469,604.6504504504505,6,0,0,0,0,1,0,0.0
2026-09-06 09:00:00-03:00,NE,1,11846.957080659551,57.31,27.84657004830918,730.1710144927537,6,0,0,0,0,1,0,0.0
2026-09-06 09:00:00-03:00,NE,7,12151.105561151706,57.31,28.5887922705314,791.7323671497585,6,0,0,0,0,1,0,0.0
2026-09-06 09:00:00-03:00,S,1,10464.563419427788,57.31,11.346978021978025,414.1978021978022,6,0,0,0,0,1,0,0.0
2026-09-06 09:00:00-03:00,S,7,10640.636044818855,57.31,11.251648351648353,433.3379120879121,6,0,0,0,0,1,0,0.0
2026-09-06 09:00:00-03:00,SECO,1,38650.01256935764,57.31,18.005272929818045,242.3538804307464,6,0,0,0,0,1,0,0.0
2026-09-06 09:00:00-03:00,SECO,7,38622.744065631785,57.31,18.38232454511697,346.8024507983661,6,0,0,0,0,1,0,0.0
2026-09-06 10:00:00-03:00,N,1,8429.83674223223,57.31,30.3554954954955,757.581981981982,6,0,0,0,0,1,0,0.0
2026-09-06 10:00:00-03:00,N,7,8496.799224875884,57.31,29.23369369369369,760.8324324324325,6,0,0,0,0,1,0,0.0
2026-09-06 10:00:00-03:00,NE,1,12206.545625792964,57.31,28.842995169082126,856.7458937198068,6,0,0,0,0,1,0,0.0
2026-09-06 10:00:00-03:00,NE,7,12363.767093833916,57.31,28.95169082125604,894.5536231884058,6,0,0,0,0,1,0,0.0
2026-09-06 10:00:00-03:00,S,1,11408.828285322725,57.31,12.582417582417584,537.054945054945,6,0,0,0,0,1,0,0.0
2026-09-06 10:00:00-03:00,S,7,11765.733843315224,57.31,11.69368131868132,531.5631868131868,6,0,0,0,0,1,0,0.0
2026-09-06 10:00:00-03:00,SECO,1,40508.0331671325,57.31,18.20174526550316,299.2428518380988,6,0,0,0,0,1,0,0.0
2026-09-06 10:00:00-03:00,SECO,7,40171.25123111408,57.31,18.535907909394727,416.5258076494615,6,0,0,0,0,1,0,0.0
2026-09-06 11:00:00-03:00,N,1,8689.779344125192,57.31,31.632792792792795,849.4144144144144,6,0,0,0,0,1,0,0.0
2026-09-06 11:00:00-03:00,N,7,8811.176895509898,57.31,30.07531531531532,860.4630630630631,6,0,0,0,0,1,0,0.0
2026-09-06 11:00:00-03:00,NE,1,12328.85957909353,57.31,29.27671497584541,905.927536231884,6,0,0,0,0,1,0,0.0
2026-09-06 11:00:00-03:00,NE,7,12444.985256814412,57.31,29.23777777777778,929.2347826086956,6,0,0,0,0,1,0,0.0
2026-09-06 11:00:00-03:00,S,1,11347.873954122508,57.31,13.396978021978022,689.5631868131868,6,0,0,0,0,1,0,0.0
2026-09-06 11:00:00-03:00,S,7,12015.45384592013,57.31,12.235714285714286,582.8269230769231,6,0,0,0,0,1,0,0.0
2026-09-06 11:00:00-03:00,SECO,1,41475.65319173554,57.31,18.43616784255477,336.87820274786486,6,0,0,0,0,1,0,0.0
2026-09-06 11:00:00-03:00,SECO,7,41144.09158090365,57.31,18.66528035647976,453.2577051615299,6,0,0,0,0,1,0,0.0
2026-09-06 12:00:00-03:00,N,1,8982.789459838139,57.31,32.447027027027026,884.6522522522523,6,0,0,0,0,1,0,0.0
2026-09-06 12:00:00-03:00,N,7,9094.748010960118,57.31,31.001261261261263,895.8774774774776,6,0,0,0,0,1,0,0.0
2026-09-06 12:00:00-03:00,NE,1,12301.278591059943,57.31,29.56618357487923,887.2937198067633,6,0,0,0,0,1,0,0.0
2026-09-06 12:00:00-03:00,NE,7,12442.43871710771,57.31,29.441062801932368,891.6048309178744,6,0,0,0,0,1,0,0.0
2026-09-06 12:00:00-03:00,S,1,10796.426327086729,57.31,14.310714285714289,754.5631868131868,6,0,0,0,0,1,0,0.0
2026-09-06 12:00:00-03:00,S,7,11634.342661056791,57.31,12.865659340659342,585.0,6,0,0,0,0,1,0,0.0
2026-09-06 12:00:00-03:00,SECO,1,42048.78333218198,57.31,18.72573338284441,324.1719272187152,6,0,0,0,0,1,0,0.0
2026-09-06 12:00:00-03:00,SECO,7,41858.53558090364,57.31,18.747196435202376,454.4118083921277,6,0,0,0,0,1,0,0.0
2026-09-06 13:00:00-03:00,N,1,9147.631822460567,57.31,33.09657657657658,871.8810810810811,6,0,0,0,0,1,0,0.0
2026-09-06 13:00:00-03:00,N,7,9300.61407532566,57.31,31.85045045045045,863.818018018018,6,0,0,0,0,1,0,0.0
2026-09-06 13:00:00-03:00,NE,1,12266.967347018512,57.31,29.720193236714977,745.3217391304348,6,0,0,0,0,1,0,0.0
2026-09-06 13:00:00-03:00,NE,7,12405.831867431469,57.31,29.57536231884058,785.1536231884058,6,0,0,0,0,1,0,0.0
2026-09-06 13:00:00-03:00,S,1,10360.466519436895,57.31,14.979945054945055,632.5906593406594,6,0,0,0,0,1,0,0.0
2026-09-06 13:00:00-03:00,S,7,11104.55052799565,57.31,13.41043956043956,539.1098901098901,6,0,0,0,0,1,0,0.0
2026-09-06 13:00:00-03:00,SECO,1,42122.65809664838,57.31,18.54485703676197,328.627181581879,6,0,0,0,0,1,0,0.0
2026-09-06 13:00:00-03:00,SECO,7,42224.18811950239,57.31,18.760972892684737,421.0263646490902,6,0,0,0,0,1,0,0.0
2026-09-06 14:00:00-03:00,N,1,9198.831182304695,57.31,33.28612612612613,762.990990990991,6,0,0,0,0,1,0,0.0
2026-09-06 14:00:00-03:00,N,7,9252.765034197178,57.31,32.4927927927928,766.0324324324325,6,0,0,0,0,1,0,0.0
2026-09-06 14:00:00-03:00,NE,1,12406.53674547521,57.31,29.54357487922705,592.2869565217392,6,0,0,0,0,1,0,0.0
2026-09-06 14:00:00-03:00,NE,7,12402.200898170911,57.31,29.57072463768116,619.7951690821257,6,0,0,0,0,1,0,0.0
2026-09-06 14:00:00-03:00,S,1,10404.26294019893,57.31,15.021978021978022,402.8186813186813,6,0,0,0,0,1,0,0.0
2026-09-06 14:00:00-03:00,S,7,11032.1745992097,57.31,13.78901098901099,451.3021978021978,6,0,0,0,0,1,0,0.0
2026-09-06 14:00:00-03:00,SECO,1,42361.26996373798,57.31,18.813367991088008,209.0727812848125,6,0,0,0,0,1,0,0.0
2026-09-06 14:00:00-03:00,SECO,7,42495.296226088096,57.31,18.686780542146305,356.1010025993316,6,0,0,0,0,1,0,0.0
2026-09-06 15:00:00-03:00,N,1,9170.01537620859,57.31,32.855135135135136,608.6432432432432,6,0,0,0,0,1,0,0.0
2026-09-06 15:00:00-03:00,N,7,9267.606849601005,57.31,32.792072072072074,596.218018018018,6,0,0,0,0,1,0,0.0
2026-09-06 15:00:00-03:00,NE,1,12462.85077949369,57.31,29.02009661835749,376.919806763285,6,0,0,0,0,1,0,0.0
2026-09-06 15:00:00-03:00,NE,7,12651.06229844672,57.31,29.48376811594203,392.6628019323672,6,0,0,0,0,1,0,0.0
2026-09-06 15:00:00-03:00,S,1,10346.770826082182,57.31,13.508791208791209,265.4478021978022,6,0,0,0,0,1,0,0.0
2026-09-06 15:00:00-03:00,S,7,11090.637732224031,57.31,13.86758241758242,300.58516483516485,6,0,0,0,0,1,0,0.0
2026-09-06 15:00:00-03:00,SECO,1,42227.61184999436,57.31,17.82202005198663,156.01930932046045,6,0,0,0,0,1,0,0.0
2026-09-06 15:00:00-03:00,SECO,7,42451.95873700717,57.31,18.510471593018934,255.07872261418493,6,0,0,0,0,1,0,0.0
2026-09-06 16:00:00-03:00,N,1,8968.412141020377,128.92,32.366306306306306,386.2540540540541,6,0,0,0,0,1,0,0.0
2026-09-06 16:00:00-03:00,N,7,9091.58143481332,128.92,32.671171171171174,404.32612612612616,6,0,0,0,0,1,0,0.0
2026-09-06 16:00:00-03:00,NE,1,13151.69468864369,128.91,28.325410628019323,159.33429951690823,6,0,0,0,0,1,0,0.0
2026-09-06 16:00:00-03:00,NE,7,13272.761006890198,128.91,29.207149758454108,170.33913043478262,6,0,0,0,0,1,0,0.0
2026-09-06 16:00:00-03:00,S,1,11092.630539834996,128.91,12.757967032967032,172.19230769230768,6,0,0,0,0,1,0,0.0
2026-09-06 16:00:00-03:00,S,7,11696.04314743238,128.91,13.509615384615383,178.5302197802198,6,0,0,0,0,1,0,0.0
2026-09-06 16:00:00-03:00,SECO,1,43177.55517891722,128.92,17.64474563683624,104.28295581136278,6,0,0,0,0,1,0,0.0
2026-09-06 16:00:00-03:00,SECO,7,43176.90511472688,128.92,18.166728555514297,150.47901968065355,6,0,0,0,0,1,0,0.0
2026-09-06 17:00:00-03:00,N,1,8899.93841311941,166.0,31.73243243243244,169.37117117117117,6,0,0,0,0,1,0,0.0
2026-09-06 17:00:00-03:00,N,7,8997.845061087068,166.0,32.18000000000001,187.7837837837838,6,0,0,0,0,1,0,0.0
2026-09-06 17:00:00-03:00,NE,1,14317.897115022666,165.99,27.51719806763285,12.929468599033816,6,0,0,0,0,1,0,0.0
2026-09-06 17:00:00-03:00,NE,7,14358.591893691591,165.99,28.82463768115942,11.420289855072465,6,0,0,0,0,1,0,0.0
2026-09-06 17:00:00-03:00,S,1,12312.737993286824,165.98,11.660989010989011,59.48076923076923,6,0,0,0,0,1,0,0.0
2026-09-06 17:00:00-03:00,S,7,12794.382551762412,165.98,12.851648351648352,51.931318681318686,6,0,0,0,0,1,0,0.0
2026-09-06 17:00:00-03:00,SECO,1,45160.45834616145,165.99,17.387151875232085,26.61752692164872,6,0,0,0,0,1,0,0.0
2026-09-06 17:00:00-03:00,SECO,7,45417.127624025314,165.99,17.636687708874863,43.36724842183438,6,0,0,0,0,1,0,0.0
2026-09-06 18:00:00-03:00,N,1,9021.868940075345,216.16,30.67801801801802,31.12612612612613,6,0,0,0,0,1,0,0.0
2026-09-06 18:00:00-03:00,N,7,9202.620842978977,216.16,31.484864864864868,32.8990990990991,6,0,0,0,0,1,0,0.0
2026-09-06 18:00:00-03:00,NE,1,15318.965318798562,216.15,26.918743961352657,0.0,6,0,0,0,0,1,0,0.0
2026-09-06 18:00:00-03:00,NE,7,15507.186700531154,216.15,28.328115942028987,0.0,6,0,0,0,0,1,0,0.0
2026-09-06 18:00:00-03:00,S,1,14199.369696329291,216.15,10.523076923076925,0.3653846153846154,6,0,0,0,0,1,0,0.0
2026-09-06 18:00:00-03:00,S,7,14446.465991105924,216.15,12.03021978021978,0.0,6,0,0,0,0,1,0,0.0
2026-09-06 18:00:00-03:00,SECO,1,48608.34048878261,216.16,16.5754177497215,2.527292981804679,6,0,0,0,0,1,0,0.0
2026-09-06 18:00:00-03:00,SECO,7,49200.40261896689,216.16,17.033791310805793,3.443371704418864,6,0,0,0,0,1,0,0.0
2026-09-06 19:00:00-03:00,N,1,9327.979242135469,173.27,30.16198198198198,0.0,6,0,0,0,0,1,0,0.0
2026-09-06 19:00:00-03:00,N,7,9524.551355439067,173.27,30.721801801801803,0.0,6,0,0,0,0,1,0,0.0
2026-09-06 19:00:00-03:00,NE,1,15228.039449274882,173.26,26.74280193236715,0.0,6,0,0,0,0,1,0,0.0
2026-09-06 19:00:00-03:00,NE,7,15348.501138397964,173.26,27.8024154589372,0.0,6,0,0,0,0,1,0,0.0
2026-09-06 19:00:00-03:00,S,1,14293.841449385916,173.25,9.557967032967031,0.0,6,0,0,0,0,1,0,0.0
2026-09-06 19:00:00-03:00,S,7,14599.12837314074,173.25,11.18434065934066,0.0,6,0,0,0,0,1,0,0.0
2026-09-06 19:00:00-03:00,SECO,1,48584.40278920435,173.26,16.282176011882658,0.0705532862978091,6,0,0,0,0,1,0,0.0
2026-09-06 19:00:00-03:00,SECO,7,49302.687956851936,173.26,16.439287040475307,0.0935759376160415,6,0,0,0,0,1,0,0.0
2026-09-06 20:00:00-03:00,N,1,9510.964478071375,168.27,29.75981981981982,0.0,6,0,0,0,0,1,0,0.0
2026-09-06 20:00:00-03:00,N,7,9696.074386469034,168.27,29.94774774774775,0.0,6,0,0,0,0,1,0,0.0
2026-09-06 20:00:00-03:00,NE,1,15182.80494702459,168.26,26.520193236714974,0.0,6,0,0,0,0,1,0,0.0
2026-09-06 20:00:00-03:00,NE,7,15298.8158911143,168.26,27.290048309178744,0.0,6,0,0,0,0,1,0,0.0
2026-09-06 20:00:00-03:00,S,1,13559.504382427644,168.26,9.00521978021978,0.0,6,0,0,0,0,1,0,0.0
2026-09-06 20:00:00-03:00,S,7,14097.354830199549,168.26,10.40879120879121,0.0,6,0,0,0,0,1,0,0.0
2026-09-06 20:00:00-03:00,SECO,1,47484.25325519139,168.27,15.995766802822132,0.0,6,0,0,0,0,1,0,0.0
2026-09-06 20:00:00-03:00,SECO,7,48389.0588832093,168.27,15.915893056071296,0.0,6,0,0,0,0,1,0,0.0
2026-09-06 21:00:00-03:00,N,1,9777.53965716014,167.23,29.262702702702704,0.0,6,0,0,0,0,1,0,0.0
2026-09-06 21:00:00-03:00,N,7,9937.790998194938,167.23,29.596216216216217,0.0,6,0,0,0,0,1,0,0.0
2026-09-06 21:00:00-03:00,NE,1,15376.314478456632,167.22,26.382028985507247,0.0,6,0,0,0,0,1,0,0.0
2026-09-06 21:00:00-03:00,NE,7,15406.991879674426,167.22,26.55169082125604,0.0,6,0,0,0,0,1,0,0.0
2026-09-06 21:00:00-03:00,S,1,12801.318250948152,167.21,8.561813186813186,0.0,6,0,0,0,0,1,0,0.0
2026-09-06 21:00:00-03:00,S,7,13422.72738472006,167.21,8.907142857142857,0.0,6,0,0,0,0,1,0,0.0
2026-09-06 21:00:00-03:00,SECO,1,46052.94420859584,167.22,15.670441886372076,0.0,6,0,0,0,0,1,0,0.0
2026-09-06 21:00:00-03:00,SECO,7,46924.0309012325,167.22,15.217192721871518,0.0,6,0,0,0,0,1,0,0.0
2026-09-06 22:00:00-03:00,N,1,9954.005195511088,164.0,28.68864864864865,0.0,6,0,0,0,0,1,0,0.0
2026-09-06 22:00:00-03:00,N,7,10190.324242155668,164.0,29.013693693693696,0.0,6,0,0,0,0,1,0,0.0
2026-09-06 22:00:00-03:00,NE,1,15339.78352608936,163.99,26.17314009661836,0.0,6,0,0,0,0,1,0,0.0
2026-09-06 22:00:00-03:00,NE,7,15248.394804173731,163.99,26.151400966183573,0.0,6,0,0,0,0,1,0,0.0
2026-09-06 22:00:00-03:00,S,1,11800.62521488824,163.98,8.376648351648353,0.0,6,0,0,0,0,1,0,0.0
2026-09-06 22:00:00-03:00,S,7,12523.104554097046,163.98,8.477472527472528,0.0,6,0,0,0,0,1,0,0.0
2026-09-06 22:00:00-03:00,SECO,1,44118.179722609886,163.99,15.38317861121426,0.0,6,0,0,0,0,1,0,0.0
2026-09-06 22:00:00-03:00,SECO,7,45108.36621951262,163.99,14.902784998143334,0.0,6,0,0,0,0,1,0,0.0
2026-09-06 23:00:00-03:00,N,1,9929.59369551109,160.31,28.132792792792795,0.0,6,0,0,0,0,1,0,0.0
2026-09-06 23:00:00-03:00,N,7,10140.078187943996,160.31,28.391711711711714,0.0,6,0,0,0,0,1,0,0.0
2026-09-06 23:00:00-03:00,NE,1,14952.64639698759,160.3,25.940869565217398,0.0,6,0,0,0,0,1,0,0.0
2026-09-06 23:00:00-03:00,NE,7,14825.283054857078,160.3,25.74,0.0,6,0,0,0,0,1,0,0.0
2026-09-06 23:00:00-03:00,S,1,10770.620610749063,160.29,8.01565934065934,0.0,6,0,0,0,0,1,0,0.0
2026-09-06 23:00:00-03:00,S,7,11485.484108757268,160.29,8.293681318681319,0.0,6,0,0,0,0,1,0,0.0
2026-09-06 23:00:00-03:00,SECO,1,41727.351244471865,160.3,15.014222057185297,0.0,6,0,0,0,0,1,0,0.0
2026-09-06 23:00:00-03:00,SECO,7,42762.85590328302,160.3,14.63301151132566,0.0,6,0,0,0,0,1,0,0.0
2026-09-07 00:00:00-03:00,N,1,9722.366012153365,158.87,27.7181981981982,0.0,0,1,0,0,0,0,0,0.0
2026-09-07 00:00:00-03:00,N,7,9707.594297263797,158.87,27.751171171171173,0.0,0,1,0,0,0,0,0,0.0
2026-09-07 00:00:00-03:00,NE,1,14404.52072593068,158.86,25.630917874396136,0.0,0,1,0,0,0,0,0,0.0
2026-09-07 00:00:00-03:00,NE,7,14045.296287768462,158.86,25.39565217391305,0.0,0,1,0,0,0,0,0,0.0
2026-09-07 00:00:00-03:00,S,1,10445.787986503488,158.86,7.714560439560439,0.0,0,1,0,0,0,0,0,0.0
2026-09-07 00:00:00-03:00,S,7,10315.272919670637,158.86,8.107142857142858,0.0,0,1,0,0,0,0,0,0.0
2026-09-07 00:00:00-03:00,SECO,1,39768.00053822703,158.87,14.895878202747864,0.0,0,1,0,0,0,0,0,0.0
2026-09-07 00:00:00-03:00,SECO,7,39461.14061387655,158.87,14.374118083921278,0.0,0,1,0,0,0,0,0,0.0
2026-09-07 01:00:00-03:00,N,1,9576.75933092145,156.09,27.46036036036036,0.0,0,1,0,0,0,0,0,0.0
2026-09-07 01:00:00-03:00,N,7,9499.993610379255,156.09,27.21333333333333,0.0,0,1,0,0,0,0,0,0.0
2026-09-07 01:00:00-03:00,NE,1,14160.95623235642,156.08,25.37391304347826,0.0,0,1,0,0,0,0,0,0.0
2026-09-07 01:00:00-03:00,NE,7,13793.452111797027,156.08,25.160772946859904,0.0,0,1,0,0,0,0,0,0.0
2026-09-07 01:00:00-03:00,S,1,9928.974827126003,156.07,7.395879120879121,0.0,0,1,0,0,0,0,0,0.0
2026-09-07 01:00:00-03:00,S,7,9768.043880159796,156.07,8.120604395604396,0.0,0,1,0,0,0,0,0,0.0
2026-09-07 01:00:00-03:00,SECO,1,38008.85120553104,156.08,14.792981804678796,0.0,0,1,0,0,0,0,0,0.0
2026-09-07 01:00:00-03:00,SECO,7,37711.18754093697,156.08,14.205644262903824,0.0,0,1,0,0,0,0,0,0.0
2026-09-07 02:00:00-03:00,N,1,9336.50253146325,152.54,27.171351351351355,0.0,0,1,0,0,0,0,0,0.0
2026-09-07 02:00:00-03:00,N,7,9203.18326735444,152.54,26.783243243243245,0.0,0,1,0,0,0,0,0,0.0
2026-09-07 02:00:00-03:00,NE,1,13827.368156308528,152.53,25.14579710144928,0.0,0,1,0,0,0,0,0,0.0
2026-09-07 02:00:00-03:00,NE,7,13645.719528482194,152.53,25.04975845410628,0.0,0,1,0,0,0,0,0,0.0
2026-09-07 02:00:00-03:00,S,1,9608.875788622914,152.53,7.258241758241758,0.0,0,1,0,0,0,0,0,0.0
2026-09-07 02:00:00-03:00,S,7,9474.603843392846,152.53,8.248901098901099,0.0,0,1,0,0,0,0,0,0.0
2026-09-07 02:00:00-03:00,SECO,1,36997.23672003519,152.53,14.688637207575196,0.0,0,1,0,0,0,0,0,0.0
2026-09-07 02:00:00-03:00,SECO,7,36449.93076702444,152.53,14.122762718158189,0.0,0,1,0,0,0,0,0,0.0
2026-09-07 03:00:00-03:00,N,1,9024.755161542786,150.0,26.75333333333333,0.0,0,1,0,0,0,0,0,0.0
2026-09-07 03:00:00-03:00,N,7,8904.877053821388,150.0,26.60828828828829,0.0,0,1,0,0,0,0,0,0.0
2026-09-07 03:00:00-03:00,NE,1,13545.796193699563,149.99,25.02734299516908,0.0,0,1,0,0,0,0,0,0.0
2026-09-07 03:00:00-03:00,NE,7,13451.320670214418,149.99,25.104444444444447,0.0,0,1,0,0,0,0,0,0.0
2026-09-07 03:00:00-03:00,S,1,9554.118788622913,149.99,7.090659340659341,0.0,0,1,0,0,0,0,0,0.0
2026-09-07 03:00:00-03:00,S,7,9429.768124757888,149.99,8.479945054945055,0.0,0,1,0,0,0,0,0,0.0
2026-09-07 03:00:00-03:00,SECO,1,36446.46593241409,150.0,14.54344597103602,0.0,0,1,0,0,0,0,0,0.0
2026-09-07 03:00:00-03:00,SECO,7,35909.26567653774,150.0,14.15874489417007,0.0,0,1,0,0,0,0,0,0.0
2026-09-07 04:00:00-03:00,N,1,8898.411944196974,148.69,26.49081081081081,0.0,0,1,0,0,0,0,0,0.0
2026-09-07 04:00:00-03:00,N,7,8783.032247451716,148.69,26.65711711711712,0.0,0,1,0,0,0,0,0,0.0
2026-09-07 04:00:00-03:00,NE,1,13411.752147085266,148.68,24.88705314009662,0.0,0,1,0,0,0,0,0,0.0
2026-09-07 04:00:00-03:00,NE,7,13372.440684385245,148.68,25.45855072463768,0.0,0,1,0,0,0,0,0,0.0
2026-09-07 04:00:00-03:00,S,1,9659.858341791843,148.68,6.831318681318681,0.0,0,1,0,0,0,0,0,0.0
2026-09-07 04:00:00-03:00,S,7,9623.996514632056,148.68,8.806868131868132,0.0,0,1,0,0,0,0,0,0.0
2026-09-07 04:00:00-03:00,SECO,1,36337.20484552731,148.69,14.476494615670257,0.0,0,1,0,0,0,0,0,0.0
2026-09-07 04:00:00-03:00,SECO,7,36022.9141006607,148.69,14.389936873375415,0.0,0,1,0,0,0,0,0,0.0
2026-09-07 05:00:00-03:00,N,1,8662.451036813402,146.58,26.15801801801802,0.0,0,1,0,0,0,0,0,0.0
2026-09-07 05:00:00-03:00,N,7,8559.46326220277,146.58,26.90594594594595,0.0,0,1,0,0,0,0,0,0.0
2026-09-07 05:00:00-03:00,NE,1,13155.183916316702,146.57,24.67951690821256,15.169082125603866,0,1,0,0,0,0,0,0.0
2026-09-07 05:00:00-03:00,NE,7,13111.358871695127,146.57,26.09671497584541,14.216425120772946,0,1,0,0,0,0,0,0.0
2026-09-07 05:00:00-03:00,S,1,10361.630101609597,146.56,6.781593406593407,0.0,0,1,0,0,0,0,0,0.0
2026-09-07 05:00:00-03:00,S,7,10360.638492739665,146.56,9.336538461538462,0.0,0,1,0,0,0,0,0,0.0
2026-09-07 05:00:00-03:00,SECO,1,37555.14397536957,146.57,14.409914593390273,0.0,0,1,0,0,0,0,0,0.0
2026-09-07 05:00:00-03:00,SECO,7,37459.54945708303,146.57,14.726698848867434,0.0,0,1,0,0,0,0,0,0.0
2026-09-07 06:00:00-03:00,N,1,8179.054432540436,65.53,25.913153153153157,29.22882882882883,0,1,0,0,0,0,0,0.0
2026-09-07 06:00:00-03:00,N,7,8051.202386216378,65.53,27.2945945945946,32.02882882882883,0,1,0,0,0,0,0,0.0
2026-09-07 06:00:00-03:00,NE,1,12914.351684214573,65.52,24.85864734299517,158.6608695652174,0,1,0,0,0,0,0,0.0
2026-09-07 06:00:00-03:00,NE,7,12712.828826107208,65.52,26.838840579710144,174.5391304347826,0,1,0,0,0,0,0,0.0
2026-09-07 06:00:00-03:00,S,1,11487.91630264124,65.52,6.788461538461538,8.928571428571429,0,1,0,0,0,0,0,0.0
2026-09-07 06:00:00-03:00,S,7,11645.9947341549,65.52,9.932417582417584,8.604395604395604,0,1,0,0,0,0,0,0.0
2026-09-07 06:00:00-03:00,SECO,1,38223.72756502861,65.53,14.35692536204976,12.495358336427776,0,1,0,0,0,0,0,0.0
2026-09-07 06:00:00-03:00,SECO,7,39337.1824490544,65.53,15.210174526550317,27.470850352766437,0,1,0,0,0,0,0,0.0
2026-09-07 07:00:00-03:00,N,1,7925.6067429934255,57.31,26.17171171171172,176.4018018018018,0,1,0,0,0,0,0,0.0
2026-09-07 07:00:00-03:00,N,7,8021.278135729598,57.31,27.782882882882884,183.72612612612613,0,1,0,0,0,0,0,0.0
2026-09-07 07:00:00-03:00,NE,1,12890.403802900724,57.31,25.93971014492753,376.5217391304348,0,1,0,0,0,0,0,0.0
2026-09-07 07:00:00-03:00,NE,7,12769.174768490211,57.31,27.63410628019324,383.62995169082126,0,1,0,0,0,0,0,0.0
2026-09-07 07:00:00-03:00,S,1,12290.977599283517,57.31,6.884340659340659,106.01098901098902,0,1,0,0,0,0,0,0.0
2026-09-07 07:00:00-03:00,S,7,12870.068479040896,57.31,10.591758241758242,118.25824175824177,0,1,0,0,0,0,0,0.0
2026-09-07 07:00:00-03:00,SECO,1,39324.02146344368,57.31,14.466060155959896,71.59227627181582,0,1,0,0,0,0,0,0.0
2026-09-07 07:00:00-03:00,SECO,7,41439.954612509726,57.31,15.721351652432231,151.22131451912364,0,1,0,0,0,0,0,0.0
2026-09-07 08:00:00-03:00,N,1,8480.761851139616,57.31,27.547027027027028,367.763963963964,0,1,0,0,0,0,0,0.0
2026-09-07 08:00:00-03:00,N,7,8417.954265022434,57.31,28.34594594594595,392.4990990990991,0,1,0,0,0,0,0,0.0
2026-09-07 08:00:00-03:00,NE,1,13146.984388569575,57.31,27.25806763285024,602.3690821256039,0,1,0,0,0,0,0,0.0
2026-09-07 08:00:00-03:00,NE,7,13507.447906447973,57.31,28.347632850241546,590.6521739130435,0,1,0,0,0,0,0,0.0
2026-09-07 08:00:00-03:00,S,1,12214.388185886448,57.31,7.908791208791209,247.8571428571429,0,1,0,0,0,0,0,0.0
2026-09-07 08:00:00-03:00,S,7,13596.727998708477,57.31,11.272802197802198,345.4642857142857,0,1,0,0,0,0,0,0.0
2026-09-07 08:00:00-03:00,SECO,1,41660.40345939661,57.31,14.956591162272558,189.3416264389157,0,1,0,0,0,0,0,0.0
2026-09-07 08:00:00-03:00,SECO,7,44094.11415331504,57.31,16.258299294467136,157.11845525436317,0,1,0,0,0,0,0,0.0
2026-09-07 09:00:00-03:00,N,1,8822.55166874683,57.31,28.602162162162163,581.2360360360361,0,1,0,0,0,0,0,0.0
2026-09-07 09:00:00-03:00,N,7,8927.046369033738,57.31,28.94162162162162,607.8936936936938,0,1,0,0,0,0,0,0.0
2026-09-07 09:00:00-03:00,NE,1,13314.299710040454,57.31,28.255362318840582,765.1130434782608,0,1,0,0,0,0,0,0.0
2026-09-07 09:00:00-03:00,NE,7,13618.179194688706,57.31,28.768695652173918,765.5797101449275,0,1,0,0,0,0,0,0.0
2026-09-07 09:00:00-03:00,S,1,12612.546300135897,57.31,9.314010989010988,386.9368131868132,0,1,0,0,0,0,0,0.0
2026-09-07 09:00:00-03:00,S,7,14216.442311345549,57.31,9.82967032967033,412.2307692307693,0,1,0,0,0,0,0,0.0
2026-09-07 09:00:00-03:00,SECO,1,43360.258944769295,57.31,15.969476420349054,281.1953212031192,0,1,0,0,0,0,0,0.0
2026-09-07 09:00:00-03:00,SECO,7,45746.04771371709,57.31,15.67036761975492,265.56776828815447,0,1,0,0,0,0,0,0.0
2026-09-07 10:00:00-03:00,N,1,9003.080772626645,57.31,30.079099099099103,736.2162162162163,0,1,0,0,0,0,0,0.0
2026-09-07 10:00:00-03:00,N,7,9168.94667652214,57.31,29.624684684684688,761.3927927927928,0,1,0,0,0,0,0,0.0
2026-09-07 10:00:00-03:00,NE,1,13794.697673821884,57.31,28.940579710144927,885.5130434782609,0,1,0,0,0,0,0,0.0
2026-09-07 10:00:00-03:00,NE,7,13927.426425215634,57.31,29.11690821256039,863.2173913043479,0,1,0,0,0,0,0,0.0
2026-09-07 10:00:00-03:00,S,1,13293.501250162632,57.31,10.5260989010989,519.684065934066,0,1,0,0,0,0,0,0.0
2026-09-07 10:00:00-03:00,S,7,14950.202126964256,57.31,10.405494505494506,487.1428571428572,0,1,0,0,0,0,0,0.0
2026-09-07 10:00:00-03:00,SECO,1,44799.64488536711,57.31,16.77556628295581,330.3739324173784,0,1,0,0,0,0,0,0.0
2026-09-07 10:00:00-03:00,SECO,7,47568.85371734875,57.31,16.030003713330856,327.42443371704417,0,1,0,0,0,0,0,0.0
2026-09-07 11:00:00-03:00,N,1,9349.21488667812,57.31,31.24810810810811,875.001801801802,0,1,0,0,0,0,0,0.0
2026-09-07 11:00:00-03:00,N,7,9531.92924667665,57.31,30.51675675675676,857.4540540540542,0,1,0,0,0,0,0,0.0
2026-09-07 11:00:00-03:00,NE,1,13849.532927014903,57.31,29.423188405797102,885.0541062801933,0,1,0,0,0,0,0,0.0
2026-09-07 11:00:00-03:00,NE,7,14020.98297117128,57.31,29.364637681159422,895.6859903381643,0,1,0,0,0,0,0,0.0
2026-09-07 11:00:00-03:00,S,1,13650.167842678824,57.31,11.671978021978022,583.4478021978022,0,1,0,0,0,0,0,0.0
2026-09-07 11:00:00-03:00,S,7,15318.273834445225,57.31,11.066483516483515,521.3461538461538,0,1,0,0,0,0,0,0.0
2026-09-07 11:00:00-03:00,SECO,1,45752.69019833316,57.31,17.560787226141848,357.7526921648719,0,1,0,0,0,0,0,0.0
2026-09-07 11:00:00-03:00,SECO,7,48441.30133055725,57.31,16.519272187151874,361.8949127367249,0,1,0,0,0,0,0,0.0
2026-09-07 12:00:00-03:00,N,1,9608.513930984298,57.31,32.18324324324325,900.2774774774775,0,1,0,0,0,0,0,0.0
2026-09-07 12:00:00-03:00,N,7,9812.16728355658,57.31,31.4572972972973,888.6990990990992,0,1,0,0,0,0,0,0.0
2026-09-07 12:00:00-03:00,NE,1,13628.93436536804,57.31,29.578743961352657,902.6772946859904,0,1,0,0,0,0,0,0.0
2026-09-07 12:00:00-03:00,NE,7,13829.527576544451,57.31,29.515072463768117,860.7033816425121,0,1,0,0,0,0,0,0.0
2026-09-07 12:00:00-03:00,S,1,12654.759728651032,57.31,12.439835164835166,560.4752747252747,0,1,0,0,0,0,0,0.0
2026-09-07 12:00:00-03:00,S,7,14355.67952751226,57.31,11.749175824175824,517.1923076923077,0,1,0,0,0,0,0,0.0
2026-09-07 12:00:00-03:00,SECO,1,45874.3242383008,57.31,17.94173783884144,368.5324916450056,0,1,0,0,0,0,0,0.0
2026-09-07 12:00:00-03:00,SECO,7,48239.91733055725,57.31,16.979539546973633,365.9636093575938,0,1,0,0,0,0,0,0.0
2026-09-07 13:00:00-03:00,N,1,9977.655673419653,57.31,32.674234234234234,886.2198198198198,0,1,0,0,0,0,0,0.0
2026-09-07 13:00:00-03:00,N,7,10198.423394136054,57.31,32.304144144144146,852.2162162162163,0,1,0,0,0,0,0,0.0
2026-09-07 13:00:00-03:00,NE,1,13942.036251791793,57.31,29.765024154589373,795.0473429951691,0,1,0,0,0,0,0,0.0
2026-09-07 13:00:00-03:00,NE,7,13945.411659960406,57.31,29.5712077294686,760.6492753623188,0,1,0,0,0,0,0,0.0
2026-09-07 13:00:00-03:00,S,1,13190.014563537656,57.31,12.822252747252747,487.9532967032967,0,1,0,0,0,0,0,0.0
2026-09-07 13:00:00-03:00,S,7,14714.33761905256,57.31,12.29532967032967,477.478021978022,0,1,0,0,0,0,0,0.0
2026-09-07 13:00:00-03:00,SECO,1,46703.12916125282,57.31,18.243334571110285,346.20311919792056,0,1,0,0,0,0,0,0.0
2026-09-07 13:00:00-03:00,SECO,7,49031.04165603728,57.31,17.397103601930933,338.581878945414,0,1,0,0,0,0,0,0.0
2026-09-07 14:00:00-03:00,N,1,10244.124721294444,57.31,32.854954954954955,767.5513513513514,0,1,0,0,0,0,0,0.0
2026-09-07 14:00:00-03:00,N,7,10431.116636629047,57.31,32.92072072072072,751.818018018018,0,1,0,0,0,0,0,0.0
2026-09-07 14:00:00-03:00,NE,1,13856.326854874918,57.31,29.46512077294686,614.4512077294686,0,1,0,0,0,0,0,0.0
2026-09-07 14:00:00-03:00,NE,7,13974.17489528962,57.31,29.54,603.856038647343,0,1,0,0,0,0,0,0.0
2026-09-07 14:00:00-03:00,S,1,13148.1782983485,57.31,12.649725274725276,506.7912087912088,0,1,0,0,0,0,0,0.0
2026-09-07 14:00:00-03:00,S,7,14735.147580603618,57.31,12.704945054945057,405.63186813186815,0,1,0,0,0,0,0,0.0
2026-09-07 14:00:00-03:00,SECO,1,47167.87274590332,57.31,18.417155588562935,262.05124396583733,0,1,0,0,0,0,0,0.0
2026-09-07 14:00:00-03:00,SECO,7,49592.69041208917,57.31,17.730040846639437,283.94021537318974,0,1,0,0,0,0,0,0.0
2026-09-07 15:00:00-03:00,N,1,10127.513577779751,57.31,32.64864864864865,611.2648648648649,0,1,0,0,0,0,0,0.0
2026-09-07 15:00:00-03:00,N,7,10299.35535657056,57.31,33.1981981981982,574.3657657657658,0,1,0,0,0,0,0,0.0
2026-09-07 15:00:00-03:00,NE,1,13876.71188345786,57.31,29.06570048309179,387.5429951690821,0,1,0,0,0,0,0,0.0
2026-09-07 15:00:00-03:00,NE,7,14064.02570035194,57.31,29.42048309178744,393.03285024154593,0,1,0,0,0,0,0,0.0
2026-09-07 15:00:00-03:00,S,1,13164.963908910247,57.31,13.553021978021976,361.7142857142857,0,1,0,0,0,0,0,0.0
2026-09-07 15:00:00-03:00,S,7,14547.018434205957,57.31,12.826648351648352,308.7994505494505,0,1,0,0,0,0,0,0.0
2026-09-07 15:00:00-03:00,SECO,1,47621.287162926186,57.31,18.553991830672118,186.3891570738953,0,1,0,0,0,0,0,0.0
2026-09-07 15:00:00-03:00,SECO,7,50066.70048115953,57.31,17.828815447456368,190.3419977720015,0,1,0,0,0,0,0,0.0
2026-09-07 16:00:00-03:00,N,1,9806.71279091988,109.81,32.12234234234235,384.0108108108109,0,1,0,0,0,0,0,0.0
2026-09-07 16:00:00-03:00,N,7,9937.39265441664,109.81,33.00378378378379,387.91711711711713,0,1,0,0,0,0,0,0.0
2026-09-07 16:00:00-03:00,NE,1,13871.160743708731,109.8,28.42280193236715,161.9623188405797,0,1,0,0,0,0,0,0.0
2026-09-07 16:00:00-03:00,NE,7,14031.916523573098,109.8,29.15951690821256,171.57101449275365,0,1,0,0,0,0,0,0.0
2026-09-07 16:00:00-03:00,S,1,13497.743110770029,109.8,13.111263736263735,196.9010989010989,0,1,0,0,0,0,0,0.0
2026-09-07 16:00:00-03:00,S,7,14912.865909657508,109.8,12.6239010989011,188.0,0,1,0,0,0,0,0,0.0
2026-09-07 16:00:00-03:00,SECO,1,48166.60056263893,109.81,17.93531377645748,99.93910137393242,0,1,0,0,0,0,0,0.0
2026-09-07 16:00:00-03:00,SECO,7,50564.61478756301,109.81,17.684404010397326,113.71927218715189,0,1,0,0,0,0,0,0.0
2026-09-07 17:00:00-03:00,N,1,9524.770870670263,161.28,31.57189189189189,177.01981981981984,0,1,0,0,0,0,0,0.0
2026-09-07 17:00:00-03:00,N,7,9513.230316522937,161.28,32.45135135135135,179.572972972973,0,1,0,0,0,0,0,0.0
2026-09-07 17:00:00-03:00,NE,1,14369.646915916526,161.27,27.712367149758457,12.292753623188409,0,1,0,0,0,0,0,0.0
2026-09-07 17:00:00-03:00,NE,7,14361.936486743813,161.27,28.78009661835749,11.336231884057971,0,1,0,0,0,0,0,0.0
2026-09-07 17:00:00-03:00,S,1,14182.268181954363,161.26,12.177197802197805,59.6978021978022,0,1,0,0,0,0,0,0.0
2026-09-07 17:00:00-03:00,S,7,15490.340799878366,161.26,12.14532967032967,57.13736263736264,0,1,0,0,0,0,0,0.0
2026-09-07 17:00:00-03:00,SECO,1,48111.12121164367,161.27,17.507278128481246,32.74229483847011,0,1,0,0,0,0,0,0.0
2026-09-07 17:00:00-03:00,SECO,7,49994.36606111384,161.27,17.349164500557,35.40178239881173,0,1,0,0,0,0,0,0.0
2026-09-07 18:00:00-03:00,N,1,9214.29737485578,168.1,30.863243243243247,30.45585585585586,0,1,0,0,0,0,0,0.0
2026-09-07 18:00:00-03:00,N,7,9195.98568274238,168.1,31.688468468468468,31.563963963963964,0,1,0,0,0,0,0,0.0
2026-09-07 18:00:00-03:00,NE,1,15126.097495293036,168.09,27.162222222222223,0.0,0,1,0,0,0,0,0,0.0
2026-09-07 18:00:00-03:00,NE,7,15073.8577897819,168.09,28.30579710144928,0.0,0,1,0,0,0,0,0,0.0
2026-09-07 18:00:00-03:00,S,1,15466.40497994273,168.09,11.126923076923076,0.3653846153846154,0,1,0,0,0,0,0,0.0
2026-09-07 18:00:00-03:00,S,7,16297.185582181166,168.09,11.503296703296703,0.0,0,1,0,0,0,0,0,0.0
2026-09-07 18:00:00-03:00,SECO,1,51135.17101646539,168.1,16.934571110285926,3.338655774229484,0,1,0,0,0,0,0,0.0
2026-09-07 18:00:00-03:00,SECO,7,51575.680953215466,168.1,16.850092833271443,3.4860750092833275,0,1,0,0,0,0,0,0.0
2026-09-07 19:00:00-03:00,N,1,9624.441800788223,163.67,30.114234234234235,0.0,0,1,0,0,0,0,0,0.0
2026-09-07 19:00:00-03:00,N,7,9537.650839398908,163.67,30.838378378378383,0.0,0,1,0,0,0,0,0,0.0
2026-09-07 19:00:00-03:00,NE,1,15167.638536881754,163.66,26.955748792270533,0.0,0,1,0,0,0,0,0,0.0
2026-09-07 19:00:00-03:00,NE,7,15166.167816806246,163.66,27.790144927536232,0.0,0,1,0,0,0,0,0,0.0
2026-09-07 19:00:00-03:00,S,1,15885.945230197283,163.65,10.448076923076924,0.0,0,1,0,0,0,0,0,0.0
2026-09-07 19:00:00-03:00,S,7,16485.602824985435,163.65,10.73956043956044,0.0,0,1,0,0,0,0,0,0.0
2026-09-07 19:00:00-03:00,SECO,1,51983.55497761653,163.66,16.486929075380615,0.1240252506498328,0,1,0,0,0,0,0,0.0
2026-09-07 19:00:00-03:00,SECO,7,51843.40370353841,163.66,16.353806164129224,0.0668399554400297,0,1,0,0,0,0,0,0.0
2026-09-07 20:00:00-03:00,N,1,9849.457658750736,161.2,29.719819819819826,0.0,0,1,0,0,0,0,0,0.0
2026-09-07 20:00:00-03:00,N,7,9772.1088838055,161.2,30.009009009009013,0.0,0,1,0,0,0,0,0,0.0
2026-09-07 20:00:00-03:00,NE,1,15181.629032083163,161.19,26.802801932367156,0.0,0,1,0,0,0,0,0,0.0
2026-09-07 20:00:00-03:00,NE,7,15246.74199652063,161.19,27.31623188405797,0.0,0,1,0,0,0,0,0,0.0
2026-09-07 20:00:00-03:00,S,1,15190.640901620594,161.19,10.229945054945055,0.0,0,1,0,0,0,0,0,0.0
2026-09-07 20:00:00-03:00,S,7,16070.279249592058,161.19,10.060989010989012,0.0,0,1,0,0,0,0,0,0.0
2026-09-07 20:00:00-03:00,SECO,1,51965.09840034794,161.2,16.238841440772372,0.0,0,1,0,0,0,0,0,0.0
2026-09-07 20:00:00-03:00,SECO,7,52133.57712895849,161.2,15.86635722242852,0.0,0,1,0,0,0,0,0,0.0
2026-09-07 21:00:00-03:00,N,1,10039.354988889168,158.44,28.407207207207207,0.0,0,1,0,0,0,0,0,0.0
2026-09-07 21:00:00-03:00,N,7,10124.39290248217,158.44,29.71387387387388,0.0,0,1,0,0,0,0,0,0.0
2026-09-07 21:00:00-03:00,NE,1,15717.916412925935,158.43,26.68144927536232,0.0,0,1,0,0,0,0,0,0.0
2026-09-07 21:00:00-03:00,NE,7,15752.182751527953,158.43,26.99159420289855,0.0,0,1,0,0,0,0,0,0.0
2026-09-07 21:00:00-03:00,S,1,14180.6286807653,158.43,9.686813186813186,0.0,0,1,0,0,0,0,0,0.0
2026-09-07 21:00:00-03:00,S,7,15113.679168945902,158.43,9.878846153846156,0.0,0,1,0,0,0,0,0,0.0
2026-09-07 21:00:00-03:00,SECO,1,50867.11293920313,158.44,15.998329001113998,0.0,0,1,0,0,0,0,0,0.0
2026-09-07 21:00:00-03:00,SECO,7,51358.44936098609,158.44,16.46769402153732,0.0,0,1,0,0,0,0,0,0.0
2026-09-07 22:00:00-03:00,N,1,10249.949277198164,156.93,28.102882882882884,0.0,0,1,0,0,0,0,0,0.0
2026-09-07 22:00:00-03:00,N,7,10270.456141910205,156.93,29.06900900900901,0.0,0,1,0,0,0,0,0,0.0
2026-09-07 22:00:00-03:00,NE,1,15716.721501332371,156.92,26.430917874396137,0.0,0,1,0,0,0,0,0,0.0
2026-09-07 22:00:00-03:00,NE,7,15663.440725676362,156.92,26.645410628019324,0.0,0,1,0,0,0,0,0,0.0
2026-09-07 22:00:00-03:00,S,1,13478.987139031022,156.91,9.527472527472527,0.0,0,1,0,0,0,0,0,0.0
2026-09-07 22:00:00-03:00,S,7,13778.725368061228,156.91,9.50989010989011,0.0,0,1,0,0,0,0,0,0.0
2026-09-07 22:00:00-03:00,SECO,1,48555.1526430627,156.92,15.917972521351652,0.0,0,1,0,0,0,0,0,0.0
2026-09-07 22:00:00-03:00,SECO,7,48966.83868538719,156.92,16.21113999257334,0.0,0,1,0,0,0,0,0,0.0
2026-09-07 23:00:00-03:00,N,1,10157.06887185141,154.97,27.832432432432437,0.0,0,1,0,0,0,0,0,0.0
2026-09-07 23:00:00-03:00,N,7,10134.484141593466,154.97,28.436936936936934,0.0,0,1,0,0,0,0,0,0.0
2026-09-07 23:00:00-03:00,NE,1,15168.777580256532,154.96,26.17497584541063,0.0,0,1,0,0,0,0,0,0.0
2026-09-07 23:00:00-03:00,NE,7,15021.68673261544,154.96,26.3024154589372,0.0,0,1,0,0,0,0,0,0.0
2026-09-07 23:00:00-03:00,S,1,12183.482026653228,154.96,9.23846153846154,0.0,0,1,0,0,0,0,0,0.0
2026-09-07 23:00:00-03:00,S,7,12424.572334688177,154.96,9.211263736263737,0.0,0,1,0,0,0,0,0,0.0
2026-09-07 23:00:00-03:00,SECO,1,45455.57940912786,154.97,15.807835128109916,0.0,0,1,0,0,0,0,0,0.0
2026-09-07 23:00:00-03:00,SECO,7,45292.80499184212,154.97,15.992016338655771,0.0,0,1,0,0,0,0,0,0.0
2026-09-08 00:00:00-03:00,N,1,10042.441785035662,114.1,27.47711711711712,0.0,1,0,0,0,0,0,1,0.0695
2026-09-08 00:00:00-03:00,N,7,10094.58531726271,114.1,27.82054054054054,0.0,1,0,0,0,0,0,1,0.0695
2026-09-08 00:00:00-03:00,NE,1,14963.167091113888,114.09,25.97806763285024,0.0,1,0,0,0,0,0,1,0.0
2026-09-08 00:00:00-03:00,NE,7,14936.357715037266,114.09,25.991111111111117,0.0,1,0,0,0,0,0,1,0.0
2026-09-08 00:00:00-03:00,S,1,11222.746448917766,114.09,9.08846153846154,0.0,1,0,0,0,0,0,1,0.0
2026-09-08 00:00:00-03:00,S,7,11408.79319603684,114.09,9.04642857142857,0.0,1,0,0,0,0,0,1,0.0
2026-09-08 00:00:00-03:00,SECO,1,40991.75867593664,114.09,15.717118455254363,0.0,1,0,0,0,0,0,1,0.0
2026-09-08 00:00:00-03:00,SECO,7,41877.95534769093,114.09,15.843631637578907,0.0,1,0,0,0,0,0,1,0.0
2026-09-08 01:00:00-03:00,N,1,9809.034708699704,57.31,27.07765765765766,0.0,1,0,0,0,0,0,1,0.0695
2026-09-08 01:00:00-03:00,N,7,9832.184227784568,57.31,27.314774774774776,0.0,1,0,0,0,0,0,1,0.0695
2026-09-08 01:00:00-03:00,NE,1,14544.821679380972,57.31,25.73642512077295,0.0,1,0,0,0,0,0,1,0.0
2026-09-08 01:00:00-03:00,NE,7,14468.744515131324,57.31,25.717487922705317,0.0,1,0,0,0,0,0,1,0.0
2026-09-08 01:00:00-03:00,S,1,10601.845618513133,57.31,8.949175824175825,0.0,1,0,0,0,0,0,1,0.0
2026-09-08 01:00:00-03:00,S,7,10696.964144934764,57.31,8.947802197802197,0.0,1,0,0,0,0,0,1,0.0
2026-09-08 01:00:00-03:00,SECO,1,38559.6049162621,57.31,15.520943186037876,0.0,1,0,0,0,0,0,1,0.0
2026-09-08 01:00:00-03:00,SECO,7,39672.94893835919,57.31,15.779873746750836,0.0,1,0,0,0,0,0,1,0.0
2026-09-08 02:00:00-03:00,N,1,9525.277425010829,57.31,26.792072072072077,0.0,1,0,0,0,0,0,1,0.0695
2026-09-08 02:00:00-03:00,N,7,9575.090585804475,57.31,26.92180180180181,0.0,1,0,0,0,0,0,1,0.0695
2026-09-08 02:00:00-03:00,NE,1,14199.80337279085,57.31,25.496231884057973,0.0,1,0,0,0,0,0,1,0.0
2026-09-08 02:00:00-03:00,NE,7,14195.822823302557,57.31,25.608599033816425,0.0,1,0,0,0,0,0,1,0.0
2026-09-08 02:00:00-03:00,S,1,10169.277963885776,57.31,8.808241758241758,0.0,1,0,0,0,0,0,1,0.0
2026-09-08 02:00:00-03:00,S,7,10313.091335537669,57.31,9.027472527472527,0.0,1,0,0,0,0,0,1,0.0
2026-09-08 02:00:00-03:00,SECO,1,37150.3791783694,57.31,15.416598588934274,0.0,1,0,0,0,0,0,1,0.0
2026-09-08 02:00:00-03:00,SECO,7,38071.55818703414,57.31,15.785666542888972,0.0,1,0,0,0,0,0,1,0.0
2026-09-08 03:00:00-03:00,N,1,9288.13938441851,57.31,26.41675675675676,0.0,1,0,0,0,0,0,1,0.0695
2026-09-08 03:00:00-03:00,N,7,9307.800085804476,57.31,26.80738738738739,0.0,1,0,0,0,0,0,1,0.0695
2026-09-08 03:00:00-03:00,NE,1,13994.07573925348,57.31,25.37159420289855,0.0,1,0,0,0,0,0,1,0.0
2026-09-08 03:00:00-03:00,NE,7,13972.196974540877,57.31,25.618937198067638,0.0,1,0,0,0,0,0,1,0.0
2026-09-08 03:00:00-03:00,S,1,10071.348435257189,57.31,8.845604395604397,0.0,1,0,0,0,0,0,1,0.0
2026-09-08 03:00:00-03:00,S,7,10290.433068388356,57.31,9.209890109890113,0.0,1,0,0,0,0,0,1,0.0
2026-09-08 03:00:00-03:00,SECO,1,36326.71148847568,57.31,15.369105087263277,0.0,1,0,0,0,0,0,1,0.0
2026-09-08 03:00:00-03:00,SECO,7,37327.2536601598,57.31,15.882695878202748,0.0,1,0,0,0,0,0,1,0.0
2026-09-08 04:00:00-03:00,N,1,9109.695722073611,57.31,26.13603603603604,0.0,1,0,0,0,0,0,1,0.0695
2026-09-08 04:00:00-03:00,N,7,9122.956995323882,57.31,26.86,0.0,1,0,0,0,0,0,1,0.0695
2026-09-08 04:00:00-03:00,NE,1,13793.232482248335,57.31,25.23806763285024,0.0,1,0,0,0,0,0,1,0.0
2026-09-08 04:00:00-03:00,NE,7,13867.6926042133,57.31,25.88231884057971,0.0,1,0,0,0,0,0,1,0.0
2026-09-08 04:00:00-03:00,S,1,10245.044794282854,57.31,8.83598901098901,0.0,1,0,0,0,0,0,1,0.0
2026-09-08 04:00:00-03:00,S,7,10403.009312570794,57.31,9.588186813186814,0.0,1,0,0,0,0,0,1,0.0
2026-09-08 04:00:00-03:00,SECO,1,36630.62217950341,57.31,15.374118083921276,0.0,1,0,0,0,0,0,1,0.0
2026-09-08 04:00:00-03:00,SECO,7,37420.33901603273,57.31,16.02766431489046,0.0,1,0,0,0,0,0,1,0.0
2026-09-08 05:00:00-03:00,N,1,8882.797749878566,64.42,25.88918918918919,0.0,1,0,0,0,0,0,1,0.0695
2026-09-08 05:00:00-03:00,N,7,8902.046771161078,64.42,27.165405405405405,0.0,1,0,0,0,0,0,1,0.0695
2026-09-08 05:00:00-03:00,NE,1,13423.688871748363,64.41,24.99768115942029,16.20193236714976,1,0,0,0,0,0,1,0.0
2026-09-08 05:00:00-03:00,NE,7,13522.430719068529,64.41,26.35391304347826,15.302415458937196,1,0,0,0,0,0,1,0.0
2026-09-08 05:00:00-03:00,S,1,10939.45721137194,64.41,8.91565934065934,0.0,1,0,0,0,0,0,1,0.0
2026-09-08 05:00:00-03:00,S,7,11131.825074618197,64.41,10.147527472527472,0.0,1,0,0,0,0,0,1,0.0
2026-09-08 05:00:00-03:00,SECO,1,38257.81424261078,64.42,15.427664314890457,0.0118826587448941,1,0,0,0,0,0,1,0.0
2026-09-08 05:00:00-03:00,SECO,7,39624.67831340339,64.42,16.26230969179354,0.0,1,0,0,0,0,0,1,0.0
2026-09-08 06:00:00-03:00,N,1,8415.180174002691,71.84,25.63891891891892,29.344144144144146,1,0,0,0,0,0,1,0.0695
2026-09-08 06:00:00-03:00,N,7,8410.696409229442,71.84,27.63873873873874,31.1963963963964,1,0,0,0,0,0,1,0.0695
2026-09-08 06:00:00-03:00,NE,1,13343.078711157214,71.83,25.05285024154589,160.712077294686,1,0,0,0,0,0,1,0.0
2026-09-08 06:00:00-03:00,NE,7,13309.380331624858,71.83,26.931400966183578,182.848309178744,1,0,0,0,0,0,1,0.0
2026-09-08 06:00:00-03:00,S,1,12521.98691487323,71.83,8.980494505494505,9.510989010989013,1,0,0,0,0,0,1,0.0
2026-09-08 06:00:00-03:00,S,7,12756.962180232624,71.83,10.8,9.601648351648352,1,0,0,0,0,0,1,0.0
2026-09-08 06:00:00-03:00,SECO,1,40288.98942921228,71.84,15.48080207946528,13.353137764574823,1,0,0,0,0,0,1,0.0
2026-09-08 06:00:00-03:00,SECO,7,41688.92078515025,71.84,16.529892313405124,17.13850724099517,1,0,0,0,0,0,1,0.0
2026-09-08 07:00:00-03:00,N,1,8489.845542486995,57.31,26.042702702702705,171.96216216216217,1,0,0,0,0,0,1,0.0695
2026-09-08 07:00:00-03:00,N,7,8512.347742430804,57.31,28.16990990990991,178.4666666666667,1,0,0,0,0,0,1,0.0695
2026-09-08 07:00:00-03:00,NE,1,14046.191160187402,57.31,26.03381642512077,396.6531400966184,1,0,0,0,0,0,1,0.0
2026-09-08 07:00:00-03:00,NE,7,13753.099013051346,57.31,27.539903381642517,398.8985507246377,1,0,0,0,0,0,1,0.0
2026-09-08 07:00:00-03:00,S,1,13735.288624421377,57.31,9.288461538461538,114.27747252747253,1,0,0,0,0,0,1,0.0
2026-09-08 07:00:00-03:00,S,7,14014.119888015824,57.31,11.574175824175825,109.15109890109888,1,0,0,0,0,0,1,0.0
2026-09-08 07:00:00-03:00,SECO,1,42498.55847655363,57.31,15.69093947270702,75.62309691793538,1,0,0,0,0,0,1,0.0
2026-09-08 07:00:00-03:00,SECO,7,43663.47551397089,57.31,16.926847382101744,93.85926476049016,1,0,0,0,0,0,1,0.0
2026-09-08 08:00:00-03:00,N,1,9145.721853958614,57.31,27.319099099099105,377.9135135135135,1,0,0,0,0,0,1,0.0695
2026-09-08 08:00:00-03:00,N,7,9164.014411701874,57.31,28.710810810810813,382.6072072072072,1,0,0,0,0,0,1,0.0695
2026-09-08 08:00:00-03:00,NE,1,14859.693976941771,57.31,27.13855072463768,604.9024154589372,1,0,0,0,0,0,1,0.0
2026-09-08 08:00:00-03:00,NE,7,14483.117267611418,57.31,28.088212560386477,579.152657004831,1,0,0,0,0,0,1,0.0
2026-09-08 08:00:00-03:00,S,1,14362.418019782845,57.31,10.752197802197802,298.5247252747253,1,0,0,0,0,0,1,0.0
2026-09-08 08:00:00-03:00,S,7,14898.872767027678,57.31,12.41868131868132,295.52197802197804,1,0,0,0,0,0,1,0.0
2026-09-08 08:00:00-03:00,SECO,1,43972.3167314704,57.31,16.336167842554772,217.86743408837725,1,0,0,0,0,0,1,0.0
2026-09-08 08:00:00-03:00,SECO,7,45073.656554414425,57.31,17.37066468622354,326.1147419235054,1,0,0,0,0,0,1,0.0
2026-09-08 09:00:00-03:00,N,1,9633.944599670203,57.31,28.565765765765768,564.2990990990992,1,0,0,0,0,0,1,0.0695
2026-09-08 09:00:00-03:00,N,7,9634.688247654913,57.31,28.87783783783784,606.4486486486487,1,0,0,0,0,0,1,0.0695
2026-09-08 09:00:00-03:00,NE,1,14970.175685919112,57.31,28.231497584541064,761.7710144927537,1,0,0,0,0,0,1,0.0
2026-09-08 09:00:00-03:00,NE,7,15041.172207128331,57.31,28.63227053140097,770.9623188405798,1,0,0,0,0,0,1,0.0
2026-09-08 09:00:00-03:00,S,1,14146.893736237264,57.31,13.159065934065934,469.1868131868132,1,0,0,0,0,0,1,0.0
2026-09-08 09:00:00-03:00,S,7,14882.235324011674,57.31,11.604395604395606,468.1291208791209,1,0,0,0,0,0,1,0.0
2026-09-08 09:00:00-03:00,SECO,1,45468.36143410896,57.31,17.24262903824731,378.5295209803194,1,0,0,0,0,0,1,0.0
2026-09-08 09:00:00-03:00,SECO,7,46952.857732217846,57.31,16.868956554028962,474.49944300037134,1,0,0,0,0,0,1,0.0
2026-09-08 10:00:00-03:00,N,1,9948.83815333346,57.31,29.85567567567568,741.6234234234234,1,0,0,0,0,0,1,0.0695
2026-09-08 10:00:00-03:00,N,7,9946.208345096184,57.31,29.43855855855856,760.6810810810812,1,0,0,0,0,0,1,0.0695
2026-09-08 10:00:00-03:00,NE,1,15206.928756179816,57.31,29.014492753623188,879.8782608695652,1,0,0,0,0,0,1,0.0
2026-09-08 10:00:00-03:00,NE,7,15251.983739185427,57.31,28.896135265700483,866.7826086956522,1,0,0,0,0,0,1,0.0
2026-09-08 10:00:00-03:00,S,1,14276.5751053056,57.31,15.225274725274726,558.4725274725275,1,0,0,0,0,0,1,0.0
2026-09-08 10:00:00-03:00,S,7,14819.486358502509,57.31,12.465384615384616,585.0934065934066,1,0,0,0,0,0,1,0.0
2026-09-08 10:00:00-03:00,SECO,1,48061.80602801535,57.31,18.62532491645005,511.93316004456,1,0,0,0,0,0,1,0.0
2026-09-08 10:00:00-03:00,SECO,7,49351.46518353268,57.31,17.483624210917192,566.0854066097289,1,0,0,0,0,0,1,0.0
2026-09-08 11:00:00-03:00,N,1,10167.789155636692,57.31,31.21333333333334,827.6684684684685,1,0,0,0,0,0,1,0.0695
2026-09-08 11:00:00-03:00,N,7,10135.607536461372,57.31,30.149009009009013,856.9963963963964,1,0,0,0,0,0,1,0.0695
2026-09-08 11:00:00-03:00,NE,1,15328.68484894868,57.31,29.433429951690822,890.5410628019324,1,0,0,0,0,0,1,0.0
2026-09-08 11:00:00-03:00,NE,7,15388.70000358151,57.31,29.10628019323672,894.3613526570049,1,0,0,0,0,0,1,0.0
2026-09-08 11:00:00-03:00,S,1,14341.787124150744,57.31,16.822527472527472,630.4972527472528,1,0,0,0,0,0,1,0.0
2026-09-08 11:00:00-03:00,S,7,14748.213678053888,57.31,13.667032967032966,656.8076923076924,1,0,0,0,0,0,1,0.0
2026-09-08 11:00:00-03:00,SECO,1,48865.60640279675,57.31,20.125510582992945,631.15038989974,1,0,0,0,0,0,1,0.0
2026-09-08 11:00:00-03:00,SECO,7,50027.4587952705,57.31,18.223653917564057,609.7033048644635,1,0,0,0,0,0,1,0.0
2026-09-08 12:00:00-03:00,N,1,10240.2910555865,57.31,32.20522522522523,880.4954954954956,1,0,0,0,0,0,1,0.0695
2026-09-08 12:00:00-03:00,N,7,10221.760676321866,57.31,30.90900900900901,887.6954954954956,1,0,0,0,0,0,1,0.0695
2026-09-08 12:00:00-03:00,NE,1,15052.451646266922,57.31,29.457874396135267,879.2705314009662,1,0,0,0,0,0,1,0.0
2026-09-08 12:00:00-03:00,NE,7,15038.003860762865,57.31,29.238743961352657,851.6956521739131,1,0,0,0,0,0,1,0.0
2026-09-08 12:00:00-03:00,S,1,13751.216944730631,57.31,18.462912087912088,687.2857142857143,1,0,0,0,0,0,1,0.0
2026-09-08 12:00:00-03:00,S,7,13934.829999931728,57.31,14.86868131868132,676.3516483516485,1,0,0,0,0,0,1,0.0
2026-09-08 12:00:00-03:00,SECO,1,48618.80520310289,57.31,21.461826958782027,618.1158559227628,1,0,0,0,0,0,1,0.0
2026-09-08 12:00:00-03:00,SECO,7,49834.05370102652,57.31,19.0225770516153,602.9509840326773,1,0,0,0,0,0,1,0.0
2026-09-08 13:00:00-03:00,N,1,10740.45339746952,57.31,32.83873873873874,745.2234234234235,1,0,0,0,0,0,1,0.0695
2026-09-08 13:00:00-03:00,N,7,10723.316472579212,57.31,31.608828828828837,850.772972972973,1,0,0,0,0,0,1,0.0695
2026-09-08 13:00:00-03:00,NE,1,15042.306448212275,57.31,29.480869565217397,770.9884057971014,1,0,0,0,0,0,1,0.0
2026-09-08 13:00:00-03:00,NE,7,15205.49030578876,57.31,29.311304347826088,743.4,1,0,0,0,0,0,1,0.0
2026-09-08 13:00:00-03:00,S,1,14305.311237154856,57.31,19.50082417582417,686.6593406593406,1,0,0,0,0,0,1,0.0
2026-09-08 13:00:00-03:00,S,7,14330.721838124637,57.31,15.918956043956046,641.6593406593407,1,0,0,0,0,0,1,0.0
2026-09-08 13:00:00-03:00,SECO,1,49684.55934658514,57.31,22.45258076494616,504.0449313033792,1,0,0,0,0,0,1,0.0
2026-09-08 13:00:00-03:00,SECO,7,50085.35799983826,57.31,19.707575194949868,548.3761604158931,1,0,0,0,0,0,1,0.0
2026-09-08 14:00:00-03:00,N,1,10907.550906482204,57.31,31.984324324324326,734.5405405405406,1,0,0,0,0,0,1,0.0695
2026-09-08 14:00:00-03:00,N,7,10956.789567539685,57.31,32.09837837837838,749.4504504504505,1,0,0,0,0,0,1,0.0695
2026-09-08 14:00:00-03:00,NE,1,15285.831058257902,57.31,29.296425120772945,608.2444444444444,1,0,0,0,0,0,1,0.0
2026-09-08 14:00:00-03:00,NE,7,15412.602114116133,57.31,29.29652173913044,580.6657004830918,1,0,0,0,0,0,1,0.0
2026-09-08 14:00:00-03:00,S,1,14571.254591700274,57.31,20.06758241758242,581.1785714285714,1,0,0,0,0,0,1,0.0
2026-09-08 14:00:00-03:00,S,7,14851.13136189162,57.31,16.684065934065934,555.3516483516484,1,0,0,0,0,0,1,0.0
2026-09-08 14:00:00-03:00,SECO,1,50069.438862678464,57.31,22.767434088377275,484.4641663572224,1,0,0,0,0,0,1,0.0
2026-09-08 14:00:00-03:00,SECO,7,50947.04240766325,57.31,20.21522465651689,452.9279613813591,1,0,0,0,0,0,1,0.0
2026-09-08 15:00:00-03:00,N,1,10754.090276709065,63.59,31.62666666666667,525.4018018018019,1,0,0,0,0,0,1,0.0695
2026-09-08 15:00:00-03:00,N,7,10785.725600562058,63.59,32.3609009009009,567.7045045045045,1,0,0,0,0,0,1,0.0695
2026-09-08 15:00:00-03:00,NE,1,15524.97333900982,63.58,28.647632850241543,383.4222222222222,1,0,0,0,0,0,1,0.0
2026-09-08 15:00:00-03:00,NE,7,15698.8246269014,63.58,29.18657004830918,352.3449275362319,1,0,0,0,0,0,1,0.0
2026-09-08 15:00:00-03:00,S,1,14884.763130179046,63.58,20.46098901098901,433.23901098901104,1,0,0,0,0,0,1,0.0
2026-09-08 15:00:00-03:00,S,7,14980.2411309223,63.58,16.9760989010989,417.2857142857143,1,0,0,0,0,0,1,0.0
2026-09-08 15:00:00-03:00,SECO,1,49881.53114599608,63.59,23.044002970664685,323.7044188637207,1,0,0,0,0,0,1,0.0
2026-09-08 15:00:00-03:00,SECO,7,50864.65701060546,63.59,20.392202005198666,296.56999628666915,1,0,0,0,0,0,1,0.0
2026-09-08 16:00:00-03:00,N,1,10356.309749673916,158.11,31.210810810810813,383.85945945945946,1,0,0,0,0,0,1,0.0695
2026-09-08 16:00:00-03:00,N,7,10406.24342109778,158.11,32.20558558558559,386.1567567567568,1,0,0,0,0,0,1,0.0695
2026-09-08 16:00:00-03:00,NE,1,15580.69482519876,158.1,28.18106280193237,161.1024154589372,1,0,0,0,0,0,1,0.0
2026-09-08 16:00:00-03:00,NE,7,15758.547502629088,158.1,28.936038647343,150.72946859903382,1,0,0,0,0,0,1,0.0
2026-09-08 16:00:00-03:00,S,1,15244.665612734536,158.1,20.035714285714285,239.2087912087912,1,0,0,0,0,0,1,0.0
2026-09-08 16:00:00-03:00,S,7,15368.48784182622,158.1,16.646428571428572,256.36813186813185,1,0,0,0,0,0,1,0.0
2026-09-08 16:00:00-03:00,SECO,1,50115.513342046295,158.11,22.62532491645005,178.73486817675453,1,0,0,0,0,0,1,0.0
2026-09-08 16:00:00-03:00,SECO,7,50925.37411021372,158.11,20.171333085777945,174.36093575937616,1,0,0,0,0,0,1,0.0
2026-09-08 17:00:00-03:00,N,1,9634.761983124718,166.82,31.05711711711712,176.6576576576577,1,0,0,0,0,0,1,0.0695
2026-09-08 17:00:00-03:00,N,7,9609.511516081944,166.82,31.812252252252254,183.44324324324327,1,0,0,0,0,0,1,0.0695
2026-09-08 17:00:00-03:00,NE,1,15401.712546505889,166.81,27.4624154589372,12.2231884057971,1,0,0,0,0,0,1,0.0
2026-09-08 17:00:00-03:00,NE,7,15310.53347268896,166.81,28.53864734299517,9.60289855072464,1,0,0,0,0,0,1,0.0
2026-09-08 17:00:00-03:00,S,1,15335.596475203183,166.8,19.069505494505496,82.90384615384616,1,0,0,0,0,0,1,0.0
2026-09-08 17:00:00-03:00,S,7,15649.060926499857,166.8,15.807142857142855,78.50274725274726,1,0,0,0,0,0,1,0.0
2026-09-08 17:00:00-03:00,SECO,1,49864.86786035095,166.81,22.10382473078351,42.93835870776086,1,0,0,0,0,0,1,0.0
2026-09-08 17:00:00-03:00,SECO,7,50364.69045182063,166.81,19.68299294467137,51.4259190493873,1,0,0,0,0,0,1,0.0
2026-09-08 18:00:00-03:00,N,1,9250.50325598608,197.03,30.02630630630631,30.210810810810813,1,0,0,0,0,0,1,0.0695
2026-09-08 18:00:00-03:00,N,7,9276.683922478214,197.03,31.210630630630632,33.563963963963964,1,0,0,0,0,0,1,0.0695
2026-09-08 18:00:00-03:00,NE,1,15742.465598173703,197.02,26.872463768115946,0.0,1,0,0,0,0,0,1,0.0
2026-09-08 18:00:00-03:00,NE,7,15631.489960280343,197.02,28.078454106280194,0.0,1,0,0,0,0,0,1,0.0
2026-09-08 18:00:00-03:00,S,1,16703.504092104533,197.02,17.393956043956045,0.3653846153846154,1,0,0,0,0,0,1,0.0
2026-09-08 18:00:00-03:00,S,7,16636.4196206877,197.02,14.682692307692308,0.0,1,0,0,0,0,0,1,0.0
2026-09-08 18:00:00-03:00,SECO,1,51502.11051909637,197.02,21.173152617898253,3.962495358336428,1,0,0,0,0,0,1,0.0
2026-09-08 18:00:00-03:00,SECO,7,52042.41512825345,197.02,18.970441886372075,4.623839584106944,1,0,0,0,0,0,1,0.0
2026-09-08 19:00:00-03:00,N,1,9588.642489080434,174.25,29.32378378378379,0.0,1,0,0,0,0,0,1,0.0695
2026-09-08 19:00:00-03:00,N,7,9587.13665068692,174.25,30.544504504504506,0.0,1,0,0,0,0,0,1,0.0695
2026-09-08 19:00:00-03:00,NE,1,15632.377372837163,174.24,26.729951690821256,0.0,1,0,0,0,0,0,1,0.0
2026-09-08 19:00:00-03:00,NE,7,15453.639068087665,174.24,27.561835748792276,0.0,1,0,0,0,0,0,1,0.0
2026-09-08 19:00:00-03:00,S,1,17130.619588991,174.25,15.685714285714289,0.0,1,0,0,0,0,0,1,0.0
2026-09-08 19:00:00-03:00,S,7,17009.904589043825,174.25,13.458241758241758,0.0,1,0,0,0,0,0,1,0.0
2026-09-08 19:00:00-03:00,SECO,1,51813.100344097526,174.25,20.507686594875604,0.1373932417378388,1,0,0,0,0,0,1,0.0
2026-09-08 19:00:00-03:00,SECO,7,52104.73119729804,174.25,18.193204604530266,0.1069439287040475,1,0,0,0,0,0,1,0.0
2026-09-08 20:00:00-03:00,N,1,9912.919225438063,164.34,29.074414414414417,0.0,1,0,0,0,0,0,1,0.0695
2026-09-08 20:00:00-03:00,N,7,9858.69876999378,164.34,29.87801801801802,0.0,1,0,0,0,0,0,1,0.0695
2026-09-08 20:00:00-03:00,NE,1,15669.053293096642,164.33,26.6048309178744,0.0,1,0,0,0,0,0,1,0.0
2026-09-08 20:00:00-03:00,NE,7,15402.20774286157,164.33,27.05700483091788,0.0,1,0,0,0,0,0,1,0.0
2026-09-08 20:00:00-03:00,S,1,16389.48750446532,164.32,14.534065934065936,0.0,1,0,0,0,0,0,1,0.0
2026-09-08 20:00:00-03:00,S,7,16597.170321809182,164.32,12.312087912087913,0.0,1,0,0,0,0,0,1,0.0
2026-09-08 20:00:00-03:00,SECO,1,51062.38538406055,164.33,19.82710731526179,0.0,1,0,0,0,0,0,1,0.0
2026-09-08 20:00:00-03:00,SECO,7,51664.22129394329,164.33,17.495358336427774,0.0,1,0,0,0,0,0,1,0.0
2026-09-08 21:00:00-03:00,N,1,10144.030494129309,165.15,28.550810810810813,0.0,1,0,0,0,0,0,1,0.0695
2026-09-08 21:00:00-03:00,N,7,10112.33335159604,165.15,28.89783783783784,0.0,1,0,0,0,0,0,1,0.0695
2026-09-08 21:00:00-03:00,NE,1,16194.83429512744,165.14,26.52309178743961,0.0,1,0,0,0,0,0,1,0.0
2026-09-08 21:00:00-03:00,NE,7,15988.02816877483,165.14,26.33314009661836,0.0,1,0,0,0,0,0,1,0.0
2026-09-08 21:00:00-03:00,S,1,15398.052365498812,165.13,13.993131868131869,0.0,1,0,0,0,0,0,1,0.0
2026-09-08 21:00:00-03:00,S,7,15819.968344654326,165.13,12.182142857142855,0.0,1,0,0,0,0,0,1,0.0
2026-09-08 21:00:00-03:00,SECO,1,50134.22873719738,165.14,19.561678425547715,0.0,1,0,0,0,0,0,1,0.0
2026-09-08 21:00:00-03:00,SECO,7,49922.13517092101,165.14,17.24693650204233,0.0,1,0,0,0,0,0,1,0.0
2026-09-08 22:00:00-03:00,N,1,10289.095829357231,161.87,28.34108108108108,0.0,1,0,0,0,0,0,1,0.0695
2026-09-08 22:00:00-03:00,N,7,10227.36838264855,161.87,28.464684684684684,0.0,1,0,0,0,0,0,1,0.0695
2026-09-08 22:00:00-03:00,NE,1,16210.68565158519,161.86,26.31072463768116,0.0,1,0,0,0,0,0,1,0.0
2026-09-08 22:00:00-03:00,NE,7,15918.03260615102,161.86,25.989468599033817,0.0,1,0,0,0,0,0,1,0.0
2026-09-08 22:00:00-03:00,S,1,14413.101976456328,161.86,13.578296703296704,0.0,1,0,0,0,0,0,1,0.0
2026-09-08 22:00:00-03:00,S,7,14566.55282551054,161.86,11.862912087912088,0.0,1,0,0,0,0,0,1,0.0
2026-09-08 22:00:00-03:00,SECO,1,47368.65732364259,161.87,19.125807649461567,0.0,1,0,0,0,0,0,1,0.0
2026-09-08 22:00:00-03:00,SECO,7,46784.97884941049,161.87,16.863015224656518,0.0,1,0,0,0,0,0,1,0.0
2026-09-08 23:00:00-03:00,N,1,10281.492877421397,157.66,28.055495495495496,0.0,1,0,0,0,0,0,1,0.0695
2026-09-08 23:00:00-03:00,N,7,10231.63298727824,157.66,28.006486486486487,0.0,1,0,0,0,0,0,1,0.0695
2026-09-08 23:00:00-03:00,NE,1,15493.310091792822,157.65,25.96647342995169,0.0,1,0,0,0,0,0,1,0.0
2026-09-08 23:00:00-03:00,NE,7,15225.017674565815,157.65,25.604444444444447,0.0,1,0,0,0,0,0,1,0.0
2026-09-08 23:00:00-03:00,S,1,13196.676832749008,157.65,13.196153846153846,0.0,1,0,0,0,0,0,1,0.0
2026-09-08 23:00:00-03:00,S,7,13158.383612512727,157.65,11.673351648351648,0.0,1,0,0,0,0,0,1,0.0
2026-09-08 23:00:00-03:00,SECO,1,44919.25165190273,157.66,18.889454140363902,0.0,1,0,0,0,0,0,1,0.0
2026-09-08 23:00:00-03:00,SECO,7,43859.10184535169,157.66,16.53401411065726,0.0,1,0,0,0,0,0,1,0.0
2026-09-09 00:00:00-03:00,N,1,10105.101511763429,143.63,27.6945945945946,0.0,2,0,0,0,0,0,0,0.0
2026-09-09 00:00:00-03:00,N,7,10165.02441596467,143.63,27.540720720720724,0.0,2,0,0,0,0,0,0,0.0
2026-09-09 00:00:00-03:00,NE,1,15233.384229441424,143.62,25.73584541062802,0.0,2,0,0,0,0,0,0,0.0
2026-09-09 00:00:00-03:00,NE,7,14729.671447359504,143.62,25.23787439613527,0.0,2,0,0,0,0,0,0,0.0
2026-09-09 00:00:00-03:00,S,1,11756.79794169172,143.62,12.92967032967033,0.0,2,0,0,0,0,0,0,0.0
2026-09-09 00:00:00-03:00,S,7,12068.361134223418,143.62,11.62032967032967,0.0,2,0,0,0,0,0,0,0.0
2026-09-09 00:00:00-03:00,SECO,1,42273.51226574634,143.63,18.70939472707018,0.0,2,0,0,0,0,0,0,0.0
2026-09-09 00:00:00-03:00,SECO,7,41643.146581782574,143.63,16.358039361307092,0.0,2,0,0,0,0,0,0,0.0
2026-09-09 01:00:00-03:00,N,1,9776.16985389092,113.69,27.180000000000003,0.0,2,0,0,0,0,0,0,0.0
2026-09-09 01:00:00-03:00,N,7,9888.47959071239,113.69,27.2136936936937,0.0,2,0,0,0,0,0,0,0.0
2026-09-09 01:00:00-03:00,NE,1,14806.414584916842,113.68,25.429468599033815,0.0,2,0,0,0,0,0,0,0.0
2026-09-09 01:00:00-03:00,NE,7,14339.274805143092,113.68,24.997004830917877,0.0,2,0,0,0,0,0,0,0.0
2026-09-09 01:00:00-03:00,S,1,11157.86394160044,113.67,12.812087912087913,0.0,2,0,0,0,0,0,0,0.0
2026-09-09 01:00:00-03:00,S,7,11286.801386946245,113.67,11.718681318681318,0.0,2,0,0,0,0,0,0,0.0
2026-09-09 01:00:00-03:00,SECO,1,40135.36544032362,113.68,18.32896398069068,0.0,2,0,0,0,0,0,0,0.0
2026-09-09 01:00:00-03:00,SECO,7,39839.17926058413,113.68,16.21292239138507,0.0,2,0,0,0,0,0,0,0.0
2026-09-09 02:00:00-03:00,N,1,9530.508106694746,69.12,26.882162162162164,0.0,2,0,0,0,0,0,0,0.0
2026-09-09 02:00:00-03:00,N,7,9596.267352092753,69.12,26.93657657657658,0.0,2,0,0,0,0,0,0,0.0
2026-09-09 02:00:00-03:00,NE,1,14412.969355186078,69.11,25.207826086956523,0.0,2,0,0,0,0,0,0,0.0
2026-09-09 02:00:00-03:00,NE,7,14046.631499188376,69.11,24.8343961352657,0.0,2,0,0,0,0,0,0,0.0
2026-09-09 02:00:00-03:00,S,1,10835.790583754562,69.1,12.617307692307692,0.0,2,0,0,0,0,0,0,0.0
2026-09-09 02:00:00-03:00,S,7,10874.008524540111,69.1,11.902197802197804,0.0,2,0,0,0,0,0,0,0.0
2026-09-09 02:00:00-03:00,SECO,1,39039.90614660784,69.11,18.120126253249165,0.0,2,0,0,0,0,0,0,0.0
2026-09-09 02:00:00-03:00,SECO,7,38538.57861804063,69.11,16.173858150761234,0.0,2,0,0,0,0,0,0,0.0
2026-09-09 03:00:00-03:00,N,1,9237.124126790615,57.31,26.372432432432436,0.0,2,0,0,0,0,0,0,0.0
2026-09-09 03:00:00-03:00,N,7,9347.77739605695,57.31,26.872792792792797,0.0,2,0,0,0,0,0,0,0.0
2026-09-09 03:00:00-03:00,NE,1,14156.609418791882,57.31,24.953719806763285,0.0,2,0,0,0,0,0,0,0.0
2026-09-09 03:00:00-03:00,NE,7,13749.053944662208,57.31,24.820386473429952,0.0,2,0,0,0,0,0,0,0.0
2026-09-09 03:00:00-03:00,S,1,10677.390271464286,57.31,12.429395604395603,0.0,2,0,0,0,0,0,0,0.0
2026-09-09 03:00:00-03:00,S,7,10790.70305225084,57.31,12.146703296703295,0.0,2,0,0,0,0,0,0,0.0
2026-09-09 03:00:00-03:00,SECO,1,38487.79103180343,57.31,17.783958410694392,0.0,2,0,0,0,0,0,0,0.0
2026-09-09 03:00:00-03:00,SECO,7,38141.42264682202,57.31,16.23854437430375,0.0,2,0,0,0,0,0,0,0.0
2026-09-09 04:00:00-03:00,N,1,9055.99449806121,112.76,26.10846846846847,0.0,2,0,0,0,0,0,0,0.0
2026-09-09 04:00:00-03:00,N,7,9156.952490486186,112.76,26.911711711711717,0.0,2,0,0,0,0,0,0,0.0
2026-09-09 04:00:00-03:00,NE,1,14027.451211863729,112.75,24.8248309178744,0.0,2,0,0,0,0,0,0,0.0
2026-09-09 04:00:00-03:00,NE,7,13592.897723771086,112.75,25.02299516908213,0.0,2,0,0,0,0,0,0,0.0
2026-09-09 04:00:00-03:00,S,1,10885.445566711172,112.74,12.185989010989012,0.0,2,0,0,0,0,0,0,0.0
2026-09-09 04:00:00-03:00,S,7,11011.145253047956,112.74,12.522527472527472,0.0,2,0,0,0,0,0,0,0.0
2026-09-09 04:00:00-03:00,SECO,1,38641.97806844141,112.75,17.597029335313774,0.0,2,0,0,0,0,0,0,0.0
2026-09-09 04:00:00-03:00,SECO,7,38549.55809445765,112.75,16.435425176383216,0.0,2,0,0,0,0,0,0,0.0
2026-09-09 05:00:00-03:00,N,1,8876.517049236676,141.05,25.98216216216216,0.0,2,0,0,0,0,0,0,0.0
2026-09-09 05:00:00-03:00,N,7,8980.164125012128,141.05,27.13081081081081,0.0,2,0,0,0,0,0,0,0.0
2026-09-09 05:00:00-03:00,NE,1,13728.50197205261,141.04,24.5319806763285,14.508212560386474,2,0,0,0,0,0,0,0.0
2026-09-09 05:00:00-03:00,NE,7,13253.306726076316,141.04,25.419227053140094,13.097584541062805,2,0,0,0,0,0,0,0.0
2026-09-09 05:00:00-03:00,S,1,11588.93063182723,141.04,12.081868131868132,0.0,2,0,0,0,0,0,0,0.0
2026-09-09 05:00:00-03:00,S,7,11862.140508531547,141.04,12.95934065934066,0.0,2,0,0,0,0,0,0,0.0
2026-09-09 05:00:00-03:00,SECO,1,40402.37475946127,141.05,17.551541032305977,0.0118826587448941,2,0,0,0,0,0,0,0.0
2026-09-09 05:00:00-03:00,SECO,7,40434.19557231727,141.05,16.68618640920906,0.0118826587448941,2,0,0,0,0,0,0,0.0
2026-09-09 06:00:00-03:00,N,1,8459.3431324884,136.46,25.94144144144144,31.27207207207207,2,0,0,0,0,0,0,0.0
2026-09-09 06:00:00-03:00,N,7,8516.450512363139,136.46,27.453333333333337,30.63783783783784,2,0,0,0,0,0,0,0.0
2026-09-09 06:00:00-03:00,NE,1,13641.5123844821,136.45,24.47961352657005,167.84734299516907,2,0,0,0,0,0,0,0.0
2026-09-09 06:00:00-03:00,NE,7,13103.009734949905,136.45,25.92289855072464,149.50531400966184,2,0,0,0,0,0,0,0.0
2026-09-09 06:00:00-03:00,S,1,13058.063674883051,136.45,12.164285714285716,8.914835164835164,2,0,0,0,0,0,0,0.0
2026-09-09 06:00:00-03:00,S,7,13477.560134048988,136.45,13.532692307692308,4.837912087912088,2,0,0,0,0,0,0,0.0
2026-09-09 06:00:00-03:00,SECO,1,42777.94072481228,136.46,17.504975863349426,33.83958410694393,2,0,0,0,0,0,0,0.0
2026-09-09 06:00:00-03:00,SECO,7,42780.78711888766,136.46,17.05792796138136,37.99591533605644,2,0,0,0,0,0,0,0.0
2026-09-09 07:00:00-03:00,N,1,8573.04177734295,57.31,26.316936936936937,178.37297297297297,2,0,0,0,0,0,0,0.0
2026-09-09 07:00:00-03:00,N,7,8568.355450551404,57.31,27.81495495495496,174.08288288288287,2,0,0,0,0,0,0,0.0
2026-09-09 07:00:00-03:00,NE,1,14168.329073917965,57.31,25.56647342995169,384.4280193236715,2,0,0,0,0,0,0,0.0
2026-09-09 07:00:00-03:00,NE,7,13462.74621533727,57.31,26.460772946859905,329.22512077294687,2,0,0,0,0,0,0,0.0
2026-09-09 07:00:00-03:00,S,1,14289.930260703051,57.31,12.698076923076924,96.36813186813188,2,0,0,0,0,0,0,0.0
2026-09-09 07:00:00-03:00,S,7,14724.255899611097,57.31,14.154670329670331,67.0576923076923,2,0,0,0,0,0,0,0.0
2026-09-09 07:00:00-03:00,SECO,1,44848.10630615902,57.31,18.10672112885258,150.28815447456367,2,0,0,0,0,0,0,0.0
2026-09-09 07:00:00-03:00,SECO,7,44621.26211127608,57.31,17.552060898626067,179.75157816561455,2,0,0,0,0,0,0,0.0
2026-09-09 08:00:00-03:00,N,1,9161.200275512874,57.31,27.42918918918919,384.84684684684686,2,0,0,0,0,0,0,0.0
2026-09-09 08:00:00-03:00,N,7,9099.031000368595,57.31,28.26756756756757,373.9567567567568,2,0,0,0,0,0,0,0.0
2026-09-09 08:00:00-03:00,NE,1,14891.748956552014,57.31,26.91507246376812,565.823188405797,2,0,0,0,0,0,0,0.0
2026-09-09 08:00:00-03:00,NE,7,14052.580283135723,57.31,26.978454106280196,501.59227053140097,2,0,0,0,0,0,0,0.0
2026-09-09 08:00:00-03:00,S,1,15059.489963689566,57.31,14.048076923076923,270.010989010989,2,0,0,0,0,0,0,0.0
2026-09-09 08:00:00-03:00,S,7,15507.18747586961,57.31,14.725274725274724,204.01373626373623,2,0,0,0,0,0,0,0.0
2026-09-09 08:00:00-03:00,SECO,1,46706.62113283454,57.31,19.2262532491645,295.2421091719272,2,0,0,0,0,0,0,0.0
2026-09-09 08:00:00-03:00,SECO,7,46052.10238943481,57.31,18.08704047530635,349.9554400297066,2,0,0,0,0,0,0,0.0
2026-09-09 09:00:00-03:00,N,1,9474.510729111173,57.31,28.14054054054054,533.4882882882883,2,0,0,0,0,0,0,0.0
2026-09-09 09:00:00-03:00,N,7,9557.61871497152,57.31,29.08684684684685,554.8738738738739,2,0,0,0,0,0,0,0.0
2026-09-09 09:00:00-03:00,NE,1,15040.8324280882,57.31,27.959033816425123,701.1719806763285,2,0,0,0,0,0,0,0.0
2026-09-09 09:00:00-03:00,NE,7,14362.841292568104,57.31,27.50695652173913,737.2541062801932,2,0,0,0,0,0,0,0.0
2026-09-09 09:00:00-03:00,S,1,15206.542008848268,57.31,15.720604395604392,373.2445054945055,2,0,0,0,0,0,0,0.0
2026-09-09 09:00:00-03:00,S,7,15709.22577952669,57.31,15.414285714285716,293.4340659340659,2,0,0,0,0,0,0,0.0
2026-09-09 09:00:00-03:00,SECO,1,48284.84468757833,57.31,21.07200148533234,543.2829558113627,2,0,0,0,0,0,0,0.0
2026-09-09 09:00:00-03:00,SECO,7,47236.95851656609,57.31,19.0279242480505,537.9101373932417,2,0,0,0,0,0,0,0.0
2026-09-09 10:00:00-03:00,N,1,9764.199640738432,57.31,29.552432432432436,725.1171171171172,2,0,0,0,0,0,0,0.0
2026-09-09 10:00:00-03:00,N,7,9849.970242899228,57.31,29.662702702702703,692.3891891891892,2,0,0,0,0,0,0,0.0
2026-09-09 10:00:00-03:00,NE,1,15260.874312778,57.31,28.58840579710145,788.7333333333333,2,0,0,0,0,0,0,0.0
2026-09-09 10:00:00-03:00,NE,7,14693.61578138572,57.31,27.801062801932368,844.6154589371981,2,0,0,0,0,0,0,0.0
2026-09-09 10:00:00-03:00,S,1,15385.7050740421,57.31,17.47554945054945,444.1098901098901,2,0,0,0,0,0,0,0.0
2026-09-09 10:00:00-03:00,S,7,16021.837851706852,57.31,16.121153846153845,358.58516483516485,2,0,0,0,0,0,0,0.0
2026-09-09 10:00:00-03:00,SECO,1,49907.00094992128,57.31,23.092461938358703,592.0798366134422,2,0,0,0,0,0,0,0.0
2026-09-09 10:00:00-03:00,SECO,7,48443.64921317372,57.31,19.86969922020052,639.7697734868177,2,0,0,0,0,0,0,0.0
2026-09-09 11:00:00-03:00,N,1,9983.363362663174,57.31,30.95837837837838,872.9567567567568,2,0,0,0,0,0,0,0.0
2026-09-09 11:00:00-03:00,N,7,10032.329367174823,57.31,30.362342342342345,780.0990990990991,2,0,0,0,0,0,0,0.0
2026-09-09 11:00:00-03:00,NE,1,15314.960017658654,57.31,28.813719806763288,880.2550724637681,2,0,0,0,0,0,0,0.0
2026-09-09 11:00:00-03:00,NE,7,14699.420902861431,57.31,28.09381642512077,885.464734299517,2,0,0,0,0,0,0,0.0
2026-09-09 11:00:00-03:00,S,1,15686.505992328204,57.31,18.665384615384617,431.5412087912088,2,0,0,0,0,0,0,0.0
2026-09-09 11:00:00-03:00,S,7,16094.37086259828,57.31,16.876648351648353,394.3104395604396,2,0,0,0,0,0,0,0.0
2026-09-09 11:00:00-03:00,SECO,1,51005.53315966029,57.31,24.106498329001116,648.6691422205719,2,0,0,0,0,0,0,0.0
2026-09-09 11:00:00-03:00,SECO,7,49499.08975595611,57.31,20.943743037504643,685.2888971407352,2,0,0,0,0,0,0,0.0
2026-09-09 12:00:00-03:00,N,1,10153.619297796768,57.31,32.3018018018018,887.50990990991,2,0,0,0,0,0,0,0.0
2026-09-09 12:00:00-03:00,N,7,10201.612044170186,57.31,31.09945945945946,811.0612612612613,2,0,0,0,0,0,0,0.0
2026-09-09 12:00:00-03:00,NE,1,15099.553446884634,57.31,29.09217391304348,831.2173913043479,2,0,0,0,0,0,0,0.0
2026-09-09 12:00:00-03:00,NE,7,14493.007213059727,57.31,28.2856038647343,854.2280193236716,2,0,0,0,0,0,0,0.0
2026-09-09 12:00:00-03:00,S,1,14454.382485925044,57.31,19.33159340659341,548.1565934065934,2,0,0,0,0,0,0,0.0
2026-09-09 12:00:00-03:00,S,7,14953.327035934624,57.31,17.680769230769233,398.79945054945057,2,0,0,0,0,0,0,0.0
2026-09-09 12:00:00-03:00,SECO,1,49842.82176254961,57.31,24.34660230226513,493.3030077979948,2,0,0,0,0,0,0,0.0
2026-09-09 12:00:00-03:00,SECO,7,49133.03575769407,57.31,22.090976606015595,669.9305607129595,2,0,0,0,0,0,0,0.0
2026-09-09 13:00:00-03:00,N,1,10652.853949963745,57.31,33.03207207207208,850.0846846846848,2,0,0,0,0,0,0,0.0
2026-09-09 13:00:00-03:00,N,7,10699.418717472314,57.31,31.762702702702704,782.6162162162163,2,0,0,0,0,0,0,0.0
2026-09-09 13:00:00-03:00,NE,1,15292.52459747104,57.31,28.963671497584546,727.2502415458937,2,0,0,0,0,0,0,0.0
2026-09-09 13:00:00-03:00,NE,7,14770.656316784503,57.31,28.439227053140097,753.632850241546,2,0,0,0,0,0,0,0.0
2026-09-09 13:00:00-03:00,S,1,14829.3547809741,57.31,19.958516483516483,534.9175824175824,2,0,0,0,0,0,0,0.0
2026-09-09 13:00:00-03:00,S,7,15154.353304532746,57.31,18.36318681318681,372.93131868131866,2,0,0,0,0,0,0,0.0
2026-09-09 13:00:00-03:00,SECO,1,49826.16870010996,57.31,23.608354994430005,598.5529149647233,2,0,0,0,0,0,0,0.0
2026-09-09 13:00:00-03:00,SECO,7,49960.73595385007,57.31,23.160304493130337,598.5558856294095,2,0,0,0,0,0,0,0.0
2026-09-09 14:00:00-03:00,N,1,10961.971689464355,57.31,33.18702702702703,716.2414414414415,2,0,0,0,0,0,0,0.0
2026-09-09 14:00:00-03:00,N,7,11044.502938375754,57.31,32.26882882882883,697.0432432432433,2,0,0,0,0,0,0,0.0
2026-09-09 14:00:00-03:00,NE,1,15669.942445482087,57.31,28.76434782608696,576.8666666666667,2,0,0,0,0,0,0,0.0
2026-09-09 14:00:00-03:00,NE,7,15290.63684133042,57.31,28.45236714975845,593.215458937198,2,0,0,0,0,0,0,0.0
2026-09-09 14:00:00-03:00,S,1,14871.84712915441,57.31,20.35604395604396,514.4972527472528,2,0,0,0,0,0,0,0.0
2026-09-09 14:00:00-03:00,S,7,15266.480632486957,57.31,18.896978021978025,318.3406593406594,2,0,0,0,0,0,0,0.0
2026-09-09 14:00:00-03:00,SECO,1,50896.63999178091,57.31,24.818900854066097,497.4110657259562,2,0,0,0,0,0,0,0.0
2026-09-09 14:00:00-03:00,SECO,7,50792.82764240189,57.31,23.93639064240624,481.70404753063497,2,0,0,0,0,0,0,0.0
2026-09-09 15:00:00-03:00,N,1,10895.859465399402,71.88,32.07045045045045,579.2810810810811,2,0,0,0,0,0,0,0.0
2026-09-09 15:00:00-03:00,N,7,10985.843733457135,71.88,32.39801801801802,560.1747747747748,2,0,0,0,0,0,0,0.0
2026-09-09 15:00:00-03:00,NE,1,16071.68346476215,71.87,28.367729468599038,387.375845410628,2,0,0,0,0,0,0,0.0
2026-09-09 15:00:00-03:00,NE,7,15754.739785673748,71.87,28.401352657004832,364.2473429951691,2,0,0,0,0,0,0,0.0
2026-09-09 15:00:00-03:00,S,1,15151.621319801934,71.87,20.24148351648352,284.9478021978022,2,0,0,0,0,0,0,0.0
2026-09-09 15:00:00-03:00,S,7,15271.47122071787,71.87,19.09423076923077,231.52472527472528,2,0,0,0,0,0,0,0.0
2026-09-09 15:00:00-03:00,SECO,1,50749.61471128237,71.88,24.85228369847753,399.5339769773487,2,0,0,0,0,0,0,0.0
2026-09-09 15:00:00-03:00,SECO,7,50901.90753027835,71.88,24.289751206832527,278.8770887486075,2,0,0,0,0,0,0,0.0
2026-09-09 16:00:00-03:00,N,1,10708.252623805012,160.87,31.652792792792795,371.1747747747748,2,0,0,0,0,0,0,0.0
2026-09-09 16:00:00-03:00,N,7,10836.720969672746,160.87,32.18720720720721,382.6594594594594,2,0,0,0,0,0,0,0.0
2026-09-09 16:00:00-03:00,NE,1,16240.638561320346,160.86,27.820772946859904,158.33236714975845,2,0,0,0,0,0,0,0.0
2026-09-09 16:00:00-03:00,NE,7,15821.548180859638,160.86,28.173043478260876,157.1024154589372,2,0,0,0,0,0,0,0.0
2026-09-09 16:00:00-03:00,S,1,15441.46466699708,160.86,19.130769230769232,124.41483516483518,2,0,0,0,0,0,0,0.0
2026-09-09 16:00:00-03:00,S,7,15759.119038097377,160.86,18.887362637362635,141.7912087912088,2,0,0,0,0,0,0,0.0
2026-09-09 16:00:00-03:00,SECO,1,51326.65654518407,160.87,24.76312662458225,179.49758633494244,2,0,0,0,0,0,0,0.0
2026-09-09 16:00:00-03:00,SECO,7,50810.04498285063,160.87,23.98291867805421,157.39435573709616,2,0,0,0,0,0,0,0.0
2026-09-09 17:00:00-03:00,N,1,9974.20044856392,190.34,30.981621621621624,153.34774774774775,2,0,0,0,0,0,0,0.0
2026-09-09 17:00:00-03:00,N,7,10073.588969672746,190.34,31.682522522522525,180.21621621621625,2,0,0,0,0,0,0,0.0
2026-09-09 17:00:00-03:00,NE,1,15722.62636074474,190.33,27.07314009661836,12.258937198067631,2,0,0,0,0,0,0,0.0
2026-09-09 17:00:00-03:00,NE,7,15398.036316667796,190.33,27.788792270531403,9.942028985507246,2,0,0,0,0,0,0,0.0
2026-09-09 17:00:00-03:00,S,1,15556.34618773268,190.32,18.40851648351649,37.41483516483516,2,0,0,0,0,0,0,0.0
2026-09-09 17:00:00-03:00,S,7,15952.015075593712,190.32,18.33186813186813,44.82142857142858,2,0,0,0,0,0,0,0.0
2026-09-09 17:00:00-03:00,SECO,1,51056.46320794546,190.33,23.14444857036762,49.92684738210174,2,0,0,0,0,0,0,0.0
2026-09-09 17:00:00-03:00,SECO,7,50524.08633034611,190.33,23.244411437059043,43.69922020051987,2,0,0,0,0,0,0,0.0
2026-09-09 18:00:00-03:00,N,1,9576.38573003386,249.1,29.836216216216226,23.538738738738736,2,0,0,0,0,0,0,0.0
2026-09-09 18:00:00-03:00,N,7,9666.364124642572,249.1,30.99081081081081,32.36936936936937,2,0,0,0,0,0,0,0.0
2026-09-09 18:00:00-03:00,NE,1,16218.838499060515,249.09,26.491304347826087,0.0,2,0,0,0,0,0,0,0.0
2026-09-09 18:00:00-03:00,NE,7,15865.211725702542,249.09,27.28695652173913,0.0,2,0,0,0,0,0,0,0.0
2026-09-09 18:00:00-03:00,S,1,16878.16462083238,249.09,17.74230769230769,0.0,2,0,0,0,0,0,0,0.0
2026-09-09 18:00:00-03:00,S,7,17051.204273700932,249.09,17.569505494505496,0.0,2,0,0,0,0,0,0,0.0
2026-09-09 18:00:00-03:00,SECO,1,53397.55192694604,249.09,22.142034905310062,4.015967322688452,2,0,0,0,0,0,0,0.0
2026-09-09 18:00:00-03:00,SECO,7,53178.89311990183,249.09,22.2299294467137,4.168956554028964,2,0,0,0,0,0,0,0.0
2026-09-09 19:00:00-03:00,N,1,9877.577552043982,181.99,29.42324324324325,0.0,2,0,0,0,0,0,0,0.0
2026-09-09 19:00:00-03:00,N,7,9942.367294497184,181.99,30.209189189189196,0.0,2,0,0,0,0,0,0,0.0
2026-09-09 19:00:00-03:00,NE,1,16123.942573749157,181.98,26.195942028985503,0.0,2,0,0,0,0,0,0,0.0
2026-09-09 19:00:00-03:00,NE,7,15765.62006192865,181.98,26.79961352657005,0.0,2,0,0,0,0,0,0,0.0
2026-09-09 19:00:00-03:00,S,1,17319.503465505713,181.97,16.631043956043957,0.0,2,0,0,0,0,0,0,0.0
2026-09-09 19:00:00-03:00,S,7,17420.02671436921,181.97,16.79230769230769,0.0,2,0,0,0,0,0,0,0.0
2026-09-09 19:00:00-03:00,SECO,1,53690.52893722343,181.98,21.67671741552172,0.1373932417378388,2,0,0,0,0,0,0,0.0
2026-09-09 19:00:00-03:00,SECO,7,53202.24453821403,181.98,21.10074266617156,0.1069439287040475,2,0,0,0,0,0,0,0.0
2026-09-09 20:00:00-03:00,N,1,10127.90765176244,165.03,29.050990990991,0.0,2,0,0,0,0,0,0,0.0
2026-09-09 20:00:00-03:00,N,7,10205.163508769918,165.03,29.483603603603605,0.0,2,0,0,0,0,0,0,0.0
2026-09-09 20:00:00-03:00,NE,1,16180.015804383476,165.02,26.02415458937198,0.0,2,0,0,0,0,0,0,0.0
2026-09-09 20:00:00-03:00,NE,7,15766.31797305225,165.02,26.289082125603866,0.0,2,0,0,0,0,0,0,0.0
2026-09-09 20:00:00-03:00,S,1,16592.976563423494,165.02,15.9510989010989,0.0,2,0,0,0,0,0,0,0.0
2026-09-09 20:00:00-03:00,S,7,16914.92882251692,165.02,16.063736263736267,0.0,2,0,0,0,0,0,0,0.0
2026-09-09 20:00:00-03:00,SECO,1,53158.76494574921,165.03,21.28718900854066,0.0,2,0,0,0,0,0,0,0.0
2026-09-09 20:00:00-03:00,SECO,7,52593.2044446406,165.03,20.091607872261417,0.0,2,0,0,0,0,0,0,0.0
2026-09-09 21:00:00-03:00,N,1,10323.979375698562,164.19,28.04018018018018,0.0,2,0,0,0,0,0,0,0.0
2026-09-09 21:00:00-03:00,N,7,10421.661894789984,164.19,28.933873873873875,0.0,2,0,0,0,0,0,0,0.0
2026-09-09 21:00:00-03:00,NE,1,16732.479728086055,164.19,25.60106280193237,0.0,2,0,0,0,0,0,0,0.0
2026-09-09 21:00:00-03:00,NE,7,16316.703016461524,164.19,26.323961352657005,0.0,2,0,0,0,0,0,0,0.0
2026-09-09 21:00:00-03:00,S,1,15836.372759131396,164.18,15.386538461538462,0.0,2,0,0,0,0,0,0,0.0
2026-09-09 21:00:00-03:00,S,7,16166.594438439137,164.18,15.786813186813188,0.0,2,0,0,0,0,0,0,0.0
2026-09-09 21:00:00-03:00,SECO,1,52406.82153223119,164.19,21.064389157073894,0.0,2,0,0,0,0,0,0,0.0
2026-09-09 21:00:00-03:00,SECO,7,51927.62715641412,164.19,20.173338284441144,0.0,2,0,0,0,0,0,0,0.0
2026-09-09 22:00:00-03:00,N,1,10520.158143487202,163.58,27.91207207207207,0.0,2,0,0,0,0,0,0,0.0
2026-09-09 22:00:00-03:00,N,7,10599.382706800166,163.58,28.50738738738739,0.0,2,0,0,0,0,0,0,0.0
2026-09-09 22:00:00-03:00,NE,1,16450.943366051448,163.57,25.411014492753623,0.0,2,0,0,0,0,0,0,0.0
2026-09-09 22:00:00-03:00,NE,7,16173.14072058757,163.57,25.96086956521739,0.0,2,0,0,0,0,0,0,0.0
2026-09-09 22:00:00-03:00,S,1,14893.291948285245,163.56,15.087637362637365,0.0,2,0,0,0,0,0,0,0.0
2026-09-09 22:00:00-03:00,S,7,14949.787996135956,163.56,15.438186813186814,0.0,2,0,0,0,0,0,0,0.0
2026-09-09 22:00:00-03:00,SECO,1,49761.25589218746,163.57,20.949795766802826,0.0,2,0,0,0,0,0,0,0.0
2026-09-09 22:00:00-03:00,SECO,7,49278.04430988185,163.57,19.84623096917936,0.0,2,0,0,0,0,0,0,0.0
2026-09-09 23:00:00-03:00,N,1,10474.504374515958,159.2,27.720360360360363,0.0,2,0,0,0,0,0,0,0.0
2026-09-09 23:00:00-03:00,N,7,10530.000286813496,159.2,28.031711711711715,0.0,2,0,0,0,0,0,0,0.0
2026-09-09 23:00:00-03:00,NE,1,15801.588630997969,159.19,25.058357487922702,0.0,2,0,0,0,0,0,0,0.0
2026-09-09 23:00:00-03:00,NE,7,15596.62920836364,159.19,25.60338164251208,0.0,2,0,0,0,0,0,0,0.0
2026-09-09 23:00:00-03:00,S,1,13416.582299909553,159.19,15.328296703296704,0.0,2,0,0,0,0,0,0,0.0
2026-09-09 23:00:00-03:00,S,7,13632.683321861086,159.19,15.15576923076923,0.0,2,0,0,0,0,0,0,0.0
2026-09-09 23:00:00-03:00,SECO,1,46529.37938130157,159.2,20.79810620126253,0.0,2,0,0,0,0,0,0,0.0
2026-09-09 23:00:00-03:00,SECO,7,45738.213203728206,159.2,19.50854066097289,0.0,2,0,0,0,0,0,0,0.0
2026-09-10 00:00:00-03:00,N,1,10179.993279057444,155.25,27.31495495495496,0.0,3,0,0,0,0,0,0,0.0
2026-09-10 00:00:00-03:00,N,7,10295.327250952896,155.25,27.582882882882885,0.0,3,0,0,0,0,0,0,0.0
2026-09-10 00:00:00-03:00,NE,1,15344.902623778007,155.24,24.85874396135265,0.0,3,0,0,0,0,0,0,0.0
2026-09-10 00:00:00-03:00,NE,7,15122.687568036125,155.24,25.260772946859905,0.0,3,0,0,0,0,0,0,0.0
2026-09-10 00:00:00-03:00,S,1,12552.564392263166,155.24,15.410714285714285,0.0,3,0,0,0,0,0,0,0.0
2026-09-10 00:00:00-03:00,S,7,12409.50905726769,155.24,14.958516483516483,0.0,3,0,0,0,0,0,0,0.0
2026-09-10 00:00:00-03:00,SECO,1,43765.75351270487,155.25,20.710397326401782,0.0,3,0,0,0,0,0,0,0.0
2026-09-10 00:00:00-03:00,SECO,7,43202.40047545744,155.25,19.30608986260676,0.0,3,0,0,0,0,0,0,0.0
2026-09-10 01:00:00-03:00,N,1,9884.058225839692,146.04,26.883423423423427,0.0,3,0,0,0,0,0,0,0.0
2026-09-10 01:00:00-03:00,N,7,9978.722368098452,146.04,27.17117117117117,0.0,3,0,0,0,0,0,0,0.0
2026-09-10 01:00:00-03:00,NE,1,14826.94684085982,146.03,24.670531400966183,0.0,3,0,0,0,0,0,0,0.0
2026-09-10 01:00:00-03:00,NE,7,14669.625219274618,146.03,24.95623188405797,0.0,3,0,0,0,0,0,0,0.0
2026-09-10 01:00:00-03:00,S,1,11819.40944813615,146.03,15.410714285714285,0.0,3,0,0,0,0,0,0,0.0
2026-09-10 01:00:00-03:00,S,7,11558.279491164843,146.03,14.912637362637362,0.0,3,0,0,0,0,0,0,0.0
2026-09-10 01:00:00-03:00,SECO,1,41186.7136149533,146.04,20.365428889714075,0.0,3,0,0,0,0,0,0,0.0
2026-09-10 01:00:00-03:00,SECO,7,40827.29362935727,146.04,19.17237281841812,0.0,3,0,0,0,0,0,0,0.0
2026-09-10 02:00:00-03:00,N,1,9570.846322215975,141.84,26.54108108108108,0.0,3,0,0,0,0,0,0,0.0
2026-09-10 02:00:00-03:00,N,7,9699.659770876442,141.84,26.9381981981982,0.0,3,0,0,0,0,0,0,0.0
2026-09-10 02:00:00-03:00,NE,1,14496.222414102143,141.83,24.46260869565217,0.0,3,0,0,0,0,0,0,0.0
2026-09-10 02:00:00-03:00,NE,7,14347.320828368636,141.83,24.797101449275363,0.0,3,0,0,0,0,0,0,0.0
2026-09-10 02:00:00-03:00,S,1,11400.814904864408,141.83,15.337637362637365,0.0,3,0,0,0,0,0,0,0.0
2026-09-10 02:00:00-03:00,S,7,11100.089375455154,141.83,14.866758241758244,0.0,3,0,0,0,0,0,0,0.0
2026-09-10 02:00:00-03:00,SECO,1,39822.51646402448,141.84,20.19391013739324,0.0,3,0,0,0,0,0,0,0.0
2026-09-10 02:00:00-03:00,SECO,7,39382.34284659236,141.84,19.12461938358708,0.0,3,0,0,0,0,0,0,0.0
2026-09-10 03:00:00-03:00,N,1,9378.91889788298,140.74,26.60036036036036,0.0,3,0,0,0,0,0,0,0.0
2026-09-10 03:00:00-03:00,N,7,9406.975602596089,140.74,26.7963963963964,0.0,3,0,0,0,0,0,0,0.0
2026-09-10 03:00:00-03:00,NE,1,14229.450831542725,140.73,24.132850241545896,0.0,3,0,0,0,0,0,0,0.0
2026-09-10 03:00:00-03:00,NE,7,14182.9365153149,140.73,24.83169082125604,0.0,3,0,0,0,0,0,0,0.0
2026-09-10 03:00:00-03:00,S,1,11267.863782430337,140.73,15.461538461538463,0.0,3,0,0,0,0,0,0,0.0
2026-09-10 03:00:00-03:00,S,7,10965.485874255695,140.73,14.903296703296704,0.0,3,0,0,0,0,0,0,0.0
2026-09-10 03:00:00-03:00,SECO,1,39117.87077183775,140.74,20.129483847010768,0.0,3,0,0,0,0,0,0,0.0
2026-09-10 03:00:00-03:00,SECO,7,38736.39402048406,140.74,19.261864092090605,0.0,3,0,0,0,0,0,0,0.0
2026-09-10 04:00:00-03:00,N,1,9140.361054185638,143.98,26.393873873873872,0.0,3,0,0,0,0,0,0,0.0
2026-09-10 04:00:00-03:00,N,7,9198.51628570195,143.98,26.922882882882885,0.0,3,0,0,0,0,0,0,0.0
2026-09-10 04:00:00-03:00,NE,1,14048.320045504075,143.97,24.0824154589372,0.0,3,0,0,0,0,0,0,0.0
2026-09-10 04:00:00-03:00,NE,7,14034.418217252369,143.97,25.08386473429952,0.0,3,0,0,0,0,0,0,0.0
2026-09-10 04:00:00-03:00,S,1,11484.239291070997,143.96,15.544230769230769,0.0,3,0,0,0,0,0,0,0.0
2026-09-10 04:00:00-03:00,S,7,11048.87167302717,143.96,15.088461538461535,0.0,3,0,0,0,0,0,0,0.0
2026-09-10 04:00:00-03:00,SECO,1,39381.71452680463,143.97,20.098923134051244,0.0,3,0,0,0,0,0,0,0.0
2026-09-10 04:00:00-03:00,SECO,7,39040.50306065043,143.97,19.538173041217973,0.0,3,0,0,0,0,0,0,0.0
2026-09-10 05:00:00-03:00,N,1,8975.732664277053,147.83,26.23837837837838,0.0,3,0,0,0,0,0,0,0.0
2026-09-10 05:00:00-03:00,N,7,9036.732894707868,147.83,27.15351351351352,0.0,3,0,0,0,0,0,0,0.0
2026-09-10 05:00:00-03:00,NE,1,13771.238091968124,147.82,23.76608695652174,16.175845410628018,3,0,0,0,0,0,0,0.0
2026-09-10 05:00:00-03:00,NE,7,13756.727126589158,147.82,25.552367149758453,15.5487922705314,3,0,0,0,0,0,0,0.0
2026-09-10 05:00:00-03:00,S,1,12303.392273592392,147.81,15.839010989010989,0.0,3,0,0,0,0,0,0,0.0
2026-09-10 05:00:00-03:00,S,7,11966.415409792888,147.81,15.343956043956045,0.0,3,0,0,0,0,0,0,0.0
2026-09-10 05:00:00-03:00,SECO,1,41434.692036566,147.82,20.126104715930182,0.0118826587448941,3,0,0,0,0,0,0,0.0
2026-09-10 05:00:00-03:00,SECO,7,41205.08165875501,147.82,20.011659858893427,0.0237653174897883,3,0,0,0,0,0,0,0.0
2026-09-10 06:00:00-03:00,N,1,8536.088349882766,145.87,26.054954954954955,31.913513513513514,3,0,0,0,0,0,0,0.0
2026-09-10 06:00:00-03:00,N,7,8639.15464164502,145.87,27.487027027027032,32.266666666666666,3,0,0,0,0,0,0,0.0
2026-09-10 06:00:00-03:00,NE,1,13513.180816047909,145.86,24.049951690821256,161.2840579710145,3,0,0,0,0,0,0,0.0
2026-09-10 06:00:00-03:00,NE,7,13528.043579168185,145.86,26.127536231884054,175.08985507246376,3,0,0,0,0,0,0,0.0
2026-09-10 06:00:00-03:00,S,1,13725.66640258162,145.86,15.986538461538462,5.714285714285714,3,0,0,0,0,0,0,0.0
2026-09-10 06:00:00-03:00,S,7,13429.354920105388,145.86,15.648076923076925,3.255494505494505,3,0,0,0,0,0,0,0.0
2026-09-10 06:00:00-03:00,SECO,1,44272.25204444802,145.87,20.13720757519495,35.30077979948013,3,0,0,0,0,0,0,0.0
2026-09-10 06:00:00-03:00,SECO,7,43591.5158290894,145.87,20.62072038618641,41.44968436687709,3,0,0,0,0,0,0,0.0
2026-09-10 07:00:00-03:00,N,1,8693.76381523786,57.31,26.381981981981983,178.5855855855856,3,0,0,0,0,0,0,0.0
2026-09-10 07:00:00-03:00,N,7,8729.594126962544,57.31,27.94126126126126,177.43963963963964,3,0,0,0,0,0,0,0.0
2026-09-10 07:00:00-03:00,NE,1,14019.132296506086,57.31,25.238357487922706,353.32753623188404,3,0,0,0,0,0,0,0.0
2026-09-10 07:00:00-03:00,NE,7,13942.049434255074,57.31,26.72425120772947,380.6975845410628,3,0,0,0,0,0,0,0.0
2026-09-10 07:00:00-03:00,S,1,15157.285408294973,57.31,16.3271978021978,56.42032967032968,3,0,0,0,0,0,0,0.0
2026-09-10 07:00:00-03:00,S,7,14616.687386083348,57.31,16.00357142857143,39.28296703296704,3,0,0,0,0,0,0,0.0
2026-09-10 07:00:00-03:00,SECO,1,46067.72840289126,57.31,20.752135165243224,172.90122539918306,3,0,0,0,0,0,0,0.0
2026-09-10 07:00:00-03:00,SECO,7,45141.716152049325,57.31,21.25640549572967,187.47716301522465,3,0,0,0,0,0,0,0.0
2026-09-10 08:00:00-03:00,N,1,9333.868449294552,57.31,27.689009009009013,405.0450450450451,3,0,0,0,0,0,0,0.0
2026-09-10 08:00:00-03:00,N,7,9286.433643615665,57.31,28.382522522522525,348.93333333333334,3,0,0,0,0,0,0,0.0
2026-09-10 08:00:00-03:00,NE,1,14627.000635872351,57.31,26.138840579710145,572.9429951690821,3,0,0,0,0,0,0,0.0
2026-09-10 08:00:00-03:00,NE,7,14496.161839910164,57.31,27.29816425120773,571.8309178743962,3,0,0,0,0,0,0,0.0
2026-09-10 08:00:00-03:00,S,1,15683.487454817836,57.31,16.8489010989011,158.68956043956044,3,0,0,0,0,0,0,0.0
2026-09-10 08:00:00-03:00,S,7,15156.335547037565,57.31,16.422527472527474,108.45329670329672,3,0,0,0,0,0,0,0.0
2026-09-10 08:00:00-03:00,SECO,1,47746.33918889353,57.31,22.14593390271073,313.8566654288897,3,0,0,0,0,0,0,0.0
2026-09-10 08:00:00-03:00,SECO,7,46269.714717184055,57.31,21.88113627924248,331.6680282213145,3,0,0,0,0,0,0,0.0
2026-09-10 09:00:00-03:00,N,1,9598.660571332077,57.31,28.47207207207208,582.6180180180181,3,0,0,0,0,0,0,0.0
2026-09-10 09:00:00-03:00,N,7,9654.492176521642,57.31,27.87873873873874,580.6054054054055,3,0,0,0,0,0,0,0.0
2026-09-10 09:00:00-03:00,NE,1,14986.667709021836,57.31,27.32048309178744,726.9990338164251,3,0,0,0,0,0,0,0.0
2026-09-10 09:00:00-03:00,NE,7,14677.740228689545,57.31,27.76270531400966,780.0917874396135,3,0,0,0,0,0,0,0.0
2026-09-10 09:00:00-03:00,S,1,15631.900869867892,57.31,17.288186813186815,192.3269230769231,3,0,0,0,0,0,0,0.0
2026-09-10 09:00:00-03:00,S,7,15026.19034707266,57.31,17.323351648351647,183.75824175824172,3,0,0,0,0,0,0,0.0
2026-09-10 09:00:00-03:00,SECO,1,48232.27083050906,57.31,23.077460081693275,460.9717786854808,3,0,0,0,0,0,0,0.0
2026-09-10 09:00:00-03:00,SECO,7,48426.93007360398,57.31,22.73338284441144,472.70070553286297,3,0,0,0,0,0,0,0.0
2026-09-10 10:00:00-03:00,N,1,9898.1580144688,57.31,29.67765765765766,733.7387387387387,3,0,0,0,0,0,0,0.0
2026-09-10 10:00:00-03:00,N,7,9950.733277413856,57.31,28.333333333333336,733.0396396396397,3,0,0,0,0,0,0,0.0
2026-09-10 10:00:00-03:00,NE,1,15309.565311879043,57.31,27.92975845410628,849.2763285024155,3,0,0,0,0,0,0,0.0
2026-09-10 10:00:00-03:00,NE,7,14994.998869605011,57.31,28.08608695652174,883.0222222222222,3,0,0,0,0,0,0,0.0
2026-09-10 10:00:00-03:00,S,1,16118.194804788034,57.31,17.6760989010989,288.23626373626377,3,0,0,0,0,0,0,0.0
2026-09-10 10:00:00-03:00,S,7,15291.17614937388,57.31,17.728846153846153,233.68956043956047,3,0,0,0,0,0,0,0.0
2026-09-10 10:00:00-03:00,SECO,1,49027.49881441459,57.31,24.441774972150014,534.6264389157074,3,0,0,0,0,0,0,0.0
2026-09-10 10:00:00-03:00,SECO,7,49668.53620399868,57.31,23.188711474192356,561.0193093204605,3,0,0,0,0,0,0,0.0
2026-09-10 11:00:00-03:00,N,1,10045.38247472624,57.31,30.59207207207207,856.0936936936937,3,0,0,0,0,0,0,0.0
2026-09-10 11:00:00-03:00,N,7,10116.864125510314,57.31,28.966486486486488,833.0108108108109,3,0,0,0,0,0,0,0.0
2026-09-10 11:00:00-03:00,NE,1,15490.079050970364,57.31,28.32434782608696,904.7739130434784,3,0,0,0,0,0,0,0.0
2026-09-10 11:00:00-03:00,NE,7,14969.632605395764,57.31,28.36367149758454,918.27922705314,3,0,0,0,0,0,0,0.0
2026-09-10 11:00:00-03:00,S,1,15908.95842761875,57.31,18.67637362637363,317.8708791208791,3,0,0,0,0,0,0,0.0
2026-09-10 11:00:00-03:00,S,7,15729.126921440524,57.31,18.166758241758245,266.6538461538462,3,0,0,0,0,0,0,0.0
2026-09-10 11:00:00-03:00,SECO,1,49557.30036644079,57.31,25.276531748978837,570.652060898626,3,0,0,0,0,0,0,0.0
2026-09-10 11:00:00-03:00,SECO,7,51092.43533231344,57.31,23.57422948384701,601.5577422948385,3,0,0,0,0,0,0,0.0
2026-09-10 12:00:00-03:00,N,1,10242.108804520343,57.31,31.58720720720721,864.3747747747749,3,0,0,0,0,0,0,0.0
2026-09-10 12:00:00-03:00,N,7,10295.012499475446,57.31,29.69045045045045,868.6072072072072,3,0,0,0,0,0,0,0.0
2026-09-10 12:00:00-03:00,NE,1,15566.989296701302,57.31,28.842705314009663,867.3381642512077,3,0,0,0,0,0,0,0.0
2026-09-10 12:00:00-03:00,NE,7,14875.037166830798,57.31,28.626183574879228,881.0454106280193,3,0,0,0,0,0,0,0.0
2026-09-10 12:00:00-03:00,S,1,15090.739632064324,57.31,19.407692307692308,277.05769230769226,3,0,0,0,0,0,0,0.0
2026-09-10 12:00:00-03:00,S,7,15731.390292864668,57.31,18.570879120879123,278.84065934065933,3,0,0,0,0,0,0,0.0
2026-09-10 12:00:00-03:00,SECO,1,48941.78309850839,57.31,25.843371704418864,600.6130709246194,3,0,0,0,0,0,0,0.0
2026-09-10 12:00:00-03:00,SECO,7,50152.54176449886,57.31,23.96680282213145,593.3048644634237,3,0,0,0,0,0,0,0.0
2026-09-10 13:00:00-03:00,N,1,10646.55992339932,57.31,32.08234234234234,862.1351351351352,3,0,0,0,0,0,0,0.0
2026-09-10 13:00:00-03:00,N,7,10742.285278863115,57.31,30.391171171171173,836.3837837837839,3,0,0,0,0,0,0,0.0
2026-09-10 13:00:00-03:00,NE,1,15650.441766175143,57.31,28.910048309178745,749.3961352657005,3,0,0,0,0,0,0,0.0
2026-09-10 13:00:00-03:00,NE,7,14958.858002523635,57.31,28.758840579710142,775.5072463768116,3,0,0,0,0,0,0,0.0
2026-09-10 13:00:00-03:00,S,1,15686.283559255186,57.31,19.5771978021978,216.11263736263737,3,0,0,0,0,0,0,0.0
2026-09-10 13:00:00-03:00,S,7,15057.38550199776,57.31,18.93846153846154,269.10164835164835,3,0,0,0,0,0,0,0.0
2026-09-10 13:00:00-03:00,SECO,1,50125.93530103886,57.31,26.52855551429632,617.6104715930189,3,0,0,0,0,0,0,0.0
2026-09-10 13:00:00-03:00,SECO,7,51534.64198010717,57.31,24.220571852952094,537.481619012254,3,0,0,0,0,0,0,0.0
2026-09-10 14:00:00-03:00,N,1,10873.44655242444,57.31,32.27801801801802,760.6234234234236,3,0,0,0,0,0,0,0.0
2026-09-10 14:00:00-03:00,N,7,11027.204556230185,57.31,30.854594594594595,738.5945945945947,3,0,0,0,0,0,0,0.0
2026-09-10 14:00:00-03:00,NE,1,16228.385268802916,57.31,28.75314009661836,611.5748792270532,3,0,0,0,0,0,0,0.0
2026-09-10 14:00:00-03:00,NE,7,15739.776088909448,57.31,28.82550724637681,610.8347826086957,3,0,0,0,0,0,0,0.0
2026-09-10 14:00:00-03:00,S,1,15684.53315106547,57.31,19.40164835164835,249.72252747252747,3,0,0,0,0,0,0,0.0
2026-09-10 14:00:00-03:00,S,7,15149.411735739664,57.31,19.18846153846154,236.60164835164835,3,0,0,0,0,0,0,0.0
2026-09-10 14:00:00-03:00,SECO,1,50818.858649794354,57.31,26.521351652432237,461.4069810620126,3,0,0,0,0,0,0,0.0
2026-09-10 14:00:00-03:00,SECO,7,51684.72547892039,57.31,24.339955440029705,441.5573709617527,3,0,0,0,0,0,0,0.0
2026-09-10 15:00:00-03:00,N,1,10739.421694449344,73.22,31.689369369369373,591.3981981981982,3,0,0,0,0,0,0,0.0
2026-09-10 15:00:00-03:00,N,7,10853.81779228198,73.22,31.04900900900901,558.4018018018019,3,0,0,0,0,0,0,0.0
2026-09-10 15:00:00-03:00,NE,1,16505.616897950276,73.21,28.529565217391305,395.8231884057971,3,0,0,0,0,0,0,0.0
2026-09-10 15:00:00-03:00,NE,7,15997.5370850976,73.21,28.7512077294686,381.90048309178746,3,0,0,0,0,0,0,0.0
2026-09-10 15:00:00-03:00,S,1,15437.797135780604,73.21,18.910989010989013,190.6043956043956,3,0,0,0,0,0,0,0.0
2026-09-10 15:00:00-03:00,S,7,15203.048778755976,73.21,19.208791208791208,187.68956043956047,3,0,0,0,0,0,0,0.0
2026-09-10 15:00:00-03:00,SECO,1,49956.93492945162,73.22,25.55038989974007,224.27515781656143,3,0,0,0,0,0,0,0.0
2026-09-10 15:00:00-03:00,SECO,7,52236.72411817502,73.22,24.314890456739693,285.488303007798,3,0,0,0,0,0,0,0.0
2026-09-10 16:00:00-03:00,N,1,10383.484683030558,158.98,31.124324324324327,379.4594594594595,3,0,0,0,0,0,0,0.0
2026-09-10 16:00:00-03:00,N,7,10469.776262612297,158.98,30.830810810810814,377.9297297297298,3,0,0,0,0,0,0,0.0
2026-09-10 16:00:00-03:00,NE,1,16515.43567833384,158.97,27.956135265700485,161.97971014492754,3,0,0,0,0,0,0,0.0
2026-09-10 16:00:00-03:00,NE,7,16167.760339393297,158.97,28.503961352657008,164.50144927536232,3,0,0,0,0,0,0,0.0
2026-09-10 16:00:00-03:00,S,1,15466.468847322907,158.96,19.103021978021975,122.8021978021978,3,0,0,0,0,0,0,0.0
2026-09-10 16:00:00-03:00,S,7,15835.059198894398,158.96,19.02362637362637,117.37362637362638,3,0,0,0,0,0,0,0.0
2026-09-10 16:00:00-03:00,SECO,1,50261.90602524057,158.97,24.760341626438915,144.60378759747493,3,0,0,0,0,0,0,0.0
2026-09-10 16:00:00-03:00,SECO,7,52665.43297015715,158.97,24.05893056071296,164.05829929446713,3,0,0,0,0,0,0,0.0
2026-09-10 17:00:00-03:00,N,1,9598.034237072776,190.16,30.443243243243245,163.33153153153154,3,0,0,0,0,0,0,0.0
2026-09-10 17:00:00-03:00,N,7,9650.771384411846,190.16,30.341261261261263,176.02162162162165,3,0,0,0,0,0,0,0.0
2026-09-10 17:00:00-03:00,NE,1,15947.454731336302,190.15,27.207826086956523,11.881159420289856,3,0,0,0,0,0,0,0.0
2026-09-10 17:00:00-03:00,NE,7,15655.890933749197,190.15,28.105893719806765,10.37391304347826,3,0,0,0,0,0,0,0.0
2026-09-10 17:00:00-03:00,S,1,15858.785420738495,190.14,18.96236263736264,29.10164835164835,3,0,0,0,0,0,0,0.0
2026-09-10 17:00:00-03:00,S,7,16066.569488301746,190.14,18.557417582417585,36.722527472527474,3,0,0,0,0,0,0,0.0
2026-09-10 17:00:00-03:00,SECO,1,50349.3454309951,190.15,24.35774229483847,51.782398811734126,3,0,0,0,0,0,0,0.0
2026-09-10 17:00:00-03:00,SECO,7,52449.35636718035,190.15,23.54311177125882,45.69773486817675,3,0,0,0,0,0,0,0.0
2026-09-10 18:00:00-03:00,N,1,9290.131322745863,525.91,29.47225225225225,27.246846846846847,3,0,0,0,0,0,0,0.0
2026-09-10 18:00:00-03:00,N,7,9300.253356177516,525.91,29.654774774774776,30.88468468468469,3,0,0,0,0,0,0,0.0
2026-09-10 18:00:00-03:00,NE,1,16580.29374155437,525.9,26.75024154589372,0.0,3,0,0,0,0,0,0,0.0
2026-09-10 18:00:00-03:00,NE,7,16151.194103103207,525.9,27.5672463768116,0.0,3,0,0,0,0,0,0,0.0
2026-09-10 18:00:00-03:00,S,1,16772.895274287403,525.9,17.890934065934065,0.3653846153846154,3,0,0,0,0,0,0,0.0
2026-09-10 18:00:00-03:00,S,7,16848.47482398096,525.9,17.99120879120879,0.0,3,0,0,0,0,0,0,0.0
2026-09-10 18:00:00-03:00,SECO,1,52964.36386860653,525.91,23.556702562198293,3.818789454140364,3,0,0,0,0,0,0,0.0
2026-09-10 18:00:00-03:00,SECO,7,54744.34676778644,525.91,22.877682881544747,4.23468251021166,3,0,0,0,0,0,0,0.0
2026-09-10 19:00:00-03:00,N,1,9771.615839286498,334.49,28.690990990990997,0.0,3,0,0,0,0,0,0,0.0
2026-09-10 19:00:00-03:00,N,7,9864.935041927036,334.49,28.90450450450451,0.0,3,0,0,0,0,0,0,0.0
2026-09-10 19:00:00-03:00,NE,1,16463.737687509536,334.48,26.42657004830918,0.0,3,0,0,0,0,0,0,0.0
2026-09-10 19:00:00-03:00,NE,7,16124.28568527492,334.48,27.027149758454108,0.0,3,0,0,0,0,0,0,0.0
2026-09-10 19:00:00-03:00,S,1,17454.14540100243,334.48,17.13296703296703,0.0,3,0,0,0,0,0,0,0.0
2026-09-10 19:00:00-03:00,S,7,17415.48892076838,334.48,17.373626373626372,0.0,3,0,0,0,0,0,0,0.0
2026-09-10 19:00:00-03:00,SECO,1,53635.11378879151,334.48,22.883661344225768,0.1240252506498328,3,0,0,0,0,0,0,0.0
2026-09-10 19:00:00-03:00,SECO,7,54980.60565742909,334.48,22.24779056813962,0.0935759376160415,3,0,0,0,0,0,0,0.0
2026-09-10 20:00:00-03:00,N,1,9898.264651782878,174.16,27.67117117117117,0.0,3,0,0,0,0,0,0,0.0
2026-09-10 20:00:00-03:00,N,7,9992.516539119411,174.16,28.218018018018014,0.0,3,0,0,0,0,0,0,0.0
2026-09-10 20:00:00-03:00,NE,1,16445.34411355481,174.15,26.276038647343,0.0,3,0,0,0,0,0,0,0.0
2026-09-10 20:00:00-03:00,NE,7,16094.05268527492,174.15,26.489951690821258,0.0,3,0,0,0,0,0,0,0.0
2026-09-10 20:00:00-03:00,S,1,17070.28689553857,174.15,16.701923076923077,0.0,3,0,0,0,0,0,0,0.0
2026-09-10 20:00:00-03:00,S,7,16666.80527728745,174.15,16.841208791208793,0.0,3,0,0,0,0,0,0,0.0
2026-09-10 20:00:00-03:00,SECO,1,52795.047696510665,174.15,22.437430375046414,0.0,3,0,0,0,0,0,0,0.0
2026-09-10 20:00:00-03:00,SECO,7,54251.68554071688,174.15,21.59253620497586,0.0,3,0,0,0,0,0,0,0.0
2026-09-10 21:00:00-03:00,N,1,9960.198572036468,165.59,27.794774774774776,0.0,3,0,0,0,0,0,0,0.0
2026-09-10 21:00:00-03:00,N,7,10034.538112190028,165.59,27.85351351351352,0.0,3,0,0,0,0,0,0,0.0
2026-09-10 21:00:00-03:00,NE,1,17007.862596499494,165.58,26.37159420289855,0.0,3,0,0,0,0,0,0,0.0
2026-09-10 21:00:00-03:00,NE,7,16425.70261171348,165.58,26.153719806763284,0.0,3,0,0,0,0,0,0,0.0
2026-09-10 21:00:00-03:00,S,1,16265.110648706444,165.57,17.21043956043956,0.0,3,0,0,0,0,0,0,0.0
2026-09-10 21:00:00-03:00,S,7,16133.68223276882,165.57,17.29120879120879,0.0,3,0,0,0,0,0,0,0.0
2026-09-10 21:00:00-03:00,SECO,1,52108.93073847974,165.58,21.57422948384701,0.0,3,0,0,0,0,0,0,0.0
2026-09-10 21:00:00-03:00,SECO,7,53087.00478053194,165.58,21.61789825473449,0.0,3,0,0,0,0,0,0,0.0
2026-09-10 22:00:00-03:00,N,1,9973.799055132864,162.15,27.671891891891896,0.0,3,0,0,0,0,0,0,0.0
2026-09-10 22:00:00-03:00,N,7,10062.28701601386,162.15,27.35207207207208,0.0,3,0,0,0,0,0,0,0.0
2026-09-10 22:00:00-03:00,NE,1,16707.30497502844,162.14,26.11217391304348,0.0,3,0,0,0,0,0,0,0.0
2026-09-10 22:00:00-03:00,NE,7,16250.62765065727,162.14,25.749951690821256,0.0,3,0,0,0,0,0,0,0.0
2026-09-10 22:00:00-03:00,S,1,15247.31339220048,162.13,17.410164835164835,0.0,3,0,0,0,0,0,0,0.0
2026-09-10 22:00:00-03:00,S,7,15225.569969198748,162.13,17.02225274725275,0.0,3,0,0,0,0,0,0,0.0
2026-09-10 22:00:00-03:00,SECO,1,49622.58988452742,162.14,21.33134051243966,0.0,3,0,0,0,0,0,0,0.0
2026-09-10 22:00:00-03:00,SECO,7,50105.50920741126,162.14,21.28458967694021,0.0,3,0,0,0,0,0,0,0.0
2026-09-10 23:00:00-03:00,N,1,10115.361602235009,159.63,27.480360360360365,0.0,3,0,0,0,0,0,0,0.0
2026-09-10 23:00:00-03:00,N,7,10168.394259846727,159.63,26.844504504504503,0.0,3,0,0,0,0,0,0,0.0
2026-09-10 23:00:00-03:00,NE,1,16094.834368589763,159.62,25.772270531400967,0.0,3,0,0,0,0,0,0,0.0
2026-09-10 23:00:00-03:00,NE,7,15547.768097639191,159.62,25.30309178743961,0.0,3,0,0,0,0,0,0,0.0
2026-09-10 23:00:00-03:00,S,1,13836.72057641937,159.62,17.24120879120879,0.0,3,0,0,0,0,0,0,0.0
2026-09-10 23:00:00-03:00,S,7,13782.20963806918,159.62,16.901923076923076,0.0,3,0,0,0,0,0,0,0.0
2026-09-10 23:00:00-03:00,SECO,1,46721.003747029616,159.63,21.17014481990345,0.0,3,0,0,0,0,0,0,0.0
2026-09-10 23:00:00-03:00,SECO,7,47060.075160427456,159.63,21.020497586334944,0.0,3,0,0,0,0,0,0,0.0
2026-09-11 00:00:00-03:00,N,1,9980.53923528532,157.32,27.092072072072074,0.0,4,0,0,0,0,0,0,0.0
2026-09-11 00:00:00-03:00,N,7,10034.103439594168,157.32,26.366486486486487,0.0,4,0,0,0,0,0,0,0.0
2026-09-11 00:00:00-03:00,NE,1,15529.012334968467,157.31,25.43942028985507,0.0,4,0,0,0,0,0,0,0.0
2026-09-11 00:00:00-03:00,NE,7,14959.876619291808,157.31,24.87217391304348,0.0,4,0,0,0,0,0,0,0.0
2026-09-11 00:00:00-03:00,S,1,12238.831887116025,157.3,17.021153846153847,0.0,4,0,0,0,0,0,0,0.0
2026-09-11 00:00:00-03:00,S,7,12374.739380516485,157.3,16.83021978021978,0.0,4,0,0,0,0,0,0,0.0
2026-09-11 00:00:00-03:00,SECO,1,43551.78678666066,157.31,21.055997029335312,0.0,4,0,0,0,0,0,0,0.0
2026-09-11 00:00:00-03:00,SECO,7,43382.1959075445,157.31,20.845748236167843,0.0,4,0,0,0,0,0,0,0.0
2026-09-11 01:00:00-03:00,N,1,9605.893850716911,149.43,26.552612612612613,0.0,4,0,0,0,0,0,0,0.0
2026-09-11 01:00:00-03:00,N,7,9690.060438473593,149.43,25.943063063063065,0.0,4,0,0,0,0,0,0,0.0
2026-09-11 01:00:00-03:00,NE,1,15095.43811591752,149.42,25.24154589371981,0.0,4,0,0,0,0,0,0,0.0
2026-09-11 01:00:00-03:00,NE,7,14567.737508683696,149.42,24.541256038647344,0.0,4,0,0,0,0,0,0,0.0
2026-09-11 01:00:00-03:00,S,1,11526.976615872927,149.41,17.171153846153846,0.0,4,0,0,0,0,0,0,0.0
2026-09-11 01:00:00-03:00,S,7,11501.130370907013,149.41,16.80989010989011,0.0,4,0,0,0,0,0,0,0.0
2026-09-11 01:00:00-03:00,SECO,1,41361.00848566063,149.42,20.885443743037506,0.0,4,0,0,0,0,0,0,0.0
2026-09-11 01:00:00-03:00,SECO,7,40952.70418858177,149.42,20.735685109543255,0.0,4,0,0,0,0,0,0,0.0
2026-09-11 02:00:00-03:00,N,1,9427.072546466536,146.8,26.186666666666667,0.0,4,0,0,0,0,0,0,0.0
2026-09-11 02:00:00-03:00,N,7,9466.5785868503,146.8,25.643783783783785,0.0,4,0,0,0,0,0,0,0.0
2026-09-11 02:00:00-03:00,NE,1,14704.665276878974,146.79,25.06386473429952,0.0,4,0,0,0,0,0,0,0.0
2026-09-11 02:00:00-03:00,NE,7,14152.185370379437,146.79,24.31874396135266,0.0,4,0,0,0,0,0,0,0.0
2026-09-11 02:00:00-03:00,S,1,11108.47098201709,146.79,17.460164835164832,0.0,4,0,0,0,0,0,0,0.0
2026-09-11 02:00:00-03:00,S,7,11077.25151143398,146.79,16.904395604395607,0.0,4,0,0,0,0,0,0,0.0
2026-09-11 02:00:00-03:00,SECO,1,40079.87002589343,146.8,20.85859636093576,0.0,4,0,0,0,0,0,0,0.0
2026-09-11 02:00:00-03:00,SECO,7,39510.31941146745,146.8,20.785072409951727,0.0,4,0,0,0,0,0,0,0.0
2026-09-11 03:00:00-03:00,N,1,9186.59244590858,145.35,26.019819819819823,0.0,4,0,0,0,0,0,0,0.0
2026-09-11 03:00:00-03:00,N,7,9220.13284434324,145.35,25.48900900900901,0.0,4,0,0,0,0,0,0,0.0
2026-09-11 03:00:00-03:00,NE,1,14245.093587611333,145.34,24.56589371980677,0.0,4,0,0,0,0,0,0,0.0
2026-09-11 03:00:00-03:00,NE,7,13957.832214313814,145.34,24.35207729468599,0.0,4,0,0,0,0,0,0,0.0
2026-09-11 03:00:00-03:00,S,1,11118.903491625784,145.34,17.229120879120877,0.0,4,0,0,0,0,0,0,0.0
2026-09-11 03:00:00-03:00,S,7,11010.642792053295,145.34,17.050274725274726,0.0,4,0,0,0,0,0,0,0.0
2026-09-11 03:00:00-03:00,SECO,1,39563.96040837335,145.35,20.71626438915707,0.0,4,0,0,0,0,0,0,0.0
2026-09-11 03:00:00-03:00,SECO,7,38962.12758226506,145.35,20.93772744151504,0.0,4,0,0,0,0,0,0,0.0
2026-09-11 04:00:00-03:00,N,1,9047.633549549686,147.75,25.81927927927928,0.0,4,0,0,0,0,0,0,0.0
2026-09-11 04:00:00-03:00,N,7,9078.417502893331,147.75,25.55153153153153,0.0,4,0,0,0,0,0,0,0.0
2026-09-11 04:00:00-03:00,NE,1,14091.268511900653,147.74,24.556908212560387,0.0,4,0,0,0,0,0,0,0.0
2026-09-11 04:00:00-03:00,NE,7,13773.684773816523,147.74,24.637487922705315,0.0,4,0,0,0,0,0,0,0.0
2026-09-11 04:00:00-03:00,S,1,11094.26500661625,147.74,17.19258241758242,0.0,4,0,0,0,0,0,0,0.0
2026-09-11 04:00:00-03:00,S,7,11116.677792053297,147.74,17.31098901098901,0.0,4,0,0,0,0,0,0,0.0
2026-09-11 04:00:00-03:00,SECO,1,39754.03022932766,147.75,20.56535462309692,0.0,4,0,0,0,0,0,0,0.0
2026-09-11 04:00:00-03:00,SECO,7,39306.96156631647,147.75,21.256628295581137,0.0,4,0,0,0,0,0,0,0.0
2026-09-11 05:00:00-03:00,N,1,8831.770799208653,149.75,25.363603603603604,0.0,4,0,0,0,0,0,0,0.0
2026-09-11 05:00:00-03:00,N,7,8880.614375342888,149.75,25.785765765765767,0.0,4,0,0,0,0,0,0,0.0
2026-09-11 05:00:00-03:00,NE,1,13731.138115022022,149.74,24.27623188405797,17.186473429951693,4,0,0,0,0,0,0,0.0
2026-09-11 05:00:00-03:00,NE,7,13471.607501791726,149.74,25.20425120772947,16.94975845410628,4,0,0,0,0,0,0,0.0
2026-09-11 05:00:00-03:00,S,1,11919.742682649055,149.73,17.474999999999998,0.0,4,0,0,0,0,0,0,0.0
2026-09-11 05:00:00-03:00,S,7,11971.053307627568,149.73,17.623076923076926,0.0,4,0,0,0,0,0,0,0.0
2026-09-11 05:00:00-03:00,SECO,1,41614.65316687395,149.74,20.513553657630894,0.0356479762346825,4,0,0,0,0,0,0,0.0
2026-09-11 05:00:00-03:00,SECO,7,41123.68441328104,149.74,21.76884515410323,0.0237653174897883,4,0,0,0,0,0,0,0.0
2026-09-11 06:00:00-03:00,N,1,8338.919432861312,147.85,25.11747747747748,30.176576576576576,4,0,0,0,0,0,0,0.0
2026-09-11 06:00:00-03:00,N,7,8433.858140703363,147.85,26.10900900900901,32.72792792792793,4,0,0,0,0,0,0,0.0
2026-09-11 06:00:00-03:00,NE,1,13685.27058042697,147.84,24.42,161.12270531400966,4,0,0,0,0,0,0,0.0
2026-09-11 06:00:00-03:00,NE,7,13314.411163463114,147.84,25.89864734299517,181.39613526570048,4,0,0,0,0,0,0,0.0
2026-09-11 06:00:00-03:00,S,1,13405.765568326731,147.84,17.576373626373623,8.076923076923077,4,0,0,0,0,0,0,0.0
2026-09-11 06:00:00-03:00,S,7,13419.756696512615,147.84,18.001373626373628,8.942307692307693,4,0,0,0,0,0,0,0.0
2026-09-11 06:00:00-03:00,SECO,1,43959.56603799005,147.85,20.56665428889714,33.26550315633123,4,0,0,0,0,0,0,0.0
2026-09-11 06:00:00-03:00,SECO,7,43533.01392809532,147.85,22.3780913479391,41.94244337170442,4,0,0,0,0,0,0,0.0
2026-09-11 07:00:00-03:00,N,1,8543.483187234344,57.31,25.55927927927928,172.93153153153153,4,0,0,0,0,0,0,0.0
2026-09-11 07:00:00-03:00,N,7,8560.752688833965,57.31,26.55603603603604,170.4828828828829,4,0,0,0,0,0,0,0.0
2026-09-11 07:00:00-03:00,NE,1,14389.972074705467,57.31,25.377391304347828,358.9169082125604,4,0,0,0,0,0,0,0.0
2026-09-11 07:00:00-03:00,NE,7,13868.580370359712,57.31,26.648695652173917,389.5410628019324,4,0,0,0,0,0,0,0.0
2026-09-11 07:00:00-03:00,S,1,14744.800775577602,57.31,17.76675824175824,48.0412087912088,4,0,0,0,0,0,0,0.0
2026-09-11 07:00:00-03:00,S,7,14492.492582310331,57.31,18.428296703296706,86.32142857142857,4,0,0,0,0,0,0,0.0
2026-09-11 07:00:00-03:00,SECO,1,45694.501377917855,57.31,21.01678425547716,183.14036390642408,4,0,0,0,0,0,0,0.0
2026-09-11 07:00:00-03:00,SECO,7,45313.24269938456,57.31,23.077311548458965,200.7244708503528,4,0,0,0,0,0,0,0.0
2026-09-11 08:00:00-03:00,N,1,9185.702256608156,57.31,26.923783783783787,370.3603603603604,4,0,0,0,0,0,0,0.0
2026-09-11 08:00:00-03:00,N,7,9113.321502875322,57.31,27.03711711711712,340.40360360360364,4,0,0,0,0,0,0,0.0
2026-09-11 08:00:00-03:00,NE,1,15123.586665210409,57.31,26.2048309178744,572.7062801932367,4,0,0,0,0,0,0,0.0
2026-09-11 08:00:00-03:00,NE,7,14627.806591402234,57.31,27.30599033816425,557.2975845410629,4,0,0,0,0,0,0,0.0
2026-09-11 08:00:00-03:00,S,1,15531.107265601266,57.31,18.003021978021977,207.03296703296704,4,0,0,0,0,0,0,0.0
2026-09-11 08:00:00-03:00,S,7,15636.218852273189,57.31,18.979670329670327,111.33241758241758,4,0,0,0,0,0,0,0.0
2026-09-11 08:00:00-03:00,SECO,1,47142.74923137534,57.31,22.49513553657631,421.3739324173784,4,0,0,0,0,0,0,0.0
2026-09-11 08:00:00-03:00,SECO,7,46568.08510675331,57.31,23.78206461195693,426.0772372818418,4,0,0,0,0,0,0,0.0
2026-09-11 09:00:00-03:00,N,1,9542.535338798649,57.31,27.84,571.8630630630631,4,0,0,0,0,0,0,0.0
2026-09-11 09:00:00-03:00,N,7,9604.22796781254,57.31,27.95081081081081,547.336936936937,4,0,0,0,0,0,0,0.0
2026-09-11 09:00:00-03:00,NE,1,15536.072765405595,57.31,27.57729468599034,699.1874396135265,4,0,0,0,0,0,0,0.0
2026-09-11 09:00:00-03:00,NE,7,14788.349230616854,57.31,27.56840579710145,787.2946859903382,4,0,0,0,0,0,0,0.0
2026-09-11 09:00:00-03:00,S,1,15987.91741294703,57.31,19.247527472527477,284.85164835164835,4,0,0,0,0,0,0,0.0
2026-09-11 09:00:00-03:00,S,7,15814.816788217417,57.31,19.19478021978022,202.3269230769231,4,0,0,0,0,0,0,0.0
2026-09-11 09:00:00-03:00,SECO,1,48839.574825565614,57.31,24.40653546230969,632.9038247307835,4,0,0,0,0,0,0,0.0
2026-09-11 09:00:00-03:00,SECO,7,48750.67446902636,57.31,24.364203490531004,649.6468622354251,4,0,0,0,0,0,0,0.0
2026-09-11 10:00:00-03:00,N,1,9799.111097290235,57.31,29.20702702702703,705.2414414414415,4,0,0,0,0,0,0,0.0
2026-09-11 10:00:00-03:00,N,7,9871.731467812544,57.31,28.50972972972973,690.3837837837839,4,0,0,0,0,0,0,0.0
2026-09-11 10:00:00-03:00,NE,1,15968.625356887756,57.31,28.105700483091788,833.9140096618357,4,0,0,0,0,0,0,0.0
2026-09-11 10:00:00-03:00,NE,7,15172.007694079844,57.31,27.877391304347825,894.5246376811594,4,0,0,0,0,0,0,0.0
2026-09-11 10:00:00-03:00,S,1,16209.152518721809,57.31,20.097252747252742,391.7857142857143,4,0,0,0,0,0,0,0.0
2026-09-11 10:00:00-03:00,S,7,16345.904224950724,57.31,19.628571428571423,258.0631868131868,4,0,0,0,0,0,0,0.0
2026-09-11 10:00:00-03:00,SECO,1,50869.21456666526,57.31,26.67820274786484,780.7972521351652,4,0,0,0,0,0,0,0.0
2026-09-11 10:00:00-03:00,SECO,7,50443.84877859001,57.31,25.270070553286292,778.7901968065355,4,0,0,0,0,0,0,0.0
2026-09-11 11:00:00-03:00,N,1,9979.140630915208,57.31,30.3345945945946,868.4054054054054,4,0,0,0,0,0,0,0.0
2026-09-11 11:00:00-03:00,N,7,10036.744072960848,57.31,29.262342342342343,783.8594594594595,4,0,0,0,0,0,0,0.0
2026-09-11 11:00:00-03:00,NE,1,16004.68219769668,57.31,28.70946859903382,869.7130434782609,4,0,0,0,0,0,0,0.0
2026-09-11 11:00:00-03:00,NE,7,15266.798220855777,57.31,28.20521739130435,931.8386473429952,4,0,0,0,0,0,0,0.0
2026-09-11 11:00:00-03:00,S,1,16772.82617636799,57.31,21.168406593406598,410.02747252747247,4,0,0,0,0,0,0,0.0
2026-09-11 11:00:00-03:00,S,7,16775.977221700472,57.31,20.089285714285715,296.39560439560444,4,0,0,0,0,0,0,0.0
2026-09-11 11:00:00-03:00,SECO,1,52297.27834690548,57.31,28.35540289639807,819.9398440401039,4,0,0,0,0,0,0,0.0
2026-09-11 11:00:00-03:00,SECO,7,52336.59692409021,57.31,26.30382473078351,843.5945042703305,4,0,0,0,0,0,0,0.0
2026-09-11 12:00:00-03:00,N,1,10046.422532811368,57.31,31.23369369369369,847.2342342342342,4,0,0,0,0,0,0,0.0
2026-09-11 12:00:00-03:00,N,7,10120.15089346309,57.31,30.028288288288287,819.8144144144145,4,0,0,0,0,0,0,0.0
2026-09-11 12:00:00-03:00,NE,1,15478.910061488308,57.31,28.932077294685996,886.4628019323671,4,0,0,0,0,0,0,0.0
2026-09-11 12:00:00-03:00,NE,7,14681.78871530453,57.31,28.485410628019324,894.8038647342995,4,0,0,0,0,0,0,0.0
2026-09-11 12:00:00-03:00,S,1,16135.179351797777,57.31,21.659340659340657,281.8873626373626,4,0,0,0,0,0,0,0.0
2026-09-11 12:00:00-03:00,S,7,15894.237691277034,57.31,20.63516483516484,311.3543956043956,4,0,0,0,0,0,0,0.0
2026-09-11 12:00:00-03:00,SECO,1,52018.69813243646,57.31,29.099034533976976,856.093575937616,4,0,0,0,0,0,0,0.0
2026-09-11 12:00:00-03:00,SECO,7,52497.67876343945,57.31,27.36936502042332,837.7931674712216,4,0,0,0,0,0,0,0.0
2026-09-11 13:00:00-03:00,N,1,10444.51816303016,57.31,31.542162162162164,770.7315315315316,4,0,0,0,0,0,0,0.0
2026-09-11 13:00:00-03:00,N,7,10544.909807487533,57.31,30.712612612612617,792.5261261261262,4,0,0,0,0,0,0,0.0
2026-09-11 13:00:00-03:00,NE,1,15591.892180090586,57.31,29.013719806763284,786.7004830917874,4,0,0,0,0,0,0,0.0
2026-09-11 13:00:00-03:00,NE,7,14929.53920129269,57.31,28.68927536231884,786.6879227053141,4,0,0,0,0,0,0,0.0
2026-09-11 13:00:00-03:00,S,1,16286.576204535088,57.31,21.432417582417585,405.1620879120879,4,0,0,0,0,0,0,0.0
2026-09-11 13:00:00-03:00,S,7,16381.34273752267,57.31,21.062087912087915,300.61813186813185,4,0,0,0,0,0,0,0.0
2026-09-11 13:00:00-03:00,SECO,1,53101.98683310415,57.31,29.88314147790568,768.9428147047902,4,0,0,0,0,0,0,0.0
2026-09-11 13:00:00-03:00,SECO,7,53891.728785682375,57.31,28.31734125510583,764.1210545859636,4,0,0,0,0,0,0,0.0
2026-09-11 14:00:00-03:00,N,1,10473.772835356907,57.31,30.85009009009009,718.4198198198198,4,0,0,0,0,0,0,0.0
2026-09-11 14:00:00-03:00,N,7,10692.85275863977,57.31,31.190630630630636,704.5837837837838,4,0,0,0,0,0,0,0.0
2026-09-11 14:00:00-03:00,NE,1,15806.723288330892,57.31,28.9712077294686,613.4589371980676,4,0,0,0,0,0,0,0.0
2026-09-11 14:00:00-03:00,NE,7,15189.842950479318,57.31,28.767342995169084,617.8048309178744,4,0,0,0,0,0,0,0.0
2026-09-11 14:00:00-03:00,S,1,17056.817631280774,57.31,21.326648351648352,286.282967032967,4,0,0,0,0,0,0,0.0
2026-09-11 14:00:00-03:00,S,7,16727.07571948103,57.31,21.374175824175826,264.56868131868134,4,0,0,0,0,0,0,0.0
2026-09-11 14:00:00-03:00,SECO,1,53853.942864420846,57.31,29.750761232825845,586.780913479391,4,0,0,0,0,0,0,0.0
2026-09-11 14:00:00-03:00,SECO,7,55250.25411819705,57.31,29.004678796880803,630.7616041589306,4,0,0,0,0,0,0,0.0
2026-09-11 15:00:00-03:00,N,1,10434.607333494672,140.46,31.710630630630632,587.9765765765766,4,0,0,0,0,0,0,0.0
2026-09-11 15:00:00-03:00,N,7,10530.022055171805,140.46,31.40936936936937,551.390990990991,4,0,0,0,0,0,0,0.0
2026-09-11 15:00:00-03:00,NE,1,16080.636504661265,140.45,28.77111111111111,398.9739130434783,4,0,0,0,0,0,0,0.0
2026-09-11 15:00:00-03:00,NE,7,15565.823291934845,140.45,28.71729468599034,380.03091787439615,4,0,0,0,0,0,0,0.0
2026-09-11 15:00:00-03:00,S,1,17105.237939314964,140.45,20.2228021978022,178.20054945054943,4,0,0,0,0,0,0,0.0
2026-09-11 15:00:00-03:00,S,7,16690.547248785402,140.45,21.503846153846155,210.739010989011,4,0,0,0,0,0,0,0.0
2026-09-11 15:00:00-03:00,SECO,1,53233.31684004035,140.46,29.36461195692536,405.7968808020794,4,0,0,0,0,0,0,0.0
2026-09-11 15:00:00-03:00,SECO,7,55076.32018639729,140.46,29.23241737838841,408.1838098774601,4,0,0,0,0,0,0,0.0
2026-09-11 16:00:00-03:00,N,1,10019.020033592991,163.73,31.225225225225227,354.6684684684685,4,0,0,0,0,0,0,0.0
2026-09-11 16:00:00-03:00,N,7,10116.616908622926,163.73,31.18,373.2144144144144,4,0,0,0,0,0,0,0.0
2026-09-11 16:00:00-03:00,NE,1,16136.50762839406,163.72,28.15458937198068,161.17971014492753,4,0,0,0,0,0,0,0.0
2026-09-11 16:00:00-03:00,NE,7,15629.23937263954,163.72,28.485797101449275,163.41256038647344,4,0,0,0,0,0,0,0.0
2026-09-11 16:00:00-03:00,S,1,16572.063371437034,163.71,18.762637362637363,151.7087912087912,4,0,0,0,0,0,0,0.0
2026-09-11 16:00:00-03:00,S,7,16491.10257827475,163.71,21.29972527472528,131.4010989010989,4,0,0,0,0,0,0,0.0
2026-09-11 16:00:00-03:00,SECO,1,53252.4804749878,163.72,28.482695878202744,230.87968808020796,4,0,0,0,0,0,0,0.0
2026-09-11 16:00:00-03:00,SECO,7,55566.40580875538,163.72,28.960304493130337,233.19680653546231,4,0,0,0,0,0,0,0.0
2026-09-11 17:00:00-03:00,N,1,9556.156105069487,417.59,30.44144144144144,148.36216216216218,4,0,0,0,0,0,0,0.0
2026-09-11 17:00:00-03:00,N,7,9534.747889519798,417.59,30.686846846846848,171.52252252252254,4,0,0,0,0,0,0,0.0
2026-09-11 17:00:00-03:00,NE,1,15807.429352683785,417.58,27.31507246376812,12.303381642512075,4,0,0,0,0,0,0,0.0
2026-09-11 17:00:00-03:00,NE,7,15505.586781729096,417.58,28.08830917874396,10.41159420289855,4,0,0,0,0,0,0,0.0
2026-09-11 17:00:00-03:00,S,1,16211.94761950131,417.58,18.514010989010988,22.725274725274726,4,0,0,0,0,0,0,0.0
2026-09-11 17:00:00-03:00,S,7,16221.037111709817,417.58,20.98351648351648,40.19505494505495,4,0,0,0,0,0,0,0.0
2026-09-11 17:00:00-03:00,SECO,1,52876.44303036081,417.59,27.989082807278127,65.12773858150761,4,0,0,0,0,0,0,0.0
2026-09-11 17:00:00-03:00,SECO,7,55126.49820537831,417.59,28.208132194578532,61.7389528406981,4,0,0,0,0,0,0,0.0
2026-09-11 18:00:00-03:00,N,1,9232.202536686194,852.1,29.261081081081084,25.61261261261261,4,0,0,0,0,0,0,0.0
2026-09-11 18:00:00-03:00,N,7,9274.270392315437,852.1,29.992252252252257,29.24864864864865,4,0,0,0,0,0,0,0.0
2026-09-11 18:00:00-03:00,NE,1,16346.43479907898,852.1,26.65169082125604,0.0,4,0,0,0,0,0,0,0.0
2026-09-11 18:00:00-03:00,NE,7,15963.643259015658,852.1,27.582512077294687,0.0,4,0,0,0,0,0,0,0.0
2026-09-11 18:00:00-03:00,S,1,16884.856554720063,852.09,17.457967032967034,0.0,4,0,0,0,0,0,0,0.0
2026-09-11 18:00:00-03:00,S,7,16984.41080275795,852.09,20.496978021978023,0.0,4,0,0,0,0,0,0,0.0
2026-09-11 18:00:00-03:00,SECO,1,55918.1214224897,852.1,26.883921277385813,3.9331600445599695,4,0,0,0,0,0,0,0.0
2026-09-11 18:00:00-03:00,SECO,7,56495.39640846912,852.1,27.18770887486075,4.290382473078351,4,0,0,0,0,0,0,0.0
2026-09-11 19:00:00-03:00,N,1,9514.638398128029,551.14,28.629909909909912,0.0,4,0,0,0,0,0,0,0.0
2026-09-11 19:00:00-03:00,N,7,9505.178078064951,551.14,29.264144144144144,0.0,4,0,0,0,0,0,0,0.0
2026-09-11 19:00:00-03:00,NE,1,15948.26895867488,551.13,26.374782608695654,0.0,4,0,0,0,0,0,0,0.0
2026-09-11 19:00:00-03:00,NE,7,15626.189460974983,551.13,27.00454106280193,0.0,4,0,0,0,0,0,0,0.0
2026-09-11 19:00:00-03:00,S,1,17092.12904445204,551.13,17.145604395604398,0.0,4,0,0,0,0,0,0,0.0
2026-09-11 19:00:00-03:00,S,7,17120.855807963104,551.13,19.959065934065933,0.0,4,0,0,0,0,0,0,0.0
2026-09-11 19:00:00-03:00,SECO,1,56358.60676774159,551.14,25.84641663572224,0.1240252506498328,4,0,0,0,0,0,0,0.0
2026-09-11 19:00:00-03:00,SECO,7,56837.935701170776,551.14,26.099257333828444,0.1069439287040475,4,0,0,0,0,0,0,0.0
2026-09-11 20:00:00-03:00,N,1,9597.69349689961,180.04,28.21009009009009,0.0,4,0,0,0,0,0,0,0.0
2026-09-11 20:00:00-03:00,N,7,9654.019378554569,180.04,28.55783783783784,0.0,4,0,0,0,0,0,0,0.0
2026-09-11 20:00:00-03:00,NE,1,15816.972661080164,180.03,26.04888888888889,0.0,4,0,0,0,0,0,0,0.0
2026-09-11 20:00:00-03:00,NE,7,15467.12875977292,180.03,26.50096618357488,0.0,4,0,0,0,0,0,0,0.0
2026-09-11 20:00:00-03:00,S,1,16198.781478861554,180.03,17.3010989010989,0.0,4,0,0,0,0,0,0,0.0
2026-09-11 20:00:00-03:00,S,7,16297.53549995384,180.03,19.472527472527474,0.0,4,0,0,0,0,0,0,0.0
2026-09-11 20:00:00-03:00,SECO,1,54651.65792221329,180.03,25.01414779056814,0.0,4,0,0,0,0,0,0,0.0
2026-09-11 20:00:00-03:00,SECO,7,54452.68248173142,180.03,25.07779428147048,0.0,4,0,0,0,0,0,0,0.0
2026-09-11 21:00:00-03:00,N,1,9749.20648765639,168.02,27.82828828828829,0.0,4,0,0,0,0,0,0,0.0
2026-09-11 21:00:00-03:00,N,7,9831.528085858996,168.02,28.465945945945947,0.0,4,0,0,0,0,0,0,0.0
2026-09-11 21:00:00-03:00,NE,1,16268.773557972972,168.01,25.93410628019324,0.0,4,0,0,0,0,0,0,0.0
2026-09-11 21:00:00-03:00,NE,7,15830.072394625418,168.01,26.04144927536232,0.0,4,0,0,0,0,0,0,0.0
2026-09-11 21:00:00-03:00,S,1,15571.856743823477,168.01,17.339010989010987,0.0,4,0,0,0,0,0,0,0.0
2026-09-11 21:00:00-03:00,S,7,15721.526352382196,168.01,18.782417582417583,0.0,4,0,0,0,0,0,0,0.0
2026-09-11 21:00:00-03:00,SECO,1,53458.29318776922,168.02,24.28652060898626,0.0,4,0,0,0,0,0,0,0.0
2026-09-11 21:00:00-03:00,SECO,7,52953.6537405468,168.02,23.58581507612328,0.0,4,0,0,0,0,0,0,0.0
2026-09-11 22:00:00-03:00,N,1,9903.871046351753,162.97,27.533153153153155,0.0,4,0,0,0,0,0,0,0.0
2026-09-11 22:00:00-03:00,N,7,9967.571585858996,162.97,28.065225225225227,0.0,4,0,0,0,0,0,0,0.0
2026-09-11 22:00:00-03:00,NE,1,16241.39644006549,162.96,25.679420289855077,0.0,4,0,0,0,0,0,0,0.0
2026-09-11 22:00:00-03:00,NE,7,15819.468260286874,162.96,25.70541062801932,0.0,4,0,0,0,0,0,0,0.0
2026-09-11 22:00:00-03:00,S,1,14685.442853870003,162.95,17.20934065934066,0.0,4,0,0,0,0,0,0,0.0
2026-09-11 22:00:00-03:00,S,7,14807.486151657817,162.95,18.67032967032967,0.0,4,0,0,0,0,0,0,0.0
2026-09-11 22:00:00-03:00,SECO,1,51427.08675917701,162.96,23.548756034162643,0.0,4,0,0,0,0,0,0,0.0
2026-09-11 22:00:00-03:00,SECO,7,50952.74651093486,162.96,23.18147047901968,0.0,4,0,0,0,0,0,0,0.0
2026-09-11 23:00:00-03:00,N,1,9878.887875811342,160.79,27.305945945945947,0.0,4,0,0,0,0,0,0,0.0
2026-09-11 23:00:00-03:00,N,7,9945.421455892998,160.79,27.59189189189189,0.0,4,0,0,0,0,0,0,0.0
2026-09-11 23:00:00-03:00,NE,1,15845.024316244995,160.78,25.36135265700483,0.0,4,0,0,0,0,0,0,0.0
2026-09-11 23:00:00-03:00,NE,7,15468.743264642542,160.78,25.344734299516908,0.0,4,0,0,0,0,0,0,0.0
2026-09-11 23:00:00-03:00,S,1,13571.519295662563,160.77,17.17967032967033,0.0,4,0,0,0,0,0,0,0.0
2026-09-11 23:00:00-03:00,S,7,13778.122237258918,160.77,18.606868131868133,0.0,4,0,0,0,0,0,0,0.0
2026-09-11 23:00:00-03:00,SECO,1,48778.158142687374,160.78,23.06580022279985,0.0,4,0,0,0,0,0,0,0.0
2026-09-11 23:00:00-03:00,SECO,7,49007.46127988127,160.78,22.895024136650576,0.0,4,0,0,0,0,0,0,0.0
2026-09-12 00:00:00-03:00,N,1,9765.23271119773,151.65,26.98594594594595,0.0,5,0,0,0,0,0,0,0.0
2026-09-12 00:00:00-03:00,N,7,9877.424877233734,151.65,27.179459459459466,0.0,5,0,0,0,0,0,0,0.0
2026-09-12 00:00:00-03:00,NE,1,15315.113016494875,151.64,25.078743961352657,0.0,5,0,0,0,0,0,0,0.0
2026-09-12 00:00:00-03:00,NE,7,14950.389703616882,151.64,25.04502415458937,0.0,5,0,0,0,0,0,0,0.0
2026-09-12 00:00:00-03:00,S,1,12351.871334706497,151.64,17.086538461538463,0.0,5,0,0,0,0,0,0,0.0
2026-09-12 00:00:00-03:00,S,7,12731.54086919759,151.64,18.59478021978022,0.0,5,0,0,0,0,0,0,0.0
2026-09-12 00:00:00-03:00,SECO,1,45725.41069534454,151.65,22.761529892313405,0.0,5,0,0,0,0,0,0,0.0
2026-09-12 00:00:00-03:00,SECO,7,45845.157651149086,151.65,22.666580022279984,0.0,5,0,0,0,0,0,0,0.0
2026-09-12 01:00:00-03:00,N,1,9545.120897329716,146.54,26.63315315315316,0.0,5,0,0,0,0,0,0,0.0
2026-09-12 01:00:00-03:00,N,7,9658.76832830481,146.54,26.814594594594595,0.0,5,0,0,0,0,0,0,0.0
2026-09-12 01:00:00-03:00,NE,1,14836.369427172804,146.53,24.84096618357488,0.0,5,0,0,0,0,0,0,0.0
2026-09-12 01:00:00-03:00,NE,7,14585.069275462449,146.53,24.799710144927538,0.0,5,0,0,0,0,0,0,0.0
2026-09-12 01:00:00-03:00,S,1,11566.265548729618,146.53,16.83379120879121,0.0,5,0,0,0,0,0,0,0.0
2026-09-12 01:00:00-03:00,S,7,11794.279044552455,146.53,18.67994505494505,0.0,5,0,0,0,0,0,0,0.0
2026-09-12 01:00:00-03:00,SECO,1,43057.09249004033,146.54,22.31184552543632,0.0,5,0,0,0,0,0,0,0.0
2026-09-12 01:00:00-03:00,SECO,7,43404.68090660123,146.54,22.60560712959525,0.0,5,0,0,0,0,0,0,0.0
2026-09-12 02:00:00-03:00,N,1,9323.812827028196,147.01,26.32072072072072,0.0,5,0,0,0,0,0,0,0.0
2026-09-12 02:00:00-03:00,N,7,9440.061316980777,147.01,26.596576576576577,0.0,5,0,0,0,0,0,0,0.0
2026-09-12 02:00:00-03:00,NE,1,14473.4276206579,147.0,24.59429951690821,0.0,5,0,0,0,0,0,0,0.0
2026-09-12 02:00:00-03:00,NE,7,14226.455487953395,147.0,24.693236714975846,0.0,5,0,0,0,0,0,0,0.0
2026-09-12 02:00:00-03:00,S,1,11224.25401610131,147.0,16.99945054945055,0.0,5,0,0,0,0,0,0,0.0
2026-09-12 02:00:00-03:00,S,7,11240.54879230509,147.0,18.731318681318683,0.0,5,0,0,0,0,0,0,0.0
2026-09-12 02:00:00-03:00,SECO,1,41324.005058447256,147.01,22.014407723728183,0.0,5,0,0,0,0,0,0,0.0
2026-09-12 02:00:00-03:00,SECO,7,41883.2926136827,147.01,22.655625696249537,0.0,5,0,0,0,0,0,0,0.0
2026-09-12 03:00:00-03:00,N,1,9078.349000021452,146.05,26.115495495495495,0.0,5,0,0,0,0,0,0,0.0
2026-09-12 03:00:00-03:00,N,7,9236.54376710248,146.05,26.53027027027027,0.0,5,0,0,0,0,0,0,0.0
2026-09-12 03:00:00-03:00,NE,1,14056.846237023476,146.04,24.24086956521739,0.0,5,0,0,0,0,0,0,0.0
2026-09-12 03:00:00-03:00,NE,7,14065.031800719977,146.04,24.74376811594203,0.0,5,0,0,0,0,0,0,0.0
2026-09-12 03:00:00-03:00,S,1,10830.916803659498,146.04,16.43324175824176,0.0,5,0,0,0,0,0,0,0.0
2026-09-12 03:00:00-03:00,S,7,11050.658641692416,146.04,18.834065934065933,0.0,5,0,0,0,0,0,0,0.0
2026-09-12 03:00:00-03:00,SECO,1,40336.87598530799,146.05,21.03702190865206,0.0,5,0,0,0,0,0,0,0.0
2026-09-12 03:00:00-03:00,SECO,7,41280.35960860444,146.05,22.84578536947642,0.0,5,0,0,0,0,0,0,0.0
2026-09-12 04:00:00-03:00,N,1,8922.378181625469,146.09,25.91495495495496,0.0,5,0,0,0,0,0,0,0.0
2026-09-12 04:00:00-03:00,N,7,9063.636365934892,146.09,26.66792792792793,0.0,5,0,0,0,0,0,0,0.0
2026-09-12 04:00:00-03:00,NE,1,13907.438077445117,146.08,24.083188405797102,0.0,5,0,0,0,0,0,0,0.0
2026-09-12 04:00:00-03:00,NE,7,13852.881625606571,146.08,25.044541062801933,0.0,5,0,0,0,0,0,0,0.0
2026-09-12 04:00:00-03:00,S,1,10601.435661290529,146.07,16.296703296703296,0.0,5,0,0,0,0,0,0,0.0
2026-09-12 04:00:00-03:00,S,7,10878.806604790369,146.07,19.02472527472528,0.0,5,0,0,0,0,0,0,0.0
2026-09-12 04:00:00-03:00,SECO,1,39847.72064420818,146.08,20.76052729298181,0.0,5,0,0,0,0,0,0,0.0
2026-09-12 04:00:00-03:00,SECO,7,40926.36179593079,146.08,23.174526550315637,0.0,5,0,0,0,0,0,0,0.0
2026-09-12 05:00:00-03:00,N,1,8809.487560518519,146.62,25.83567567567568,0.1873873873873874,5,0,0,0,0,0,0,0.0
2026-09-12 05:00:00-03:00,N,7,8894.304498606496,146.62,26.960900900900903,0.0,5,0,0,0,0,0,0,0.0
2026-09-12 05:00:00-03:00,NE,1,13393.950832934514,146.61,23.90386473429952,17.02898550724638,5,0,0,0,0,0,0,0.0
2026-09-12 05:00:00-03:00,NE,7,13376.52043415858,146.61,25.591400966183578,17.682125603864733,5,0,0,0,0,0,0,0.0
2026-09-12 05:00:00-03:00,S,1,10784.439294060345,146.61,16.093956043956045,0.0,5,0,0,0,0,0,0,0.0
2026-09-12 05:00:00-03:00,S,7,10964.250024629488,146.61,19.2032967032967,0.0,5,0,0,0,0,0,0,0.0
2026-09-12 05:00:00-03:00,SECO,1,40205.63518730158,146.62,20.509320460453026,0.0356479762346825,5,0,0,0,0,0,0,0.0
2026-09-12 05:00:00-03:00,SECO,7,41716.052020032,146.62,23.72112885258076,0.0237653174897883,5,0,0,0,0,0,0,0.0
2026-09-12 06:00:00-03:00,N,1,8523.820886879941,98.43,25.740720720720724,33.97837837837838,5,0,0,0,0,0,0,0.0
2026-09-12 06:00:00-03:00,N,7,8512.586483605135,98.43,27.35603603603604,35.42702702702703,5,0,0,0,0,0,0,0.0
2026-09-12 06:00:00-03:00,NE,1,13101.42821110408,98.42,24.18009661835749,173.39227053140098,5,0,0,0,0,0,0,0.0
2026-09-12 06:00:00-03:00,NE,7,12908.02691086439,98.42,26.21623188405797,185.91884057971012,5,0,0,0,0,0,0,0.0
2026-09-12 06:00:00-03:00,S,1,11218.470135512753,98.42,15.64368131868132,8.85164835164835,5,0,0,0,0,0,0,0.0
2026-09-12 06:00:00-03:00,S,7,11475.352395265676,98.42,19.49670329670329,10.782967032967033,5,0,0,0,0,0,0,0.0
2026-09-12 06:00:00-03:00,SECO,1,40517.60952171589,98.43,20.227849981433344,34.367991088005944,5,0,0,0,0,0,0,0.0
2026-09-12 06:00:00-03:00,SECO,7,41662.44449421293,98.43,24.36498329001114,48.45673969550687,5,0,0,0,0,0,0,0.0
2026-09-12 07:00:00-03:00,N,1,8595.885223657642,57.31,26.231711711711714,182.63423423423424,5,0,0,0,0,0,0,0.0
2026-09-12 07:00:00-03:00,N,7,8568.173063272636,57.31,27.831711711711712,186.44684684684685,5,0,0,0,0,0,0,0.0
2026-09-12 07:00:00-03:00,NE,1,13073.09452001131,57.31,25.56144927536232,383.2531400966184,5,0,0,0,0,0,0,0.0
2026-09-12 07:00:00-03:00,NE,7,12750.134700509849,57.31,26.896328502415457,396.3536231884058,5,0,0,0,0,0,0,0.0
2026-09-12 07:00:00-03:00,S,1,12243.814877363218,57.31,15.716758241758242,95.30769230769232,5,0,0,0,0,0,0,0.0
2026-09-12 07:00:00-03:00,S,7,12347.851479002622,57.31,19.753571428571423,113.05494505494504,5,0,0,0,0,0,0,0.0
2026-09-12 07:00:00-03:00,SECO,1,41158.59076706459,57.31,20.81396212402525,163.25139249907167,5,0,0,0,0,0,0,0.0
2026-09-12 07:00:00-03:00,SECO,7,42328.08262350656,57.31,25.106238395841068,213.32454511696992,5,0,0,0,0,0,0,0.0
2026-09-12 08:00:00-03:00,N,1,8804.923403111297,57.31,27.27585585585586,390.52252252252254,5,0,0,0,0,0,0,0.0
2026-09-12 08:00:00-03:00,N,7,8823.249848111294,57.31,28.36,381.53873873873874,5,0,0,0,0,0,0,0.0
2026-09-12 08:00:00-03:00,NE,1,13181.519553056152,57.31,26.80792270531401,580.0792270531401,5,0,0,0,0,0,0,0.0
2026-09-12 08:00:00-03:00,NE,7,12763.366528389612,57.31,27.4848309178744,591.640579710145,5,0,0,0,0,0,0,0.0
2026-09-12 08:00:00-03:00,S,1,13037.959994800472,57.31,16.46813186813187,118.3434065934066,5,0,0,0,0,0,0,0.0
2026-09-12 08:00:00-03:00,S,7,13227.488692862154,57.31,20.064285714285717,158.83516483516485,5,0,0,0,0,0,0,0.0
2026-09-12 08:00:00-03:00,SECO,1,42673.561041281806,57.31,22.27003341997772,336.6034162643892,5,0,0,0,0,0,0,0.0
2026-09-12 08:00:00-03:00,SECO,7,43962.71392551399,57.31,25.838841440772374,432.1422205718529,5,0,0,0,0,0,0,0.0
2026-09-12 09:00:00-03:00,N,1,9056.084665886205,57.31,28.76630630630631,588.4648648648649,5,0,0,0,0,0,0,0.0
2026-09-12 09:00:00-03:00,N,7,8970.787583805622,57.31,28.703963963963965,578.9693693693694,5,0,0,0,0,0,0,0.0
2026-09-12 09:00:00-03:00,NE,1,13290.558337773398,57.31,27.9048309178744,734.8512077294687,5,0,0,0,0,0,0,0.0
2026-09-12 09:00:00-03:00,NE,7,12756.730019846307,57.31,27.868309178743964,779.5091787439613,5,0,0,0,0,0,0,0.0
2026-09-12 09:00:00-03:00,S,1,13533.22679361133,57.31,17.19532967032967,198.21153846153845,5,0,0,0,0,0,0,0.0
2026-09-12 09:00:00-03:00,S,7,13414.945391399018,57.31,17.997802197802198,248.69230769230768,5,0,0,0,0,0,0,0.0
2026-09-12 09:00:00-03:00,SECO,1,44672.2436944575,57.31,24.044708503527666,526.8083921277386,5,0,0,0,0,0,0,0.0
2026-09-12 09:00:00-03:00,SECO,7,45329.59448200162,57.31,25.888265874489417,609.6554028963981,5,0,0,0,0,0,0,0.0
2026-09-12 10:00:00-03:00,N,1,9366.22420282536,57.31,30.21675675675676,749.4918918918919,5,0,0,0,0,0,0,0.0
2026-09-12 10:00:00-03:00,N,7,9225.544452156437,57.31,29.325945945945943,724.2594594594595,5,0,0,0,0,0,0,0.0
2026-09-12 10:00:00-03:00,NE,1,13607.656836442062,57.31,28.33352657004831,869.9700483091788,5,0,0,0,0,0,0,0.0
2026-09-12 10:00:00-03:00,NE,7,12939.231398367618,57.31,28.161062801932367,879.5420289855073,5,0,0,0,0,0,0,0.0
2026-09-12 10:00:00-03:00,S,1,13651.844309808685,57.31,17.626373626373628,289.49175824175825,5,0,0,0,0,0,0,0.0
2026-09-12 10:00:00-03:00,S,7,13600.153740232545,57.31,18.532967032967036,313.90934065934067,5,0,0,0,0,0,0,0.0
2026-09-12 10:00:00-03:00,SECO,1,46735.34073103128,57.31,25.805458596360936,657.9922020051987,5,0,0,0,0,0,0,0.0
2026-09-12 10:00:00-03:00,SECO,7,47051.20702818628,57.31,26.26045302636465,716.518380987746,5,0,0,0,0,0,0,0.0
2026-09-12 11:00:00-03:00,N,1,9584.994885393078,57.31,31.32252252252253,879.2594594594595,5,0,0,0,0,0,0,0.0
2026-09-12 11:00:00-03:00,N,7,9560.85702556738,57.31,30.09135135135136,817.3153153153154,5,0,0,0,0,0,0,0.0
2026-09-12 11:00:00-03:00,NE,1,13832.296277957224,57.31,28.69024154589372,893.8811594202899,5,0,0,0,0,0,0,0.0
2026-09-12 11:00:00-03:00,NE,7,13168.13133700642,57.31,28.426666666666662,913.0106280193236,5,0,0,0,0,0,0,0.0
2026-09-12 11:00:00-03:00,S,1,13547.316255826949,57.31,18.1956043956044,456.44505494505495,5,0,0,0,0,0,0,0.0
2026-09-12 11:00:00-03:00,S,7,13608.397319510064,57.31,19.3478021978022,358.8324175824176,5,0,0,0,0,0,0,0.0
2026-09-12 11:00:00-03:00,SECO,1,48638.97438768299,57.31,27.11604158930561,632.7831414779057,5,0,0,0,0,0,0,0.0
2026-09-12 11:00:00-03:00,SECO,7,48493.37130943181,57.31,26.573041217972523,762.4348310434459,5,0,0,0,0,0,0,0.0
2026-09-12 12:00:00-03:00,N,1,9916.450737740864,57.31,32.550090090090094,909.3531531531532,5,0,0,0,0,0,0,0.0
2026-09-12 12:00:00-03:00,N,7,9772.8383952684,57.31,30.845405405405405,850.8,5,0,0,0,0,0,0,0.0
2026-09-12 12:00:00-03:00,NE,1,13514.1958113424,57.31,28.74231884057971,870.9478260869565,5,0,0,0,0,0,0,0.0
2026-09-12 12:00:00-03:00,NE,7,12840.688270334354,57.31,28.56753623188406,877.0347826086957,5,0,0,0,0,0,0,0.0
2026-09-12 12:00:00-03:00,S,1,13073.000803590076,57.31,19.36456043956044,441.2472527472528,5,0,0,0,0,0,0,0.0
2026-09-12 12:00:00-03:00,S,7,13497.162858984186,57.31,20.245054945054942,377.1071428571429,5,0,0,0,0,0,0,0.0
2026-09-12 12:00:00-03:00,SECO,1,48722.7285080534,57.31,27.78265874489417,591.4478277014482,5,0,0,0,0,0,0,0.0
2026-09-12 12:00:00-03:00,SECO,7,49007.82322665256,57.31,26.86045302636465,745.9513553657631,5,0,0,0,0,0,0,0.0
2026-09-12 13:00:00-03:00,N,1,9961.544180289144,57.31,33.35027027027027,885.727927927928,5,0,0,0,0,0,0,0.0
2026-09-12 13:00:00-03:00,N,7,9789.13344209377,57.31,31.58702702702703,821.3405405405406,5,0,0,0,0,0,0,0.0
2026-09-12 13:00:00-03:00,NE,1,13528.737015986191,57.31,28.97961352657005,748.2376811594204,5,0,0,0,0,0,0,0.0
2026-09-12 13:00:00-03:00,NE,7,12814.12232600655,57.31,28.65536231884058,774.312077294686,5,0,0,0,0,0,0,0.0
2026-09-12 13:00:00-03:00,S,1,13080.0765014409,57.31,19.751373626373624,411.8186813186813,5,0,0,0,0,0,0,0.0
2026-09-12 13:00:00-03:00,S,7,13545.310287339644,57.31,21.078846153846158,367.1510989010989,5,0,0,0,0,0,0,0.0
2026-09-12 13:00:00-03:00,SECO,1,48697.23007929651,57.31,28.34645376903082,718.0894912736725,5,0,0,0,0,0,0,0.0
2026-09-12 13:00:00-03:00,SECO,7,49967.62710879512,57.31,27.01188265874489,671.4455997029335,5,0,0,0,0,0,0,0.0
2026-09-12 14:00:00-03:00,N,1,10122.638169849555,57.31,33.82810810810811,731.4522522522523,5,0,0,0,0,0,0,0.0
2026-09-12 14:00:00-03:00,N,7,9876.530608622115,57.31,32.0545945945946,730.8018018018018,5,0,0,0,0,0,0,0.0
2026-09-12 14:00:00-03:00,NE,1,13788.75209157583,57.31,29.048115942028986,586.1169082125604,5,0,0,0,0,0,0,0.0
2026-09-12 14:00:00-03:00,NE,7,13101.114621062768,57.31,28.67265700483092,612.9149758454107,5,0,0,0,0,0,0,0.0
2026-09-12 14:00:00-03:00,S,1,13160.37953667123,57.31,19.251648351648356,378.75824175824175,5,0,0,0,0,0,0,0.0
2026-09-12 14:00:00-03:00,S,7,13525.479900827226,57.31,21.59642857142857,327.0467032967033,5,0,0,0,0,0,0,0.0
2026-09-12 14:00:00-03:00,SECO,1,49508.54719821877,57.31,28.91154845896769,442.8889714073524,5,0,0,0,0,0,0,0.0
2026-09-12 14:00:00-03:00,SECO,7,49776.88011457698,57.31,26.996360935759377,548.3806164129223,5,0,0,0,0,0,0,0.0
2026-09-12 15:00:00-03:00,N,1,9833.584377310275,57.31,32.770630630630635,550.1837837837837,5,0,0,0,0,0,0,0.0
2026-09-12 15:00:00-03:00,N,7,9745.371224051709,57.31,32.292432432432435,580.9063063063063,5,0,0,0,0,0,0,0.0
2026-09-12 15:00:00-03:00,NE,1,14271.068455205745,57.31,28.85410628019324,359.32367149758454,5,0,0,0,0,0,0,0.0
2026-09-12 15:00:00-03:00,NE,7,13523.233065927894,57.31,28.590821256038648,395.0908212560386,5,0,0,0,0,0,0,0.0
2026-09-12 15:00:00-03:00,S,1,13046.77497204663,57.31,18.0739010989011,250.8598901098901,5,0,0,0,0,0,0,0.0
2026-09-12 15:00:00-03:00,S,7,13567.193937487038,57.31,21.712637362637363,297.3489010989011,5,0,0,0,0,0,0,0.0
2026-09-12 15:00:00-03:00,SECO,1,47204.78981517475,57.31,25.788303007798,308.6160415893056,5,0,0,0,0,0,0,0.0
2026-09-12 15:00:00-03:00,SECO,7,49639.48891025324,57.31,26.77181581878945,351.7003341997772,5,0,0,0,0,0,0,0.0
2026-09-12 16:00:00-03:00,N,1,9579.410820191988,134.1,32.00432432432433,363.2846846846848,5,0,0,0,0,0,0,0.0
2026-09-12 16:00:00-03:00,N,7,9451.205058686764,134.1,32.104684684684685,394.5441441441441,5,0,0,0,0,0,0,0.0
2026-09-12 16:00:00-03:00,NE,1,14766.002396138812,134.09,28.20898550724638,146.70048309178745,5,0,0,0,0,0,0,0.0
2026-09-12 16:00:00-03:00,NE,7,14222.59416237122,134.09,28.383188405797103,170.47439613526572,5,0,0,0,0,0,0,0.0
2026-09-12 16:00:00-03:00,S,1,13243.98349877004,134.08,17.141758241758243,155.3736263736264,5,0,0,0,0,0,0,0.0
2026-09-12 16:00:00-03:00,S,7,13891.373081155076,134.08,21.28159340659341,190.54395604395603,5,0,0,0,0,0,0,0.0
2026-09-12 16:00:00-03:00,SECO,1,46807.47548162242,134.09,25.06988488674341,139.0471593018938,5,0,0,0,0,0,0,0.0
2026-09-12 16:00:00-03:00,SECO,7,49269.69866097912,134.09,26.24797623468251,204.44002970664687,5,0,0,0,0,0,0,0.0
2026-09-12 17:00:00-03:00,N,1,9228.01191780403,185.52,31.723423423423423,167.54414414414416,5,0,0,0,0,0,0,0.0
2026-09-12 17:00:00-03:00,N,7,9169.775353268582,185.52,31.57045045045045,183.01441441441443,5,0,0,0,0,0,0,0.0
2026-09-12 17:00:00-03:00,NE,1,15260.569298944572,185.51,27.480772946859904,11.26183574879227,5,0,0,0,0,0,0,0.0
2026-09-12 17:00:00-03:00,NE,7,14922.330100771986,185.51,28.009565217391305,10.468599033816426,5,0,0,0,0,0,0,0.0
2026-09-12 17:00:00-03:00,S,1,13930.413529803536,185.5,16.25934065934066,55.7445054945055,5,0,0,0,0,0,0,0.0
2026-09-12 17:00:00-03:00,S,7,14478.502939279037,185.5,20.349175824175823,61.73351648351648,5,0,0,0,0,0,0,0.0
2026-09-12 17:00:00-03:00,SECO,1,47252.5038674315,185.51,23.694875603416264,42.919420720386185,5,0,0,0,0,0,0,0.0
2026-09-12 17:00:00-03:00,SECO,7,50208.129001440095,185.51,25.40341626438916,57.86075009283327,5,0,0,0,0,0,0,0.0
2026-09-12 18:00:00-03:00,N,1,9145.546933917603,472.53,30.77441441441441,28.80720720720721,5,0,0,0,0,0,0,0.0
2026-09-12 18:00:00-03:00,N,7,9207.097825211888,472.53,30.886666666666667,31.472072072072077,5,0,0,0,0,0,0,0.0
2026-09-12 18:00:00-03:00,NE,1,16266.534868153763,472.52,26.87816425120773,0.0,5,0,0,0,0,0,0,0.0
2026-09-12 18:00:00-03:00,NE,7,15961.331204732476,472.52,27.542608695652174,0.0,5,0,0,0,0,0,0,0.0
2026-09-12 18:00:00-03:00,S,1,15218.368088213929,472.51,15.234615384615385,0.7307692307692308,5,0,0,0,0,0,0,0.0
2026-09-12 18:00:00-03:00,S,7,15526.303533805723,472.51,19.185714285714287,0.0,5,0,0,0,0,0,0,0.0
2026-09-12 18:00:00-03:00,SECO,1,50270.706340330784,472.52,22.708874860750093,3.3056071295952467,5,0,0,0,0,0,0,0.0
2026-09-12 18:00:00-03:00,SECO,7,52713.68293372991,472.52,24.45703676197549,3.9394727070181954,5,0,0,0,0,0,0,0.0
2026-09-12 19:00:00-03:00,N,1,9450.702277439468,218.88,30.10900900900901,0.0,5,0,0,0,0,0,0,0.0
2026-09-12 19:00:00-03:00,N,7,9416.890285349244,218.88,30.090090090090094,0.0,5,0,0,0,0,0,0,0.0
2026-09-12 19:00:00-03:00,NE,1,15892.471311253108,218.87,26.545700483091785,0.0,5,0,0,0,0,0,0,0.0
2026-09-12 19:00:00-03:00,NE,7,15690.79048367966,218.87,27.0648309178744,0.0,5,0,0,0,0,0,0,0.0
2026-09-12 19:00:00-03:00,S,1,15244.016465089657,218.86,14.289835164835166,0.0,5,0,0,0,0,0,0,0.0
2026-09-12 19:00:00-03:00,S,7,15475.879755089109,218.86,17.92225274725275,0.0,5,0,0,0,0,0,0,0.0
2026-09-12 19:00:00-03:00,SECO,1,50491.9763498445,218.87,21.95792796138136,0.1106572595618269,5,0,0,0,0,0,0,0.0
2026-09-12 19:00:00-03:00,SECO,7,52230.73672167432,218.87,23.42610471593019,0.0802079465280356,5,0,0,0,0,0,0,0.0
2026-09-12 20:00:00-03:00,N,1,9577.182620634683,160.99,29.709189189189196,0.0,5,0,0,0,0,0,0,0.0
2026-09-12 20:00:00-03:00,N,7,9478.677027856307,160.99,29.372612612612613,0.0,5,0,0,0,0,0,0,0.0
2026-09-12 20:00:00-03:00,NE,1,15698.914739158628,160.98,26.27768115942029,0.0,5,0,0,0,0,0,0,0.0
2026-09-12 20:00:00-03:00,NE,7,15492.13875870465,160.98,26.63429951690821,0.0,5,0,0,0,0,0,0,0.0
2026-09-12 20:00:00-03:00,S,1,14429.096139819656,160.98,13.676373626373628,0.0,5,0,0,0,0,0,0,0.0
2026-09-12 20:00:00-03:00,S,7,14525.57302223784,160.98,16.80741758241758,0.0,5,0,0,0,0,0,0,0.0
2026-09-12 20:00:00-03:00,SECO,1,48715.38879576024,160.99,21.462903824730784,0.0,5,0,0,0,0,0,0,0.0
2026-09-12 20:00:00-03:00,SECO,7,50787.5519105834,160.99,22.47456368362421,0.0,5,0,0,0,0,0,0,0.0
2026-09-12 21:00:00-03:00,N,1,9624.456422798374,158.28,28.553513513513515,0.0,5,0,0,0,0,0,0,0.0
2026-09-12 21:00:00-03:00,N,7,9662.103075400984,158.28,28.970450450450453,0.0,5,0,0,0,0,0,0,0.0
2026-09-12 21:00:00-03:00,NE,1,15856.56132818354,158.27,26.20386473429952,0.0,5,0,0,0,0,0,0,0.0
2026-09-12 21:00:00-03:00,NE,7,15496.807192355083,158.27,26.35072463768116,0.0,5,0,0,0,0,0,0,0.0
2026-09-12 21:00:00-03:00,S,1,13548.505941806914,158.27,12.868406593406592,0.0,5,0,0,0,0,0,0,0.0
2026-09-12 21:00:00-03:00,S,7,13442.69581730711,158.27,12.813186813186814,0.0,5,0,0,0,0,0,0,0.0
2026-09-12 21:00:00-03:00,SECO,1,47307.493206071966,158.28,21.080727812848124,0.0,5,0,0,0,0,0,0,0.0
2026-09-12 21:00:00-03:00,SECO,7,47983.79235820421,158.28,19.714593390271077,0.0,5,0,0,0,0,0,0,0.0
2026-09-12 22:00:00-03:00,N,1,9677.543293413892,156.26,28.08324324324325,0.0,5,0,0,0,0,0,0,0.0
2026-09-12 22:00:00-03:00,N,7,9803.182656710122,156.26,28.47657657657658,0.0,5,0,0,0,0,0,0,0.0
2026-09-12 22:00:00-03:00,NE,1,15885.246820279584,156.25,26.08164251207729,0.0,5,0,0,0,0,0,0,0.0
2026-09-12 22:00:00-03:00,NE,7,15355.737565920885,156.25,26.03594202898551,0.0,5,0,0,0,0,0,0,0.0
2026-09-12 22:00:00-03:00,S,1,12703.67871757635,156.24,12.512912087912088,0.0,5,0,0,0,0,0,0,0.0
2026-09-12 22:00:00-03:00,S,7,12595.93198949601,156.24,12.145604395604396,0.0,5,0,0,0,0,0,0,0.0
2026-09-12 22:00:00-03:00,SECO,1,45483.38811256416,156.25,20.72662458225028,0.0,5,0,0,0,0,0,0,0.0
2026-09-12 22:00:00-03:00,SECO,7,46102.5987064516,156.25,19.00185666542889,0.0,5,0,0,0,0,0,0,0.0
2026-09-12 23:00:00-03:00,N,1,9707.84633217116,151.85,27.826126126126127,0.0,5,0,0,0,0,0,0,0.0
2026-09-12 23:00:00-03:00,N,7,9817.57769677257,151.85,28.035495495495496,0.0,5,0,0,0,0,0,0,0.0
2026-09-12 23:00:00-03:00,NE,1,15565.697977806482,151.84,25.776908212560382,0.0,5,0,0,0,0,0,0,0.0
2026-09-12 23:00:00-03:00,NE,7,15128.679487487349,151.84,25.687536231884057,0.0,5,0,0,0,0,0,0,0.0
2026-09-12 23:00:00-03:00,S,1,11737.391599953851,151.84,12.35467032967033,0.0,5,0,0,0,0,0,0,0.0
2026-09-12 23:00:00-03:00,S,7,11608.16507866629,151.84,11.6239010989011,0.0,5,0,0,0,0,0,0,0.0
2026-09-12 23:00:00-03:00,SECO,1,43245.335838500985,151.85,20.4561826958782,0.0,5,0,0,0,0,0,0,0.0
2026-09-12 23:00:00-03:00,SECO,7,43669.86173205979,151.85,18.519420720386183,0.0,5,0,0,0,0,0,0,0.0
2026-09-13 00:00:00-03:00,N,1,9613.327667599997,86.09,27.49693693693694,0.0,6,0,0,0,0,0,0,0.0336
2026-09-13 00:00:00-03:00,N,7,9581.47752328138,86.09,27.623243243243245,0.0,6,0,0,0,0,0,0,0.0336
2026-09-13 00:00:00-03:00,NE,1,14948.414668141391,86.08,25.3624154589372,0.0,6,0,0,0,0,0,0,0.0
2026-09-13 00:00:00-03:00,NE,7,14551.59565544658,86.08,25.384927536231885,0.0,6,0,0,0,0,0,0,0.0
2026-09-13 00:00:00-03:00,S,1,10013.143506901508,86.08,12.08434065934066,0.0,6,0,0,0,0,0,0,0.0
2026-09-13 00:00:00-03:00,S,7,10343.868673424398,86.08,11.29945054945055,0.0,6,0,0,0,0,0,0,0.0
2026-09-13 00:00:00-03:00,SECO,1,39976.482362614704,86.08,20.211028592647605,0.0,6,0,0,0,0,0,0,0.0
2026-09-13 00:00:00-03:00,SECO,7,40623.818894073,86.08,18.16635722242852,0.0,6,0,0,0,0,0,0,0.0
2026-09-13 01:00:00-03:00,N,1,9389.054071359653,57.31,27.19873873873874,0.0,6,0,0,0,0,0,0,0.0336
2026-09-13 01:00:00-03:00,N,7,9398.38307498894,57.31,27.29261261261261,0.0,6,0,0,0,0,0,0,0.0336
2026-09-13 01:00:00-03:00,NE,1,14453.025723951165,57.31,25.09072463768116,0.0,6,0,0,0,0,0,0,0.0
2026-09-13 01:00:00-03:00,NE,7,14151.086561565917,57.31,25.17536231884058,0.0,6,0,0,0,0,0,0,0.0
2026-09-13 01:00:00-03:00,S,1,9394.184435631598,57.31,11.891208791208792,0.0,6,0,0,0,0,0,0,0.0
2026-09-13 01:00:00-03:00,S,7,9680.216313936313,57.31,11.123626373626374,0.0,6,0,0,0,0,0,0,0.0
2026-09-13 01:00:00-03:00,SECO,1,37816.98986162835,57.31,19.74834756776829,0.0,6,0,0,0,0,0,0,0.0
2026-09-13 01:00:00-03:00,SECO,7,38753.29277709145,57.31,17.956034162643892,0.0,6,0,0,0,0,0,0,0.0
2026-09-13 02:00:00-03:00,N,1,9196.470785640313,57.31,26.91225225225225,0.0,6,0,0,0,0,0,0,0.0336
2026-09-13 02:00:00-03:00,N,7,9252.83204227093,57.31,27.09621621621622,0.0,6,0,0,0,0,0,0,0.0336
2026-09-13 02:00:00-03:00,NE,1,14075.7130496616,57.31,24.797004830917874,0.0,6,0,0,0,0,0,0,0.0
2026-09-13 02:00:00-03:00,NE,7,13874.329244378612,57.31,25.036038647342995,0.0,6,0,0,0,0,0,0,0.0
2026-09-13 02:00:00-03:00,S,1,9095.269684994051,57.31,11.90467032967033,0.0,6,0,0,0,0,0,0,0.0
2026-09-13 02:00:00-03:00,S,7,9272.279004994582,57.31,11.001923076923076,0.0,6,0,0,0,0,0,0,0.0
2026-09-13 02:00:00-03:00,SECO,1,36596.55946409756,57.31,19.478499814333457,0.0,6,0,0,0,0,0,0,0.0
2026-09-13 02:00:00-03:00,SECO,7,37469.95942730188,57.31,17.883549944300036,0.0,6,0,0,0,0,0,0,0.0
2026-09-13 03:00:00-03:00,N,1,9030.221410166649,57.31,26.522702702702706,0.0,6,0,0,0,0,0,0,0.0336
2026-09-13 03:00:00-03:00,N,7,9074.452397522478,57.31,26.98918918918919,0.0,6,0,0,0,0,0,0,0.0336
2026-09-13 03:00:00-03:00,NE,1,13734.786307517368,57.31,24.32792270531401,0.0,6,0,0,0,0,0,0,0.0
2026-09-13 03:00:00-03:00,NE,7,13546.683325264736,57.31,25.110531400966185,0.0,6,0,0,0,0,0,0,0.0
2026-09-13 03:00:00-03:00,S,1,8842.283860198526,57.31,11.53434065934066,0.0,6,0,0,0,0,0,0,0.0
2026-09-13 03:00:00-03:00,S,7,9047.937511249762,57.31,10.965384615384616,0.0,6,0,0,0,0,0,0,0.0
2026-09-13 03:00:00-03:00,SECO,1,36256.26276784079,57.31,19.010397326401783,0.0,6,0,0,0,0,0,0,0.0
2026-09-13 03:00:00-03:00,SECO,7,36718.37074238808,57.31,17.84355737096175,0.0,6,0,0,0,0,0,0,0.0
2026-09-13 04:00:00-03:00,N,1,8910.324865756253,57.31,26.32972972972973,0.0,6,0,0,0,0,0,0,0.0336
2026-09-13 04:00:00-03:00,N,7,8904.639836804221,57.31,26.97891891891892,0.0,6,0,0,0,0,0,0,0.0336
2026-09-13 04:00:00-03:00,NE,1,13527.160649949185,57.31,24.218067632850243,0.0,6,0,0,0,0,0,0,0.0
2026-09-13 04:00:00-03:00,NE,7,13312.962128358984,57.31,25.34850241545894,0.0,6,0,0,0,0,0,0,0.0
2026-09-13 04:00:00-03:00,S,1,8721.007477618343,57.31,11.565384615384616,0.0,6,0,0,0,0,0,0,0.0
2026-09-13 04:00:00-03:00,S,7,8921.499046563902,57.31,11.10467032967033,0.0,6,0,0,0,0,0,0,0.0
2026-09-13 04:00:00-03:00,SECO,1,35685.31619710555,57.31,18.676011882658745,0.0,6,0,0,0,0,0,0,0.0
2026-09-13 04:00:00-03:00,SECO,7,36333.46205144184,57.31,17.970144819903453,0.0,6,0,0,0,0,0,0,0.0
2026-09-13 05:00:00-03:00,N,1,8682.44883918747,57.31,26.214234234234237,0.1873873873873874,6,0,0,0,0,0,0,0.0336
2026-09-13 05:00:00-03:00,N,7,8661.05595892974,57.31,27.11873873873874,0.0,6,0,0,0,0,0,0,0.0336
2026-09-13 05:00:00-03:00,NE,1,13023.120199450834,57.31,24.074202898550727,18.85990338164251,6,0,0,0,0,0,0,0.0
2026-09-13 05:00:00-03:00,NE,7,12726.129757293156,57.31,25.86695652173913,18.479227053140097,6,0,0,0,0,0,0,0.0
2026-09-13 05:00:00-03:00,S,1,8876.070769946176,57.31,11.75467032967033,0.0,6,0,0,0,0,0,0,0.0
2026-09-13 05:00:00-03:00,S,7,9000.827046563903,57.31,11.380494505494504,0.0,6,0,0,0,0,0,0,0.0
2026-09-13 05:00:00-03:00,SECO,1,35532.6340294213,57.31,18.40375046416636,0.0356479762346825,6,0,0,0,0,0,0,0.0
2026-09-13 05:00:00-03:00,SECO,7,36271.98016085381,57.31,18.20824359450427,0.0237653174897883,6,0,0,0,0,0,0,0.0
2026-09-13 06:00:00-03:00,N,1,8359.858246183672,57.31,26.022162162162164,35.12432432432433,6,0,0,0,0,0,0,0.0336
2026-09-13 06:00:00-03:00,N,7,8312.475619259652,57.31,27.344504504504503,35.76216216216216,6,0,0,0,0,0,0,0.0336
2026-09-13 06:00:00-03:00,NE,1,12441.54520615736,57.31,24.222028985507247,180.33816425120773,6,0,0,0,0,0,0,0.0
2026-09-13 06:00:00-03:00,NE,7,12164.383417069805,57.31,26.433719806763285,185.1864734299517,6,0,0,0,0,0,0,0.0
2026-09-13 06:00:00-03:00,S,1,8976.703936387039,57.31,11.876373626373628,7.593406593406593,6,0,0,0,0,0,0,0.0
2026-09-13 06:00:00-03:00,S,7,9128.923639387403,57.31,11.771153846153847,9.054945054945057,6,0,0,0,0,0,0,0.0
2026-09-13 06:00:00-03:00,SECO,1,35072.73149705196,57.31,18.18874860750093,28.76828815447456,6,0,0,0,0,0,0,0.0
2026-09-13 06:00:00-03:00,SECO,7,36013.6603657838,57.31,18.570107686594877,29.34236910508726,6,0,0,0,0,0,0,0.0
2026-09-13 07:00:00-03:00,N,1,8135.726819817075,57.31,26.364864864864867,188.0072072072072,6,0,0,0,0,0,0,0.0336
2026-09-13 07:00:00-03:00,N,7,8099.585007355342,57.31,27.65531531531532,189.1495495495496,6,0,0,0,0,0,0,0.0336
2026-09-13 07:00:00-03:00,NE,1,12367.816414277484,57.31,25.575362318840583,408.8425120772947,6,0,0,0,0,0,0,0.0
2026-09-13 07:00:00-03:00,NE,7,12043.18167999334,57.31,27.079806763285024,393.8338164251208,6,0,0,0,0,0,0,0.0
2026-09-13 07:00:00-03:00,S,1,9265.748831883784,57.31,11.906043956043955,54.17032967032967,6,0,0,0,0,0,0,0.0
2026-09-13 07:00:00-03:00,S,7,9258.695302180977,57.31,12.183516483516485,85.93131868131869,6,0,0,0,0,0,0,0.0
2026-09-13 07:00:00-03:00,SECO,1,35381.76296420239,57.31,18.47289268473821,144.7627181581879,6,0,0,0,0,0,0,0.0
2026-09-13 07:00:00-03:00,SECO,7,36509.957010684055,57.31,18.96787968808021,128.04975863349424,6,0,0,0,0,0,0,0.0
2026-09-13 08:00:00-03:00,N,1,8215.66873963704,57.31,27.644864864864864,415.0576576576577,6,0,0,0,0,0,0,0.0336
2026-09-13 08:00:00-03:00,N,7,8118.1846395067805,57.31,28.009189189189197,395.572972972973,6,0,0,0,0,0,0,0.0336
2026-09-13 08:00:00-03:00,NE,1,12149.865606475656,57.31,26.883671497584544,627.2405797101449,6,0,0,0,0,0,0,0.0
2026-09-13 08:00:00-03:00,NE,7,11581.099982368558,57.31,27.64096618357488,585.5024154589372,6,0,0,0,0,0,0,0.0
2026-09-13 08:00:00-03:00,S,1,9739.656434580533,57.31,12.196703296703298,126.50274725274726,6,0,0,0,0,0,0,0.0
2026-09-13 08:00:00-03:00,S,7,9615.139892813098,57.31,12.595879120879122,172.66483516483518,6,0,0,0,0,0,0,0.0
2026-09-13 08:00:00-03:00,SECO,1,37676.65435639633,57.31,19.475269216487188,273.1648718900854,6,0,0,0,0,0,0,0.0
2026-09-13 08:00:00-03:00,SECO,7,38109.99822053799,57.31,19.410323059784627,221.42294838470107,6,0,0,0,0,0,0,0.0
2026-09-13 09:00:00-03:00,N,1,8463.134590043443,57.31,29.57351351351352,610.5153153153153,6,0,0,0,0,0,0,0.0336
2026-09-13 09:00:00-03:00,N,7,8373.54375696331,57.31,28.633333333333333,632.2954954954955,6,0,0,0,0,0,0,0.0336
2026-09-13 09:00:00-03:00,NE,1,12128.519724382882,57.31,28.12434782608696,778.4657004830918,6,0,0,0,0,0,0,0.0
2026-09-13 09:00:00-03:00,NE,7,11518.863687126432,57.31,28.07487922705314,760.5207729468599,6,0,0,0,0,0,0,0.0
2026-09-13 09:00:00-03:00,S,1,10195.857102293576,57.31,12.809065934065934,213.8846153846154,6,0,0,0,0,0,0,0.0
2026-09-13 09:00:00-03:00,S,7,10572.695137151944,57.31,14.430769230769233,228.61263736263737,6,0,0,0,0,0,0,0.0
2026-09-13 09:00:00-03:00,SECO,1,38495.33741697878,57.31,20.435796509468997,355.82992944671366,6,0,0,0,0,0,0,0.0
2026-09-13 09:00:00-03:00,SECO,7,39284.12163048043,57.31,20.50653546230969,344.74378017081324,6,0,0,0,0,0,0,0.0
2026-09-13 10:00:00-03:00,N,1,8633.373098624896,57.31,30.986126126126127,783.0720720720722,6,0,0,0,0,0,0,0.0336
2026-09-13 10:00:00-03:00,N,7,8604.760729675752,57.31,29.24810810810811,790.5927927927928,6,0,0,0,0,0,0,0.0336
2026-09-13 10:00:00-03:00,NE,1,12338.888484174466,57.31,28.91333333333333,911.8512077294686,6,0,0,0,0,0,0,0.0
2026-09-13 10:00:00-03:00,NE,7,11779.05971895156,57.31,28.362222222222226,857.2463768115942,6,0,0,0,0,0,0,0.0
2026-09-13 10:00:00-03:00,S,1,10638.134621515654,57.31,13.351373626373627,305.3159340659341,6,0,0,0,0,0,0,0.0
2026-09-13 10:00:00-03:00,S,7,11086.615476607025,57.31,14.576923076923078,266.2912087912088,6,0,0,0,0,0,0,0.0
2026-09-13 10:00:00-03:00,SECO,1,40354.8243873568,57.31,21.078017081321946,441.963238024508,6,0,0,0,0,0,0,0.0
2026-09-13 10:00:00-03:00,SECO,7,40296.392039620514,57.31,20.80891199405867,415.2874118083921,6,0,0,0,0,0,0,0.0
2026-09-13 11:00:00-03:00,N,1,8943.713128850348,57.31,32.182702702702706,876.7027027027028,6,0,0,0,0,0,0,0.0336
2026-09-13 11:00:00-03:00,N,7,8941.628891854663,57.31,30.062702702702705,889.4630630630631,6,0,0,0,0,0,0,0.0336
2026-09-13 11:00:00-03:00,NE,1,12540.432694327406,57.31,29.497777777777777,961.630917874396,6,0,0,0,0,0,0,0.0
2026-09-13 11:00:00-03:00,NE,7,11998.096222340651,57.31,28.59777777777778,890.168115942029,6,0,0,0,0,0,0,0.0
2026-09-13 11:00:00-03:00,S,1,10858.15204848196,57.31,13.763461538461538,372.0302197802198,6,0,0,0,0,0,0,0.0
2026-09-13 11:00:00-03:00,S,7,11594.198896392534,57.31,14.693406593406594,276.9368131868132,6,0,0,0,0,0,0,0.0
2026-09-13 11:00:00-03:00,SECO,1,42029.226510755936,57.31,21.914927590048272,483.2933531377645,6,0,0,0,0,0,0,0.0
2026-09-13 11:00:00-03:00,SECO,7,42044.67810171392,57.31,21.19977720014853,452.1310805792796,6,0,0,0,0,0,0,0.0
2026-09-13 12:00:00-03:00,N,1,9088.07739556746,57.31,32.90072072072072,903.6522522522524,6,0,0,0,0,0,0,0.0336
2026-09-13 12:00:00-03:00,N,7,9063.45507570852,57.31,30.920540540540543,919.9603603603604,6,0,0,0,0,0,0,0.0336
2026-09-13 12:00:00-03:00,NE,1,12434.936042009374,57.31,29.76599033816425,934.8840579710144,6,0,0,0,0,0,0,0.0
2026-09-13 12:00:00-03:00,NE,7,11881.83466581412,57.31,28.77555555555556,856.6995169082126,6,0,0,0,0,0,0,0.0
2026-09-13 12:00:00-03:00,S,1,10850.786628486923,57.31,14.170604395604396,389.1868131868132,6,0,0,0,0,0,0,0.0
2026-09-13 12:00:00-03:00,S,7,11505.208957848354,57.31,14.846428571428572,262.72527472527474,6,0,0,0,0,0,0,0.0
2026-09-13 12:00:00-03:00,SECO,1,43225.51907676261,57.31,22.482287411808397,382.5180096546602,6,0,0,0,0,0,0,0.0
2026-09-13 12:00:00-03:00,SECO,7,42994.41710684062,57.31,21.615261789825475,451.5532862978091,6,0,0,0,0,0,0,0.0
2026-09-13 13:00:00-03:00,N,1,9239.364551731698,57.31,33.380540540540544,855.4576576576577,6,0,0,0,0,0,0,0.0336
2026-09-13 13:00:00-03:00,N,7,9199.173306981846,57.31,31.722342342342344,879.10990990991,6,0,0,0,0,0,0,0.0336
2026-09-13 13:00:00-03:00,NE,1,12381.496026766634,57.31,29.732367149758453,831.8328502415459,6,0,0,0,0,0,0,0.0
2026-09-13 13:00:00-03:00,NE,7,11791.90498326254,57.31,28.86512077294686,758.6589371980676,6,0,0,0,0,0,0,0.0
2026-09-13 13:00:00-03:00,S,1,10432.917818606931,57.31,14.301923076923078,345.27472527472526,6,0,0,0,0,0,0,0.0
2026-09-13 13:00:00-03:00,S,7,11082.232653205378,57.31,14.862912087912088,227.17307692307696,6,0,0,0,0,0,0,0.0
2026-09-13 13:00:00-03:00,SECO,1,42596.72799145297,57.31,22.3481619012254,409.6810248793168,6,0,0,0,0,0,0,0.0
2026-09-13 13:00:00-03:00,SECO,7,42567.98464575248,57.31,21.96101002599332,414.0512439658373,6,0,0,0,0,0,0,0.0
2026-09-13 14:00:00-03:00,N,1,9241.158803682523,57.31,33.58198198198199,770.7027027027027,6,0,0,0,0,0,0,0.0336
2026-09-13 14:00:00-03:00,N,7,9186.67058723754,57.31,32.330090090090096,771.5009009009009,6,0,0,0,0,0,0,0.0336
2026-09-13 14:00:00-03:00,NE,1,12453.908897766554,57.31,29.40570048309179,651.4666666666667,6,0,0,0,0,0,0,0.0
2026-09-13 14:00:00-03:00,NE,7,11892.378546234208,57.31,28.869565217391305,602.9980676328503,6,0,0,0,0,0,0,0.0
2026-09-13 14:00:00-03:00,S,1,10124.78694791645,57.31,14.099175824175823,306.2774725274726,6,0,0,0,0,0,0,0.0
2026-09-13 14:00:00-03:00,S,7,10623.500403588694,57.31,14.879395604395604,177.35164835164835,6,0,0,0,0,0,0,0.0
2026-09-13 14:00:00-03:00,SECO,1,41697.19449429294,57.31,22.751392499071667,281.1826958782028,6,0,0,0,0,0,0,0.0
2026-09-13 14:00:00-03:00,SECO,7,41717.077424643445,57.31,22.2036761975492,343.6546602302265,6,0,0,0,0,0,0,0.0
2026-09-13 15:00:00-03:00,N,1,9123.269108455792,57.31,33.459279279279286,607.1279279279279,6,0,0,0,0,0,0,0.0336
2026-09-13 15:00:00-03:00,N,7,8987.711015456338,57.31,32.54504504504504,579.4162162162163,6,0,0,0,0,0,0,0.0336
2026-09-13 15:00:00-03:00,NE,1,12668.557881607738,57.31,28.898454106280195,416.8570048309179,6,0,0,0,0,0,0,0.0
2026-09-13 15:00:00-03:00,NE,7,12185.391915895196,57.31,28.74608695652174,397.52850241545895,6,0,0,0,0,0,0,0.0
2026-09-13 15:00:00-03:00,S,1,10437.504667094536,57.31,13.785714285714286,257.0439560439561,6,0,0,0,0,0,0,0.0
2026-09-13 15:00:00-03:00,S,7,10721.200167620853,57.31,14.837637362637365,86.0576923076923,6,0,0,0,0,0,0,0.0
2026-09-13 15:00:00-03:00,SECO,1,41583.03274258044,57.31,21.9976606015596,207.03973264017824,6,0,0,0,0,0,0,0.0
2026-09-13 15:00:00-03:00,SECO,7,41532.08805888714,57.31,22.272001485332343,223.8648347567768,6,0,0,0,0,0,0,0.0
2026-09-13 16:00:00-03:00,N,1,9059.474094877654,57.31,32.87405405405406,387.2954954954955,6,0,0,0,0,0,0,0.0336
2026-09-13 16:00:00-03:00,N,7,8972.448748705438,57.31,32.336396396396395,388.1315315315316,6,0,0,0,0,0,0,0.0336
2026-09-13 16:00:00-03:00,NE,1,13198.049231595736,57.31,28.22502415458937,171.14685990338165,6,0,0,0,0,0,0,0.0
2026-09-13 16:00:00-03:00,NE,7,12785.77267140246,57.31,28.45864734299517,172.05120772946862,6,0,0,0,0,0,0,0.0
2026-09-13 16:00:00-03:00,S,1,10914.750557538202,57.31,13.57747252747253,135.17307692307693,6,0,0,0,0,0,0,0.0
2026-09-13 16:00:00-03:00,S,7,10970.603033253568,57.31,14.686263736263736,48.651098901098905,6,0,0,0,0,0,0,0.0
2026-09-13 16:00:00-03:00,SECO,1,42230.99406981983,57.31,21.7959896026736,112.88340141106572,6,0,0,0,0,0,0,0.0
2026-09-13 16:00:00-03:00,SECO,7,42266.30670921939,57.31,22.051800965466025,129.38135907909395,6,0,0,0,0,0,0,0.0
2026-09-13 17:00:00-03:00,N,1,8910.066439154736,156.69,32.276936936936934,171.2792792792793,6,0,0,0,0,0,0,0.0336
2026-09-13 17:00:00-03:00,N,7,8794.888881385514,156.69,31.737297297297303,176.6018018018018,6,0,0,0,0,0,0,0.0336
2026-09-13 17:00:00-03:00,NE,1,14167.008886325602,156.68,27.386666666666667,12.384541062801931,6,0,0,0,0,0,0,0.0
2026-09-13 17:00:00-03:00,NE,7,13789.784315278665,156.68,28.02367149758454,10.469565217391304,6,0,0,0,0,0,0,0.0
2026-09-13 17:00:00-03:00,S,1,12227.667432952974,156.68,12.916483516483517,44.90384615384615,6,0,0,0,0,0,0,0.0
2026-09-13 17:00:00-03:00,S,7,12374.442753672149,156.68,14.42802197802198,14.653846153846152,6,0,0,0,0,0,0,0.0
2026-09-13 17:00:00-03:00,SECO,1,43456.83149020025,156.69,21.238767174155218,36.464537690308205,6,0,0,0,0,0,0,0.0
2026-09-13 17:00:00-03:00,SECO,7,44397.34297755024,156.69,21.59186780542146,35.90531006312662,6,0,0,0,0,0,0,0.0
2026-09-13 18:00:00-03:00,N,1,9141.886636824443,165.91,31.41783783783784,29.47027027027027,6,0,0,0,0,0,0,0.0336
2026-09-13 18:00:00-03:00,N,7,8971.720358823346,165.91,30.960540540540546,29.32252252252253,6,0,0,0,0,0,0,0.0336
2026-09-13 18:00:00-03:00,NE,1,15410.6279779605,165.9,26.71584541062802,0.0,6,0,0,0,0,0,0,0.0
2026-09-13 18:00:00-03:00,NE,7,15053.215513255172,165.9,27.499903381642515,0.0,6,0,0,0,0,0,0,0.0
2026-09-13 18:00:00-03:00,S,1,13875.886962362,165.89,12.214835164835163,0.7307692307692308,6,0,0,0,0,0,0,0.0
2026-09-13 18:00:00-03:00,S,7,14087.761687730796,165.89,14.121153846153849,0.0,6,0,0,0,0,0,0,0.0
2026-09-13 18:00:00-03:00,SECO,1,46603.50364011576,165.9,20.46353509097661,2.5655402896398067,6,0,0,0,0,0,0,0.0
2026-09-13 18:00:00-03:00,SECO,7,47455.57852064636,165.9,21.056182695878203,2.358336427775715,6,0,0,0,0,0,0,0.0
2026-09-13 19:00:00-03:00,N,1,9334.220821667504,161.66,30.488288288288288,0.0,6,0,0,0,0,0,0,0.0336
2026-09-13 19:00:00-03:00,N,7,9227.66630928494,161.66,30.08936936936937,0.0,6,0,0,0,0,0,0,0.0336
2026-09-13 19:00:00-03:00,NE,1,15267.62379355786,161.65,26.464830917874394,0.0,6,0,0,0,0,0,0,0.0
2026-09-13 19:00:00-03:00,NE,7,14854.923774005854,161.65,26.92772946859904,0.0,6,0,0,0,0,0,0,0.0
2026-09-13 19:00:00-03:00,S,1,14159.19064608252,161.64,11.720054945054944,0.0,6,0,0,0,0,0,0,0.0
2026-09-13 19:00:00-03:00,S,7,14271.00850296906,161.64,13.789835164835166,0.0,6,0,0,0,0,0,0,0.0
2026-09-13 19:00:00-03:00,SECO,1,46272.5431888302,161.65,20.085369476420347,0.097289268473821,6,0,0,0,0,0,0,0.0
2026-09-13 19:00:00-03:00,SECO,7,46989.87946940015,161.65,20.48054214630524,0.0401039732640178,6,0,0,0,0,0,0,0.0
2026-09-13 20:00:00-03:00,N,1,9470.265316310662,157.44,30.003063063063063,0.0,6,0,0,0,0,0,0,0.0336
2026-09-13 20:00:00-03:00,N,7,9311.989699320333,157.44,29.212612612612617,0.0,6,0,0,0,0,0,0,0.0336
2026-09-13 20:00:00-03:00,NE,1,15155.948811143928,157.43,26.213816425120772,0.0,6,0,0,0,0,0,0,0.0
2026-09-13 20:00:00-03:00,NE,7,14818.733357108946,157.43,26.397874396135265,0.0,6,0,0,0,0,0,0,0.0
2026-09-13 20:00:00-03:00,S,1,13728.747605264803,157.43,11.43489010989011,0.0,6,0,0,0,0,0,0,0.0
2026-09-13 20:00:00-03:00,S,7,13860.20207991687,157.43,13.54368131868132,0.0,6,0,0,0,0,0,0,0.0
2026-09-13 20:00:00-03:00,SECO,1,44893.34183330931,157.44,19.663423691050877,0.0,6,0,0,0,0,0,0,0.0
2026-09-13 20:00:00-03:00,SECO,7,45845.50392625217,157.44,19.933939844040104,0.0,6,0,0,0,0,0,0,0.0
2026-09-13 21:00:00-03:00,N,1,9601.90199154178,157.73,29.54612612612613,0.0,6,0,0,0,0,0,0,0.0336
2026-09-13 21:00:00-03:00,N,7,9412.088780922591,157.73,28.80846846846847,0.0,6,0,0,0,0,0,0,0.0336
2026-09-13 21:00:00-03:00,NE,1,15301.872035226086,157.72,25.98386473429952,0.0,6,0,0,0,0,0,0,0.0
2026-09-13 21:00:00-03:00,NE,7,15028.422072142095,157.72,26.034202898550724,0.0,6,0,0,0,0,0,0,0.0
2026-09-13 21:00:00-03:00,S,1,13204.1920503741,157.71,10.878021978021977,0.0,6,0,0,0,0,0,0,0.0
2026-09-13 21:00:00-03:00,S,7,13337.557061367515,157.71,12.232967032967034,0.0,6,0,0,0,0,0,0,0.0
2026-09-13 21:00:00-03:00,SECO,1,43702.11052964989,157.72,19.06795395469736,0.0,6,0,0,0,0,0,0,0.0
2026-09-13 21:00:00-03:00,SECO,7,43665.20637714263,157.72,18.82510211659859,0.0,6,0,0,0,0,0,0,0.0
2026-09-13 22:00:00-03:00,N,1,9743.937888861945,155.12,29.053693693693692,0.0,6,0,0,0,0,0,0,0.0336
2026-09-13 22:00:00-03:00,N,7,9555.997825039844,155.12,28.190630630630636,0.0,6,0,0,0,0,0,0,0.0336
2026-09-13 22:00:00-03:00,NE,1,15266.989535080636,155.11,25.71014492753623,0.0,6,0,0,0,0,0,0,0.0
2026-09-13 22:00:00-03:00,NE,7,15052.918482366948,155.11,25.67217391304348,0.0,6,0,0,0,0,0,0,0.0
2026-09-13 22:00:00-03:00,S,1,12241.121979976768,155.1,10.690109890109891,0.0,6,0,0,0,0,0,0,0.0
2026-09-13 22:00:00-03:00,S,7,12623.890875045458,155.1,12.13021978021978,0.0,6,0,0,0,0,0,0,0.0
2026-09-13 22:00:00-03:00,SECO,1,41907.0913941221,155.11,18.719123653917563,0.0,6,0,0,0,0,0,0,0.0
2026-09-13 22:00:00-03:00,SECO,7,41676.83323461197,155.11,18.523134051243964,0.0,6,0,0,0,0,0,0,0.0
2026-09-13 23:00:00-03:00,N,1,9774.774475161685,145.69,28.705225225225227,0.0,6,0,0,0,0,0,0,0.0336
2026-09-13 23:00:00-03:00,N,7,9551.340800680524,145.69,27.56774774774775,0.0,6,0,0,0,0,0,0,0.0336
2026-09-13 23:00:00-03:00,NE,1,15029.286510505031,145.68,25.50492753623189,0.0,6,0,0,0,0,0,0,0.0
2026-09-13 23:00:00-03:00,NE,7,14677.118852355496,145.68,25.320579710144926,0.0,6,0,0,0,0,0,0,0.0
2026-09-13 23:00:00-03:00,S,1,11167.929271233274,145.68,10.32912087912088,0.0,6,0,0,0,0,0,0,0.0
2026-09-13 23:00:00-03:00,S,7,11477.371691534354,145.68,12.02747252747253,0.0,6,0,0,0,0,0,0,0.0
2026-09-13 23:00:00-03:00,SECO,1,39739.904222681806,145.69,18.48180467879688,0.0,6,0,0,0,0,0,0,0.0
2026-09-13 23:00:00-03:00,SECO,7,39223.98594754875,145.69,18.23189751206833,0.0,6,0,0,0,0,0,0,0.0
2026-09-14 00:00:00-03:00,N,1,9734.20019814195,57.31,28.33711711711712,0.0,0,0,0,0,0,0,0,0.0
2026-09-14 00:00:00-03:00,N,7,9634.393838471393,57.31,26.96864864864865,0.0,0,0,0,0,0,0,0,0.0
2026-09-14 00:00:00-03:00,NE,1,15294.57779501134,57.31,25.22782608695652,0.0,0,0,0,0,0,0,0,0.0
2026-09-14 00:00:00-03:00,NE,7,14717.344689827456,57.31,24.981739130434782,0.0,0,0,0,0,0,0,0,0.0
2026-09-14 00:00:00-03:00,S,1,10644.272110280748,57.31,10.087087912087911,0.0,0,0,0,0,0,0,0,0.0
2026-09-14 00:00:00-03:00,S,7,11033.000084034764,57.31,12.024725274725276,0.0,0,0,0,0,0,0,0,0.0
2026-09-14 00:00:00-03:00,SECO,1,39112.67369872132,57.31,18.188971407352398,0.0,0,0,0,0,0,0,0,0.0
2026-09-14 00:00:00-03:00,SECO,7,38969.94302878857,57.31,18.033939844040106,0.0,0,0,0,0,0,0,0,0.0
2026-09-14 01:00:00-03:00,N,1,9512.605593442897,57.31,27.965585585585583,0.0,0,0,0,0,0,0,0,0.0
2026-09-14 01:00:00-03:00,N,7,9441.257320588573,57.31,26.459279279279283,0.0,0,0,0,0,0,0,0,0.0
2026-09-14 01:00:00-03:00,NE,1,14831.92715921686,57.31,25.0424154589372,0.0,0,0,0,0,0,0,0,0.0
2026-09-14 01:00:00-03:00,NE,7,14392.060252663354,57.31,24.72782608695652,0.0,0,0,0,0,0,0,0,0.0
2026-09-14 01:00:00-03:00,S,1,10025.157679884613,57.31,9.808516483516485,0.0,0,0,0,0,0,0,0,0.0
2026-09-14 01:00:00-03:00,S,7,10415.213716957893,57.31,12.021978021978022,0.0,0,0,0,0,0,0,0,0.0
2026-09-14 01:00:00-03:00,SECO,1,37125.48469297133,57.31,17.895544002970663,0.0,0,0,0,0,0,0,0,0.0
2026-09-14 01:00:00-03:00,SECO,7,37118.76047021603,57.31,17.86160415893056,0.0,0,0,0,0,0,0,0,0.0
2026-09-14 02:00:00-03:00,N,1,9339.710806525323,57.31,27.663603603603605,0.0,0,0,0,0,0,0,0,0.0
2026-09-14 02:00:00-03:00,N,7,9309.579636618097,57.31,26.126126126126128,0.0,0,0,0,0,0,0,0,0.0
2026-09-14 02:00:00-03:00,NE,1,14429.735439718745,57.31,24.7743961352657,0.0,0,0,0,0,0,0,0,0.0
2026-09-14 02:00:00-03:00,NE,7,14063.131372441429,57.31,24.613526570048307,0.0,0,0,0,0,0,0,0,0.0
2026-09-14 02:00:00-03:00,S,1,9686.394762344964,57.31,9.596153846153848,0.0,0,0,0,0,0,0,0,0.0
2026-09-14 02:00:00-03:00,S,7,10077.78926244888,57.31,12.034065934065934,0.0,0,0,0,0,0,0,0,0.0
2026-09-14 02:00:00-03:00,SECO,1,35739.46841580323,57.31,17.726104715930187,0.0,0,0,0,0,0,0,0,0.0
2026-09-14 02:00:00-03:00,SECO,7,35934.61167328774,57.31,17.77237281841812,0.0,0,0,0,0,0,0,0,0.0
2026-09-14 03:00:00-03:00,N,1,9164.033746846051,57.31,27.08648648648649,0.0,0,0,0,0,0,0,0,0.0
2026-09-14 03:00:00-03:00,N,7,9174.96382604906,57.31,25.98558558558559,0.0,0,0,0,0,0,0,0,0.0
2026-09-14 03:00:00-03:00,NE,1,13963.43778059488,57.31,24.504057971014493,0.0,0,0,0,0,0,0,0,0.0
2026-09-14 03:00:00-03:00,NE,7,13841.340503264835,57.31,24.63227053140097,0.0,0,0,0,0,0,0,0,0.0
2026-09-14 03:00:00-03:00,S,1,9533.026521247955,57.31,9.916483516483517,0.0,0,0,0,0,0,0,0,0.0
2026-09-14 03:00:00-03:00,S,7,9931.068221356703,57.31,12.082692307692309,0.0,0,0,0,0,0,0,0,0.0
2026-09-14 03:00:00-03:00,SECO,1,35177.10369709803,57.31,17.597363535090977,0.0,0,0,0,0,0,0,0,0.0
2026-09-14 03:00:00-03:00,SECO,7,35289.37567328774,57.31,17.766877088748608,0.0,0,0,0,0,0,0,0,0.0
2026-09-14 04:00:00-03:00,N,1,8975.504179140155,57.31,26.71531531531532,0.0,0,0,0,0,0,0,0,0.0
2026-09-14 04:00:00-03:00,N,7,9013.121698731264,57.31,26.13441441441442,0.0,0,0,0,0,0,0,0,0.0
2026-09-14 04:00:00-03:00,NE,1,13722.446990195816,57.31,24.179420289855077,0.0,0,0,0,0,0,0,0,0.0
2026-09-14 04:00:00-03:00,NE,7,13628.51841453835,57.31,24.89816425120773,0.0,0,0,0,0,0,0,0,0.0
2026-09-14 04:00:00-03:00,S,1,9579.053300313462,57.31,10.067857142857145,0.0,0,0,0,0,0,0,0,0.0
2026-09-14 04:00:00-03:00,S,7,9950.255981378388,57.31,12.23131868131868,0.0,0,0,0,0,0,0,0,0.0
2026-09-14 04:00:00-03:00,SECO,1,35119.340060463845,57.31,17.43505384329744,0.0,0,0,0,0,0,0,0,0.0
2026-09-14 04:00:00-03:00,SECO,7,35374.63396343978,57.31,17.862198291867806,0.0,0,0,0,0,0,0,0,0.0
2026-09-14 05:00:00-03:00,N,1,8896.506340411082,57.31,26.31531531531532,0.1873873873873874,0,0,0,0,0,0,0,0.0
2026-09-14 05:00:00-03:00,N,7,8953.054496889661,57.31,26.515495495495497,0.0,0,0,0,0,0,0,0,0.0
2026-09-14 05:00:00-03:00,NE,1,13233.082588835296,57.31,23.99236714975845,18.68502415458937,0,0,0,0,0,0,0,0.0
2026-09-14 05:00:00-03:00,NE,7,13358.150177625135,57.31,25.378550724637684,18.6231884057971,0,0,0,0,0,0,0,0.0
2026-09-14 05:00:00-03:00,S,1,9935.636992159469,57.31,9.797252747252749,0.0,0,0,0,0,0,0,0,0.0
2026-09-14 05:00:00-03:00,S,7,10283.217088821026,57.31,12.33131868131868,0.0,0,0,0,0,0,0,0,0.0
2026-09-14 05:00:00-03:00,SECO,1,36469.35246629179,57.31,17.319494987003342,0.0237653174897883,0,0,0,0,0,0,0,0.0
2026-09-14 05:00:00-03:00,SECO,7,36657.36558087265,57.31,18.044337170441885,0.0118826587448941,0,0,0,0,0,0,0,0.0
2026-09-14 06:00:00-03:00,N,1,8573.249184326593,57.31,26.195855855855857,34.91891891891892,0,0,0,0,0,0,0,0.0
2026-09-14 06:00:00-03:00,N,7,8645.609343062322,57.31,27.051711711711715,37.47747747747748,0,0,0,0,0,0,0,0.0
2026-09-14 06:00:00-03:00,NE,1,13385.510314492907,57.31,24.26579710144928,178.91787439613526,0,0,0,0,0,0,0,0.0
2026-09-14 06:00:00-03:00,NE,7,13393.8008432629,57.31,26.01352657004831,187.56425120772948,0,0,0,0,0,0,0,0.0
2026-09-14 06:00:00-03:00,S,1,10720.669282521414,57.31,9.81620879120879,10.255494505494504,0,0,0,0,0,0,0,0.0
2026-09-14 06:00:00-03:00,S,7,10728.91355775446,57.31,12.49478021978022,6.214285714285714,0,0,0,0,0,0,0,0.0
2026-09-14 06:00:00-03:00,SECO,1,37653.43007230974,57.31,17.173486817675453,26.838470107686597,0,0,0,0,0,0,0,0.0
2026-09-14 06:00:00-03:00,SECO,7,37587.11333993133,57.31,18.269179353880432,26.518752320831787,0,0,0,0,0,0,0,0.0
2026-09-14 07:00:00-03:00,N,1,8684.834700509608,57.31,26.624684684684688,187.1603603603604,0,0,0,0,0,0,0,0.0
2026-09-14 07:00:00-03:00,N,7,8872.59845160296,57.31,27.67189189189189,196.51351351351352,0,0,0,0,0,0,0,0.0
2026-09-14 07:00:00-03:00,NE,1,13779.372449186543,57.31,25.48743961352657,406.7342995169082,0,0,0,0,0,0,0,0.0
2026-09-14 07:00:00-03:00,NE,7,13593.9312213116,57.31,26.65352657004831,397.287922705314,0,0,0,0,0,0,0,0.0
2026-09-14 07:00:00-03:00,S,1,11965.08903446061,57.31,10.15824175824176,83.06593406593407,0,0,0,0,0,0,0,0.0
2026-09-14 07:00:00-03:00,S,7,12299.741203915446,57.31,12.69478021978022,47.15659340659341,0,0,0,0,0,0,0,0.0
2026-09-14 07:00:00-03:00,SECO,1,41135.1270819892,57.31,17.461864092090604,128.8785740809506,0,0,0,0,0,0,0,0.0
2026-09-14 07:00:00-03:00,SECO,7,41586.50598761423,57.31,18.57144448570368,119.82955811362793,0,0,0,0,0,0,0,0.0
2026-09-14 08:00:00-03:00,N,1,9135.713820589956,57.31,27.920360360360363,394.0,0,0,0,0,0,0,0,0.0
2026-09-14 08:00:00-03:00,N,7,9156.147387118524,57.31,28.344504504504503,404.572972972973,0,0,0,0,0,0,0,0.0
2026-09-14 08:00:00-03:00,NE,1,13826.847014785517,57.31,26.489275362318843,627.7797101449275,0,0,0,0,0,0,0,0.0
2026-09-14 08:00:00-03:00,NE,7,14203.854259371816,57.31,27.221545893719806,579.0347826086957,0,0,0,0,0,0,0,0.0
2026-09-14 08:00:00-03:00,S,1,13093.898852356297,57.31,11.108516483516484,185.60164835164835,0,0,0,0,0,0,0,0.0
2026-09-14 08:00:00-03:00,S,7,14173.233100967363,57.31,12.809615384615384,155.28846153846155,0,0,0,0,0,0,0,0.0
2026-09-14 08:00:00-03:00,SECO,1,43583.79007600724,57.31,18.07014481990345,231.99071667285557,0,0,0,0,0,0,0,0.0
2026-09-14 08:00:00-03:00,SECO,7,44393.029121323525,57.31,18.94545116969922,210.5187523208318,0,0,0,0,0,0,0,0.0
2026-09-14 09:00:00-03:00,N,1,9438.648476273656,57.31,29.384504504504505,593.381981981982,0,0,0,0,0,0,0,0.0
2026-09-14 09:00:00-03:00,N,7,9239.9382856481,57.31,28.806846846846845,612.7333333333333,0,0,0,0,0,0,0,0.0
2026-09-14 09:00:00-03:00,NE,1,14725.48160305646,57.31,28.08589371980677,807.1014492753624,0,0,0,0,0,0,0,0.0
2026-09-14 09:00:00-03:00,NE,7,14218.502366769007,57.31,27.23507246376812,784.7816425120773,0,0,0,0,0,0,0,0.0
2026-09-14 09:00:00-03:00,S,1,13438.909656022885,57.31,12.215934065934066,276.54945054945057,0,0,0,0,0,0,0,0.0
2026-09-14 09:00:00-03:00,S,7,14728.5409085329,57.31,14.034615384615384,251.1428571428572,0,0,0,0,0,0,0,0.0
2026-09-14 09:00:00-03:00,SECO,1,44890.97464424885,57.31,18.958782027478648,362.1960638692908,0,0,0,0,0,0,0,0.0
2026-09-14 09:00:00-03:00,SECO,7,46070.20769334105,57.31,18.1046787968808,403.0772372818418,0,0,0,0,0,0,0,0.0
2026-09-14 10:00:00-03:00,N,1,9605.52987366445,57.31,30.705045045045047,742.3711711711712,0,0,0,0,0,0,0,0.0
2026-09-14 10:00:00-03:00,N,7,9394.553047594418,57.31,29.42936936936937,762.0774774774775,0,0,0,0,0,0,0,0.0
2026-09-14 10:00:00-03:00,NE,1,15067.20076641288,57.31,28.87487922705314,903.0985507246376,0,0,0,0,0,0,0,0.0
2026-09-14 10:00:00-03:00,NE,7,15050.101749063058,57.31,27.534782608695654,890.231884057971,0,0,0,0,0,0,0,0.0
2026-09-14 10:00:00-03:00,S,1,13677.19200616143,57.31,13.20934065934066,298.6538461538462,0,0,0,0,0,0,0,0.0
2026-09-14 10:00:00-03:00,S,7,15078.705500086797,57.31,14.487637362637363,311.3406593406594,0,0,0,0,0,0,0,0.0
2026-09-14 10:00:00-03:00,SECO,1,46211.6291912512,57.31,20.24437430375046,378.6145562569625,0,0,0,0,0,0,0,0.0
2026-09-14 10:00:00-03:00,SECO,7,47459.42043308108,57.31,18.719086520608982,497.6891942072039,0,0,0,0,0,0,0,0.0
2026-09-14 11:00:00-03:00,N,1,10026.721596545256,57.31,31.75585585585586,836.5711711711713,0,0,0,0,0,0,0,0.0
2026-09-14 11:00:00-03:00,N,7,9856.441448883645,57.31,30.186306306306307,854.682882882883,0,0,0,0,0,0,0,0.0
2026-09-14 11:00:00-03:00,NE,1,15142.420843965956,57.31,29.23806763285024,929.56038647343,0,0,0,0,0,0,0,0.0
2026-09-14 11:00:00-03:00,NE,7,15189.419627019292,57.31,27.871304347826086,928.696618357488,0,0,0,0,0,0,0,0.0
2026-09-14 11:00:00-03:00,S,1,14153.227879862296,57.31,13.853021978021978,378.4478021978022,0,0,0,0,0,0,0,0.0
2026-09-14 11:00:00-03:00,S,7,15476.975175431868,57.31,15.013736263736265,346.15659340659346,0,0,0,0,0,0,0,0.0
2026-09-14 11:00:00-03:00,SECO,1,48006.46737929888,57.31,21.219643520237653,412.2120311919792,0,0,0,0,0,0,0,0.0
2026-09-14 11:00:00-03:00,SECO,7,49204.61903727603,57.31,19.53598217601188,550.0649832900111,0,0,0,0,0,0,0,0.0
2026-09-14 12:00:00-03:00,N,1,10124.129675360076,57.31,32.47405405405406,891.5675675675676,0,0,0,0,0,0,0,0.0
2026-09-14 12:00:00-03:00,N,7,10024.469830561611,57.31,30.96378378378379,882.3333333333334,0,0,0,0,0,0,0,0.0
2026-09-14 12:00:00-03:00,NE,1,15105.246738504871,57.31,29.42415458937198,894.1391304347826,0,0,0,0,0,0,0,0.0
2026-09-14 12:00:00-03:00,NE,7,14566.024653240249,57.31,28.14444444444445,896.287922705314,0,0,0,0,0,0,0,0.0
2026-09-14 12:00:00-03:00,S,1,14066.107001410766,57.31,14.567307692307692,283.47527472527474,0,0,0,0,0,0,0,0.0
2026-09-14 12:00:00-03:00,S,7,15631.54222693742,57.31,15.576373626373629,353.73626373626377,0,0,0,0,0,0,0,0.0
2026-09-14 12:00:00-03:00,SECO,1,48939.39087929889,57.31,21.668882287411808,456.468251021166,0,0,0,0,0,0,0,0.0
2026-09-14 12:00:00-03:00,SECO,7,50245.2175430718,57.31,20.418975120683253,552.8889714073524,0,0,0,0,0,0,0,0.0
2026-09-14 13:00:00-03:00,N,1,10346.824445444505,57.31,33.152792792792795,863.0486486486487,0,0,0,0,0,0,0,0.0
2026-09-14 13:00:00-03:00,N,7,10238.51638002387,57.31,31.63099099099099,843.7693693693695,0,0,0,0,0,0,0,0.0
2026-09-14 13:00:00-03:00,NE,1,14882.84648209467,57.31,29.40048309178744,774.1642512077294,0,0,0,0,0,0,0,0.0
2026-09-14 13:00:00-03:00,NE,7,15008.432618119125,57.31,28.35314009661836,794.1140096618358,0,0,0,0,0,0,0,0.0
2026-09-14 13:00:00-03:00,S,1,14065.809555820306,57.31,14.721153846153848,235.49175824175825,0,0,0,0,0,0,0,0.0
2026-09-14 13:00:00-03:00,S,7,15492.355422606244,57.31,16.017307692307696,332.010989010989,0,0,0,0,0,0,0,0.0
2026-09-14 13:00:00-03:00,SECO,1,48879.29796225637,57.31,22.005867062755293,372.8496101002599,0,0,0,0,0,0,0,0.0
2026-09-14 13:00:00-03:00,SECO,7,50329.72889472368,57.31,21.240623839584103,505.9929446713702,0,0,0,0,0,0,0,0.0
2026-09-14 14:00:00-03:00,N,1,10502.168809029328,57.31,33.23531531531532,777.6234234234234,0,0,0,0,0,0,0,0.0
2026-09-14 14:00:00-03:00,N,7,10426.492495007296,57.31,32.15081081081081,742.1333333333333,0,0,0,0,0,0,0,0.0
2026-09-14 14:00:00-03:00,NE,1,14869.017976987838,57.31,29.156038647343,606.8367149758454,0,0,0,0,0,0,0,0.0
2026-09-14 14:00:00-03:00,NE,7,15203.635100599076,57.31,28.43961352657005,630.1729468599034,0,0,0,0,0,0,0,0.0
2026-09-14 14:00:00-03:00,S,1,13964.1827693934,57.31,14.912637362637362,330.2225274725275,0,0,0,0,0,0,0,0.0
2026-09-14 14:00:00-03:00,S,7,15365.611644629626,57.31,16.37032967032967,284.2637362637363,0,0,0,0,0,0,0,0.0
2026-09-14 14:00:00-03:00,SECO,1,48859.20485475806,57.31,21.9444857036762,259.28221314519124,0,0,0,0,0,0,0,0.0
2026-09-14 14:00:00-03:00,SECO,7,49878.864311631,57.31,21.90386186409209,416.1563312291125,0,0,0,0,0,0,0,0.0
2026-09-14 15:00:00-03:00,N,1,10362.09125062728,57.31,33.28900900900901,600.3693693693695,0,0,0,0,0,0,0,0.0
2026-09-14 15:00:00-03:00,N,7,10298.882234104049,57.31,32.3172972972973,565.1495495495496,0,0,0,0,0,0,0,0.0
2026-09-14 15:00:00-03:00,NE,1,15027.227871616364,57.31,28.558454106280195,387.2792270531401,0,0,0,0,0,0,0,0.0
2026-09-14 15:00:00-03:00,NE,7,15560.341785178647,57.31,28.390338164251208,409.1371980676329,0,0,0,0,0,0,0,0.0
2026-09-14 15:00:00-03:00,S,1,14084.628731157072,57.31,15.083241758241758,251.9368131868132,0,0,0,0,0,0,0,0.0
2026-09-14 15:00:00-03:00,S,7,15449.24392444411,57.31,16.47032967032967,201.7142857142857,0,0,0,0,0,0,0,0.0
2026-09-14 15:00:00-03:00,SECO,1,48822.46335025684,57.31,21.70575566282956,191.4990716672856,0,0,0,0,0,0,0,0.0
2026-09-14 15:00:00-03:00,SECO,7,49692.96725821629,57.31,22.182138878574083,252.17452655031565,0,0,0,0,0,0,0,0.0
2026-09-14 16:00:00-03:00,N,1,10070.819015056237,120.18,33.12198198198199,384.09909909909913,0,0,0,0,0,0,0,0.0
2026-09-14 16:00:00-03:00,N,7,10065.7515986586,120.18,32.11387387387388,378.1747747747749,0,0,0,0,0,0,0,0.0
2026-09-14 16:00:00-03:00,NE,1,15486.586827229446,120.17,28.01314009661836,160.40772946859903,0,0,0,0,0,0,0,0.0
2026-09-14 16:00:00-03:00,NE,7,15575.78215874621,120.17,28.168212560386472,175.6289855072464,0,0,0,0,0,0,0,0.0
2026-09-14 16:00:00-03:00,S,1,14698.714268556709,120.17,14.845054945054946,142.58241758241758,0,0,0,0,0,0,0,0.0
2026-09-14 16:00:00-03:00,S,7,15945.251976243402,120.17,16.275549450549452,125.76923076923076,0,0,0,0,0,0,0,0.0
2026-09-14 16:00:00-03:00,SECO,1,49018.590250689005,120.18,21.21667285555143,110.764203490531,0,0,0,0,0,0,0,0.0
2026-09-14 16:00:00-03:00,SECO,7,49652.675507018095,120.18,22.091793538804307,148.488303007798,0,0,0,0,0,0,0,0.0
2026-09-14 17:00:00-03:00,N,1,9655.08161727098,163.56,32.668288288288295,165.1963963963964,0,0,0,0,0,0,0,0.0
2026-09-14 17:00:00-03:00,N,7,9656.400818262988,163.56,31.619459459459463,170.31711711711714,0,0,0,0,0,0,0,0.0
2026-09-14 17:00:00-03:00,NE,1,15404.493223955897,163.55,27.22309178743961,11.770048309178744,0,0,0,0,0,0,0,0.0
2026-09-14 17:00:00-03:00,NE,7,15809.547043617247,163.55,27.76405797101449,10.468599033816425,0,0,0,0,0,0,0,0.0
2026-09-14 17:00:00-03:00,S,1,15638.908918444193,163.55,14.191208791208792,65.17032967032966,0,0,0,0,0,0,0,0.0
2026-09-14 17:00:00-03:00,S,7,16146.855222084549,163.55,15.798076923076923,43.21978021978023,0,0,0,0,0,0,0,0.0
2026-09-14 17:00:00-03:00,SECO,1,50265.55799833986,163.56,20.571667285555144,33.75343483104345,0,0,0,0,0,0,0,0.0
2026-09-14 17:00:00-03:00,SECO,7,49364.37771660133,163.56,21.644671370219086,45.37987374675083,0,0,0,0,0,0,0,0.0
2026-09-14 18:00:00-03:00,N,1,9547.066951994088,202.58,31.782702702702704,28.136936936936937,0,0,0,0,0,0,0,0.0
2026-09-14 18:00:00-03:00,N,7,9501.958394546318,202.58,30.927747747747752,27.983783783783785,0,0,0,0,0,0,0,0.0
2026-09-14 18:00:00-03:00,NE,1,16030.981277832345,202.57,26.680869565217392,0.0,0,0,0,0,0,0,0,0.0
2026-09-14 18:00:00-03:00,NE,7,16371.902011484886,202.57,27.239613526570047,0.0,0,0,0,0,0,0,0,0.0
2026-09-14 18:00:00-03:00,S,1,16986.689325891857,202.57,13.62087912087912,0.7307692307692308,0,0,0,0,0,0,0,0.0
2026-09-14 18:00:00-03:00,S,7,16810.164406552904,202.57,15.210989010989012,0.3653846153846154,0,0,0,0,0,0,0,0.0
2026-09-14 18:00:00-03:00,SECO,1,51830.71048223814,202.58,19.875640549572967,3.28518380987746,0,0,0,0,0,0,0,0.0
2026-09-14 18:00:00-03:00,SECO,7,51109.3430889953,202.58,21.06026735982176,4.166728555514297,0,0,0,0,0,0,0,0.0
2026-09-14 19:00:00-03:00,N,1,9815.992254823128,166.16,31.06,0.0,0,0,0,0,0,0,0,0.0
2026-09-14 19:00:00-03:00,N,7,9687.705306215594,166.16,30.16864864864865,0.0,0,0,0,0,0,0,0,0.0
2026-09-14 19:00:00-03:00,NE,1,16155.53846689947,166.15,26.482222222222223,0.0,0,0,0,0,0,0,0,0.0
2026-09-14 19:00:00-03:00,NE,7,16364.512797725942,166.15,26.686666666666667,0.0,0,0,0,0,0,0,0,0.0
2026-09-14 19:00:00-03:00,S,1,17155.288933169064,166.15,12.85576923076923,0.0,0,0,0,0,0,0,0,0.0
2026-09-14 19:00:00-03:00,S,7,17250.672134274242,166.15,14.553571428571429,0.0,0,0,0,0,0,0,0,0.0
2026-09-14 19:00:00-03:00,SECO,1,52098.771746735976,166.16,19.50207946528036,0.1106572595618269,0,0,0,0,0,0,0,0.0
2026-09-14 19:00:00-03:00,SECO,7,51502.81472198268,166.16,20.357445228369848,0.0935759376160415,0,0,0,0,0,0,0,0.0
2026-09-14 20:00:00-03:00,N,1,9955.43972791388,158.31,30.440000000000005,0.0,0,0,0,0,0,0,0,0.0
2026-09-14 20:00:00-03:00,N,7,9901.178011334876,158.31,29.420360360360363,0.0,0,0,0,0,0,0,0,0.0
2026-09-14 20:00:00-03:00,NE,1,16051.243144273394,158.31,26.31429951690821,0.0,0,0,0,0,0,0,0,0.0
2026-09-14 20:00:00-03:00,NE,7,16234.19555552653,158.31,26.177004830917877,0.0,0,0,0,0,0,0,0,0.0
2026-09-14 20:00:00-03:00,S,1,16465.93521146818,158.3,12.462362637362638,0.0,0,0,0,0,0,0,0,0.0
2026-09-14 20:00:00-03:00,S,7,16484.008212570887,158.3,13.966483516483516,0.0,0,0,0,0,0,0,0,0.0
2026-09-14 20:00:00-03:00,SECO,1,50704.5239898413,158.31,19.165874489417007,0.0,0,0,0,0,0,0,0,0.0
2026-09-14 20:00:00-03:00,SECO,7,50208.69160175859,158.31,19.745376903082065,0.0,0,0,0,0,0,0,0,0.0
2026-09-14 21:00:00-03:00,N,1,10254.79958593686,157.55,29.582342342342343,0.0,0,0,0,0,0,0,0,0.0
2026-09-14 21:00:00-03:00,N,7,10172.186167477634,157.55,28.944504504504508,0.0,0,0,0,0,0,0,0,0.0
2026-09-14 21:00:00-03:00,NE,1,16458.924338157558,157.54,26.12434782608696,0.0,0,0,0,0,0,0,0,0.0
2026-09-14 21:00:00-03:00,NE,7,16551.51705832783,157.54,26.19855072463768,0.0,0,0,0,0,0,0,0,0.0
2026-09-14 21:00:00-03:00,S,1,15569.876460840307,157.54,11.79065934065934,0.0,0,0,0,0,0,0,0,0.0
2026-09-14 21:00:00-03:00,S,7,15611.890650013596,157.54,13.10521978021978,0.0,0,0,0,0,0,0,0,0.0
2026-09-14 21:00:00-03:00,SECO,1,48710.44642025938,157.55,19.008466394355736,0.0,0,0,0,0,0,0,0,0.0
2026-09-14 21:00:00-03:00,SECO,7,47937.90657982306,157.55,19.523505384329745,0.0,0,0,0,0,0,0,0,0.0
2026-09-14 22:00:00-03:00,N,1,10396.660524904304,153.9,28.958378378378377,0.0,0,0,0,0,0,0,0,0.0
2026-09-14 22:00:00-03:00,N,7,10387.740073771956,153.9,28.47675675675676,0.0,0,0,0,0,0,0,0,0.0
2026-09-14 22:00:00-03:00,NE,1,16350.339497416937,153.89,25.945507246376813,0.0,0,0,0,0,0,0,0,0.0
2026-09-14 22:00:00-03:00,NE,7,16382.209514805558,153.89,25.810821256038647,0.0,0,0,0,0,0,0,0,0.0
2026-09-14 22:00:00-03:00,S,1,14237.724712791589,153.88,11.247252747252748,0.0,0,0,0,0,0,0,0,0.0
2026-09-14 22:00:00-03:00,S,7,14416.808843082685,153.88,12.739010989010987,0.0,0,0,0,0,0,0,0,0.0
2026-09-14 22:00:00-03:00,SECO,1,45509.55873892786,153.89,18.69948013367991,0.0,0,0,0,0,0,0,0,0.0
2026-09-14 22:00:00-03:00,SECO,7,45130.77904383541,153.89,19.191459339027105,0.0,0,0,0,0,0,0,0,0.0
2026-09-14 23:00:00-03:00,N,1,10347.94722795933,144.14,28.66954954954955,0.0,0,0,0,0,0,0,0,0.0
2026-09-14 23:00:00-03:00,N,7,10338.285675728226,144.14,27.95711711711712,0.0,0,0,0,0,0,0,0,0.0
2026-09-14 23:00:00-03:00,NE,1,16025.713551107174,144.13,25.67545893719807,0.0,0,0,0,0,0,0,0,0.0
2026-09-14 23:00:00-03:00,NE,7,15901.456282999474,144.13,25.358260869565218,0.0,0,0,0,0,0,0,0,0.0
2026-09-14 23:00:00-03:00,S,1,12699.89994838564,144.12,10.8228021978022,0.0,0,0,0,0,0,0,0,0.0
2026-09-14 23:00:00-03:00,S,7,12719.790730797587,144.12,12.40934065934066,0.0,0,0,0,0,0,0,0,0.0
2026-09-14 23:00:00-03:00,SECO,1,42708.376041925294,144.13,18.40924619383587,0.0,0,0,0,0,0,0,0,0.0
2026-09-14 23:00:00-03:00,SECO,7,42344.08464509427,144.13,18.84151503898997,0.0,0,0,0,0,0,0,0,0.0
2026-09-15 00:00:00-03:00,N,1,10076.212849906293,57.31,28.438738738738746,0.0,1,0,0,0,0,0,0,0.0
2026-09-15 00:00:00-03:00,N,7,9910.85999323589,57.31,27.53675675675676,0.0,1,0,0,0,0,0,0,0.0
2026-09-15 00:00:00-03:00,NE,1,14996.61378934305,57.31,25.317874396135267,0.0,1,0,0,0,0,0,0,0.0
2026-09-15 00:00:00-03:00,NE,7,14590.60884857074,57.31,24.92792270531401,0.0,1,0,0,0,0,0,0,0.0
2026-09-15 00:00:00-03:00,S,1,10597.620248982928,57.31,10.39835164835165,0.0,1,0,0,0,0,0,0,0.0
2026-09-15 00:00:00-03:00,S,7,10963.467215464603,57.31,12.031043956043955,0.0,1,0,0,0,0,0,0,0.0
2026-09-15 00:00:00-03:00,SECO,1,37164.22473055408,57.31,18.16282955811363,0.0,1,0,0,0,0,0,0,0.0
2026-09-15 00:00:00-03:00,SECO,7,38676.78295494972,57.31,18.47471221685852,0.0,1,0,0,0,0,0,0,0.0
2026-09-15 01:00:00-03:00,N,1,9918.059736505991,57.31,28.03243243243244,0.0,1,0,0,0,0,0,0,0.0
2026-09-15 01:00:00-03:00,N,7,9714.62526070096,57.31,27.15927927927928,0.0,1,0,0,0,0,0,0,0.0
2026-09-15 01:00:00-03:00,NE,1,14663.606241168318,57.31,25.005990338164253,0.0,1,0,0,0,0,0,0,0.0
2026-09-15 01:00:00-03:00,NE,7,14196.39208003236,57.31,24.59265700483092,0.0,1,0,0,0,0,0,0,0.0
2026-09-15 01:00:00-03:00,S,1,9970.957503891075,57.31,10.065934065934066,0.0,1,0,0,0,0,0,0,0.0
2026-09-15 01:00:00-03:00,S,7,10363.455225156937,57.31,11.764835164835164,0.0,1,0,0,0,0,0,0,0.0
2026-09-15 01:00:00-03:00,SECO,1,35555.584608565194,57.31,17.967062755291497,0.0,1,0,0,0,0,0,0,0.0
2026-09-15 01:00:00-03:00,SECO,7,37078.35279505717,57.31,18.21518752320832,0.0,1,0,0,0,0,0,0,0.0
2026-09-15 02:00:00-03:00,N,1,9680.07973856008,57.31,27.6127927927928,0.0,1,0,0,0,0,0,0,0.0
2026-09-15 02:00:00-03:00,N,7,9543.206714634309,57.31,26.8754954954955,0.0,1,0,0,0,0,0,0,0.0
2026-09-15 02:00:00-03:00,NE,1,14270.654840139696,57.31,24.743188405797103,0.0,1,0,0,0,0,0,0,0.0
2026-09-15 02:00:00-03:00,NE,7,13954.39929846862,57.31,24.38038647342995,0.0,1,0,0,0,0,0,0,0.0
2026-09-15 02:00:00-03:00,S,1,9663.918539162887,57.31,9.870054945054944,0.0,1,0,0,0,0,0,0,0.0
2026-09-15 02:00:00-03:00,S,7,10042.217877019484,57.31,11.564835164835165,0.0,1,0,0,0,0,0,0,0.0
2026-09-15 02:00:00-03:00,SECO,1,34574.849473936105,57.31,17.806424062383957,0.0,1,0,0,0,0,0,0,0.0
2026-09-15 02:00:00-03:00,SECO,7,36242.27694526761,57.31,18.08065354623097,0.0,1,0,0,0,0,0,0,0.0
2026-09-15 03:00:00-03:00,N,1,9424.929124107475,57.31,27.08936936936937,0.0,1,0,0,0,0,0,0,0.0
2026-09-15 03:00:00-03:00,N,7,9329.21683107054,57.31,26.73693693693694,0.0,1,0,0,0,0,0,0,0.0
2026-09-15 03:00:00-03:00,NE,1,13983.851132317592,57.31,24.41207729468599,0.0,1,0,0,0,0,0,0,0.0
2026-09-15 03:00:00-03:00,NE,7,13700.122738453085,57.31,24.407729468599037,0.0,1,0,0,0,0,0,0,0.0
2026-09-15 03:00:00-03:00,S,1,9598.61650912972,57.31,9.89587912087912,0.0,1,0,0,0,0,0,0,0.0
2026-09-15 03:00:00-03:00,S,7,10007.19590165346,57.31,11.564835164835165,0.0,1,0,0,0,0,0,0,0.0
2026-09-15 03:00:00-03:00,SECO,1,34057.556381546165,57.31,17.515744522836986,0.0,1,0,0,0,0,0,0,0.0
2026-09-15 03:00:00-03:00,SECO,7,35780.47829544004,57.31,18.103639064240625,0.0,1,0,0,0,0,0,0,0.0
2026-09-15 04:00:00-03:00,N,1,9218.880723754222,57.31,26.83711711711712,0.0,1,0,0,0,0,0,0,0.0
2026-09-15 04:00:00-03:00,N,7,9124.844652147973,57.31,26.781801801801805,0.0,1,0,0,0,0,0,0,0.0
2026-09-15 04:00:00-03:00,NE,1,13815.177029163642,57.31,24.03961352657005,0.0,1,0,0,0,0,0,0,0.0
2026-09-15 04:00:00-03:00,NE,7,13609.489904687432,57.31,24.737971014492757,0.0,1,0,0,0,0,0,0,0.0
2026-09-15 04:00:00-03:00,S,1,9761.673253584822,57.31,9.817307692307692,0.0,1,0,0,0,0,0,0,0.0
2026-09-15 04:00:00-03:00,S,7,10179.614704315372,57.31,11.721428571428572,0.0,1,0,0,0,0,0,0,0.0
2026-09-15 04:00:00-03:00,SECO,1,34524.41110933339,57.31,17.306349795766803,0.0,1,0,0,0,0,0,0,0.0
2026-09-15 04:00:00-03:00,SECO,7,36300.41186729435,57.31,18.30575566282956,0.0,1,0,0,0,0,0,0,0.0
2026-09-15 05:00:00-03:00,N,1,9095.884587509294,57.31,26.535495495495496,0.1873873873873874,1,0,0,0,0,0,0,0.0
2026-09-15 05:00:00-03:00,N,7,9015.42303720738,57.31,26.921981981981983,0.0,1,0,0,0,0,0,0,0.0
2026-09-15 05:00:00-03:00,NE,1,13600.570842278865,57.31,23.85410628019324,18.948792270531403,1,0,0,0,0,0,0,0.0
2026-09-15 05:00:00-03:00,NE,7,13334.832203483586,57.31,25.276811594202897,19.09178743961353,1,0,0,0,0,0,0,0.0
2026-09-15 05:00:00-03:00,S,1,10682.371072925796,57.31,9.946703296703298,0.0,1,0,0,0,0,0,0,0.0
2026-09-15 05:00:00-03:00,S,7,11090.586712207349,57.31,12.092857142857143,0.0,1,0,0,0,0,0,0,0.0
2026-09-15 05:00:00-03:00,SECO,1,36939.01237855444,57.31,17.227701448199035,0.0594132937244708,1,0,0,0,0,0,0,0.0
2026-09-15 05:00:00-03:00,SECO,7,38634.49414845807,57.31,18.706683995544,0.0356479762346825,1,0,0,0,0,0,0,0.0
2026-09-15 06:00:00-03:00,N,1,8701.019684579838,57.31,26.2781981981982,34.87927927927928,1,0,0,0,0,0,0,0.0
2026-09-15 06:00:00-03:00,N,7,8662.434199775318,57.31,27.19045045045045,35.75135135135135,1,0,0,0,0,0,0,0.0
2026-09-15 06:00:00-03:00,NE,1,13481.356382504697,57.31,24.19304347826087,172.024154589372,1,0,0,0,0,0,0,0.0
2026-09-15 06:00:00-03:00,NE,7,13241.121782404967,57.31,26.012270531400965,182.50048309178743,1,0,0,0,0,0,0,0.0
2026-09-15 06:00:00-03:00,S,1,12247.044063737108,57.31,9.99532967032967,15.35989010989011,1,0,0,0,0,0,0,0.0
2026-09-15 06:00:00-03:00,S,7,12718.4910349491,57.31,12.564285714285717,18.043956043956044,1,0,0,0,0,0,0,0.0
2026-09-15 06:00:00-03:00,SECO,1,39938.44081622778,57.31,17.154808763460824,38.919420720386185,1,0,0,0,0,0,0,0.0
2026-09-15 06:00:00-03:00,SECO,7,41496.40145242414,57.31,19.19985146676569,47.41329372447085,1,0,0,0,0,0,0,0.0
2026-09-15 07:00:00-03:00,N,1,8883.898962029249,57.31,26.63603603603604,182.86846846846848,1,0,0,0,0,0,0,0.0
2026-09-15 07:00:00-03:00,N,7,8838.654352954833,57.31,27.550810810810813,177.3873873873874,1,0,0,0,0,0,0,0.0
2026-09-15 07:00:00-03:00,NE,1,14201.636598875742,57.31,25.53072463768116,372.5671497584541,1,0,0,0,0,0,0,0.0
2026-09-15 07:00:00-03:00,NE,7,13798.347969781256,57.31,26.770724637681163,383.5777777777778,1,0,0,0,0,0,0,0.0
2026-09-15 07:00:00-03:00,S,1,13735.290304004153,57.31,10.359065934065931,111.6510989010989,1,0,0,0,0,0,0,0.0
2026-09-15 07:00:00-03:00,S,7,14124.5926354553,57.31,13.114010989010987,136.978021978022,1,0,0,0,0,0,0,0.0
2026-09-15 07:00:00-03:00,SECO,1,42568.04310545277,57.31,17.664574823616785,155.88303007797995,1,0,0,0,0,0,0,0.0
2026-09-15 07:00:00-03:00,SECO,7,44342.88839048584,57.31,19.76587448941701,192.4879316747122,1,0,0,0,0,0,0,0.0
2026-09-15 08:00:00-03:00,N,1,9546.269375918464,57.31,27.760540540540543,352.9621621621622,1,0,0,0,0,0,0,0.0
2026-09-15 08:00:00-03:00,N,7,9335.935894724586,57.31,27.90558558558559,368.71711711711714,1,0,0,0,0,0,0,0.0
2026-09-15 08:00:00-03:00,NE,1,14833.898515166518,57.31,26.66714975845411,583.0821256038647,1,0,0,0,0,0,0,0.0
2026-09-15 08:00:00-03:00,NE,7,14451.41085826649,57.31,27.467246376811595,535.912077294686,1,0,0,0,0,0,0,0.0
2026-09-15 08:00:00-03:00,S,1,14647.49506844762,57.31,11.352197802197802,291.7857142857143,1,0,0,0,0,0,0,0.0
2026-09-15 08:00:00-03:00,S,7,15096.84472471848,57.31,13.667857142857144,164.65659340659343,1,0,0,0,0,0,0,0.0
2026-09-15 08:00:00-03:00,SECO,1,45642.17322313407,57.31,18.631897512068324,283.9929446713702,1,0,0,0,0,0,0,0.0
2026-09-15 08:00:00-03:00,SECO,7,47757.14868676559,57.31,20.32038618640921,281.6398069067954,1,0,0,0,0,0,0,0.0
2026-09-15 09:00:00-03:00,N,1,10017.233337810783,57.31,28.944324324324327,490.2306306306306,1,0,0,0,0,0,0,0.0
2026-09-15 09:00:00-03:00,N,7,9943.221632068333,57.31,29.10630630630631,562.9477477477478,1,0,0,0,0,0,0,0.0
2026-09-15 09:00:00-03:00,NE,1,15314.55886900184,57.31,28.085024154589373,745.848309178744,1,0,0,0,0,0,0,0.0
2026-09-15 09:00:00-03:00,NE,7,14487.715360904964,57.31,27.73217391304348,725.8,1,0,0,0,0,0,0,0.0
2026-09-15 09:00:00-03:00,S,1,14795.683635948772,57.31,13.008791208791209,478.47527472527474,1,0,0,0,0,0,0,0.0
2026-09-15 09:00:00-03:00,S,7,15359.011579979087,57.31,13.243131868131869,273.3571428571429,1,0,0,0,0,0,0,0.0
2026-09-15 09:00:00-03:00,SECO,1,46923.97603506125,57.31,19.08399554400297,456.5168956554029,1,0,0,0,0,0,0,0.0
2026-09-15 09:00:00-03:00,SECO,7,49347.259588404064,57.31,19.424990716672852,471.1411065725956,1,0,0,0,0,0,0,0.0
2026-09-15 10:00:00-03:00,N,1,10226.085496466889,57.31,29.951531531531536,705.8054054054055,1,0,0,0,0,0,0,0.0
2026-09-15 10:00:00-03:00,N,7,10257.877451098688,57.31,29.55621621621621,696.4576576576577,1,0,0,0,0,0,0,0.0
2026-09-15 10:00:00-03:00,NE,1,15465.727024938236,57.31,28.724541062801933,871.6792270531402,1,0,0,0,0,0,0,0.0
2026-09-15 10:00:00-03:00,NE,7,14694.545075591042,57.31,28.06193236714976,824.480193236715,1,0,0,0,0,0,0,0.0
2026-09-15 10:00:00-03:00,S,1,15154.603881611203,57.31,15.06565934065934,703.4725274725274,1,0,0,0,0,0,0,0.0
2026-09-15 10:00:00-03:00,S,7,15740.566331295,57.31,13.752472527472529,350.7664835164835,1,0,0,0,0,0,0,0.0
2026-09-15 10:00:00-03:00,SECO,1,48770.22637448846,57.31,20.66398069067954,560.113627924248,1,0,0,0,0,0,0,0.0
2026-09-15 10:00:00-03:00,SECO,7,50945.18070063494,57.31,20.029595246936506,573.5347196435202,1,0,0,0,0,0,0,0.0
2026-09-15 11:00:00-03:00,N,1,10395.308561383035,57.31,31.384144144144148,885.0324324324325,1,0,0,0,0,0,0,0.0
2026-09-15 11:00:00-03:00,N,7,10409.125951210604,57.31,30.05567567567568,777.9063063063063,1,0,0,0,0,0,0,0.0
2026-09-15 11:00:00-03:00,NE,1,15675.616058188323,57.31,29.48521739130435,936.9033816425122,1,0,0,0,0,0,0,0.0
2026-09-15 11:00:00-03:00,NE,7,14834.181633875109,57.31,28.389855072463767,862.0492753623189,1,0,0,0,0,0,0,0.0
2026-09-15 11:00:00-03:00,S,1,15159.6393722192,57.31,16.792582417582416,839.0989010989011,1,0,0,0,0,0,0,0.0
2026-09-15 11:00:00-03:00,S,7,15985.326435148156,57.31,14.392857142857142,407.5741758241758,1,0,0,0,0,0,0,0.0
2026-09-15 11:00:00-03:00,SECO,1,50120.25762189554,57.31,22.10627552914965,611.7560341626439,1,0,0,0,0,0,0,0.0
2026-09-15 11:00:00-03:00,SECO,7,51968.713162982494,57.31,20.79313033791311,630.1994058670628,1,0,0,0,0,0,0,0.0
2026-09-15 12:00:00-03:00,N,1,10541.196027285494,57.31,32.61099099099099,909.7657657657658,1,0,0,0,0,0,0,0.0
2026-09-15 12:00:00-03:00,N,7,10529.29389092364,57.31,30.560720720720724,801.6792792792794,1,0,0,0,0,0,0,0.0
2026-09-15 12:00:00-03:00,NE,1,15523.508436810298,57.31,29.80975845410628,910.8280193236716,1,0,0,0,0,0,0,0.0
2026-09-15 12:00:00-03:00,NE,7,14552.30741285514,57.31,28.578454106280194,833.5468599033817,1,0,0,0,0,0,0,0.0
2026-09-15 12:00:00-03:00,S,1,14114.753652602429,57.31,18.05879120879121,685.5824175824176,1,0,0,0,0,0,0,0.0
2026-09-15 12:00:00-03:00,S,7,14686.934493263368,57.31,15.054945054945057,438.3901098901099,1,0,0,0,0,0,0,0.0
2026-09-15 12:00:00-03:00,SECO,1,49523.14711164389,57.31,22.942629038247308,546.5733382844411,1,0,0,0,0,0,0,0.0
2026-09-15 12:00:00-03:00,SECO,7,51714.453719852296,57.31,21.572372818418124,634.6646862235425,1,0,0,0,0,0,0,0.0
2026-09-15 13:00:00-03:00,N,1,10876.170908950762,57.31,33.36774774774775,861.5549549549551,1,0,0,0,0,0,0,0.0
2026-09-15 13:00:00-03:00,N,7,10758.215995663762,57.31,31.02576576576577,764.9135135135135,1,0,0,0,0,0,0,0.0
2026-09-15 13:00:00-03:00,NE,1,15644.50553827386,57.31,29.79227053140097,810.3700483091787,1,0,0,0,0,0,0,0.0
2026-09-15 13:00:00-03:00,NE,7,14718.922679266498,57.31,28.73584541062802,740.8067632850242,1,0,0,0,0,0,0,0.0
2026-09-15 13:00:00-03:00,S,1,14399.673769485784,57.31,18.20659340659341,664.1291208791209,1,0,0,0,0,0,0,0.0
2026-09-15 13:00:00-03:00,S,7,15126.821086879572,57.31,15.617032967032968,436.8983516483517,1,0,0,0,0,0,0,0.0
2026-09-15 13:00:00-03:00,SECO,1,49254.73138910608,57.31,23.11767545488303,553.545116969922,1,0,0,0,0,0,0,0.0
2026-09-15 13:00:00-03:00,SECO,7,52024.60352357534,57.31,22.278202747864835,586.3423691050872,1,0,0,0,0,0,0,0.0
2026-09-15 14:00:00-03:00,N,1,11186.936895505489,57.31,33.34900900900901,750.6630630630631,1,0,0,0,0,0,0,0.0
2026-09-15 14:00:00-03:00,N,7,10953.944374885416,57.31,31.270630630630635,672.1333333333333,1,0,0,0,0,0,0,0.0
2026-09-15 14:00:00-03:00,NE,1,15866.79150557231,57.31,29.567632850241548,644.648309178744,1,0,0,0,0,0,0,0.0
2026-09-15 14:00:00-03:00,NE,7,15025.620034173047,57.31,28.793429951690825,589.9942028985507,1,0,0,0,0,0,0,0.0
2026-09-15 14:00:00-03:00,S,1,14585.652035530678,57.31,18.59340659340659,612.8516483516484,1,0,0,0,0,0,0,0.0
2026-09-15 14:00:00-03:00,S,7,15202.54749034106,57.31,16.030494505494506,399.3626373626374,1,0,0,0,0,0,0,0.0
2026-09-15 14:00:00-03:00,SECO,1,49525.19602721991,57.31,23.655848496101004,507.5079836613442,1,0,0,0,0,0,0,0.0
2026-09-15 14:00:00-03:00,SECO,7,52657.23776262767,57.31,22.756034162643893,490.83698477534347,1,0,0,0,0,0,0,0.0
2026-09-15 15:00:00-03:00,N,1,11080.579903842843,57.31,33.06738738738739,595.2864864864865,1,0,0,0,0,0,0,0.0
2026-09-15 15:00:00-03:00,N,7,10822.62841171591,57.31,31.30702702702703,521.3927927927929,1,0,0,0,0,0,0,0.0
2026-09-15 15:00:00-03:00,NE,1,16447.817866376685,57.31,29.24405797101449,400.0038647342996,1,0,0,0,0,0,0,0.0
2026-09-15 15:00:00-03:00,NE,7,15350.697544801384,57.31,28.736425120772942,387.84057971014494,1,0,0,0,0,0,0,0.0
2026-09-15 15:00:00-03:00,S,1,14683.135871285662,57.31,19.13434065934066,464.3983516483517,1,0,0,0,0,0,0,0.0
2026-09-15 15:00:00-03:00,S,7,15063.527734098769,57.31,16.112912087912086,387.2197802197802,1,0,0,0,0,0,0,0.0
2026-09-15 15:00:00-03:00,SECO,1,49576.3787242368,57.31,23.7013367991088,375.46639435573707,1,0,0,0,0,0,0,0.0
2026-09-15 15:00:00-03:00,SECO,7,52895.73430057614,57.31,22.914110657259563,331.8295581136279,1,0,0,0,0,0,0,0.0
2026-09-15 16:00:00-03:00,N,1,10692.1179393168,106.47,32.821621621621624,391.5423423423424,1,0,0,0,0,0,0,0.0
2026-09-15 16:00:00-03:00,N,7,10458.614678535563,106.47,31.071351351351357,350.42342342342346,1,0,0,0,0,0,0,0.0
2026-09-15 16:00:00-03:00,NE,1,16612.556860369234,106.46,28.546376811594204,163.16908212560386,1,0,0,0,0,0,0,0.0
2026-09-15 16:00:00-03:00,NE,7,15735.87560510869,106.46,28.49072463768116,166.49468599033816,1,0,0,0,0,0,0,0.0
2026-09-15 16:00:00-03:00,S,1,15259.715218789604,106.46,19.06016483516484,227.80494505494505,1,0,0,0,0,0,0,0.0
2026-09-15 16:00:00-03:00,S,7,15528.249738128798,106.46,15.812912087912087,254.35164835164835,1,0,0,0,0,0,0,0.0
2026-09-15 16:00:00-03:00,SECO,1,49977.36978638331,106.46,23.368659487560343,209.8652060898626,1,0,0,0,0,0,0,0.0
2026-09-15 16:00:00-03:00,SECO,7,52676.77133674094,106.46,22.610508726327517,194.0256219829187,1,0,0,0,0,0,0,0.0
2026-09-15 17:00:00-03:00,N,1,10135.97745354296,184.81,32.22414414414415,163.6900900900901,1,0,0,0,0,0,0,0.0
2026-09-15 17:00:00-03:00,N,7,9927.541169745717,184.81,30.600540540540543,159.9873873873874,1,0,0,0,0,0,0,0.0
2026-09-15 17:00:00-03:00,NE,1,16048.26299980068,184.8,27.64975845410628,12.243478260869566,1,0,0,0,0,0,0,0.0
2026-09-15 17:00:00-03:00,NE,7,15511.28995671158,184.8,28.10618357487923,9.729468599033815,1,0,0,0,0,0,0,0.0
2026-09-15 17:00:00-03:00,S,1,15400.26701515159,184.79,18.24532967032967,69.76098901098902,1,0,0,0,0,0,0,0.0
2026-09-15 17:00:00-03:00,S,7,15704.487929853887,184.79,15.067032967032969,87.77197802197803,1,0,0,0,0,0,0,0.0
2026-09-15 17:00:00-03:00,SECO,1,49378.27411028643,184.8,22.62677311548459,60.4697363535091,1,0,0,0,0,0,0,0.0
2026-09-15 17:00:00-03:00,SECO,7,52252.84094956279,184.8,21.982027478648348,53.945414036390645,1,0,0,0,0,0,0,0.0
2026-09-15 18:00:00-03:00,N,1,9884.955083420738,221.09,31.334054054054057,28.81801801801802,1,0,0,0,0,0,0,0.0
2026-09-15 18:00:00-03:00,N,7,9580.39817047225,221.09,29.97747747747748,26.93873873873874,1,0,0,0,0,0,0,0.0
2026-09-15 18:00:00-03:00,NE,1,16778.86749202391,221.08,26.95449275362319,0.0,1,0,0,0,0,0,0,0.0
2026-09-15 18:00:00-03:00,NE,7,16176.53722240785,221.08,27.61806763285024,0.0,1,0,0,0,0,0,0,0.0
2026-09-15 18:00:00-03:00,S,1,16662.862017757903,221.08,16.125,1.5824175824175826,1,0,0,0,0,0,0,0.0
2026-09-15 18:00:00-03:00,S,7,16921.29026144969,221.08,14.18736263736264,0.3653846153846154,1,0,0,0,0,0,0,0.0
2026-09-15 18:00:00-03:00,SECO,1,51664.76289238587,221.09,20.66884515410323,3.7998514667656886,1,0,0,0,0,0,0,0.0
2026-09-15 18:00:00-03:00,SECO,7,54485.50960200172,221.09,21.083215744522835,4.124396583735611,1,0,0,0,0,0,0,0.0
2026-09-15 19:00:00-03:00,N,1,10104.40177879602,188.41,30.25891891891892,0.0,1,0,0,0,0,0,0,0.0
2026-09-15 19:00:00-03:00,N,7,9842.566689437625,188.41,29.273693693693694,0.0,1,0,0,0,0,0,0,0.0
2026-09-15 19:00:00-03:00,NE,1,16649.082165713975,188.4,26.729855072463767,0.0,1,0,0,0,0,0,0,0.0
2026-09-15 19:00:00-03:00,NE,7,16112.28621650024,188.4,27.10463768115942,0.0,1,0,0,0,0,0,0,0.0
2026-09-15 19:00:00-03:00,S,1,17518.52614155401,188.41,14.294505494505495,0.0,1,0,0,0,0,0,0,0.0
2026-09-15 19:00:00-03:00,S,7,17640.66484595106,188.41,13.307692307692308,0.0,1,0,0,0,0,0,0,0.0
2026-09-15 19:00:00-03:00,SECO,1,51911.712407175786,188.41,19.67226141849239,0.1106572595618269,1,0,0,0,0,0,0,0.0
2026-09-15 19:00:00-03:00,SECO,7,54769.52830154479,188.41,20.18993687337542,0.0935759376160415,1,0,0,0,0,0,0,0.0
2026-09-15 20:00:00-03:00,N,1,10206.821458532895,167.21,29.292972972972976,0.0,1,0,0,0,0,0,0,0.0
2026-09-15 20:00:00-03:00,N,7,10043.995676360542,167.21,28.61549549549549,0.0,1,0,0,0,0,0,0,0.0
2026-09-15 20:00:00-03:00,NE,1,16633.615077848182,167.2,26.49990338164251,0.0,1,0,0,0,0,0,0,0.0
2026-09-15 20:00:00-03:00,NE,7,16087.034760593282,167.2,26.605507246376813,0.0,1,0,0,0,0,0,0,0.0
2026-09-15 20:00:00-03:00,S,1,16740.7854664147,167.19,13.701098901098902,0.0,1,0,0,0,0,0,0,0.0
2026-09-15 20:00:00-03:00,S,7,16925.26174855064,167.19,12.391483516483516,0.0,1,0,0,0,0,0,0,0.0
2026-09-15 20:00:00-03:00,SECO,1,51135.45056935322,167.2,19.13705904196064,0.0,1,0,0,0,0,0,0,0.0
2026-09-15 20:00:00-03:00,SECO,7,53828.46151713199,167.2,19.360861492759003,0.0,1,0,0,0,0,0,0,0.0
2026-09-15 21:00:00-03:00,N,1,10479.85241548274,163.54,29.045405405405408,0.0,1,0,0,0,0,0,0,0.0
2026-09-15 21:00:00-03:00,N,7,10284.259789088876,163.54,28.205585585585585,0.0,1,0,0,0,0,0,0,0.0
2026-09-15 21:00:00-03:00,NE,1,16983.83505875922,163.53,26.439903381642512,0.0,1,0,0,0,0,0,0,0.0
2026-09-15 21:00:00-03:00,NE,7,16425.423200996895,163.53,26.380772946859903,0.0,1,0,0,0,0,0,0,0.0
2026-09-15 21:00:00-03:00,S,1,15709.762117305085,163.53,13.090384615384616,0.0,1,0,0,0,0,0,0,0.0
2026-09-15 21:00:00-03:00,S,7,15979.74710214225,163.53,10.629670329670333,0.0,1,0,0,0,0,0,0,0.0
2026-09-15 21:00:00-03:00,SECO,1,49453.44419879053,163.54,18.74946156702562,0.0,1,0,0,0,0,0,0,0.0
2026-09-15 21:00:00-03:00,SECO,7,52160.45488960114,163.54,18.771667285555143,0.0,1,0,0,0,0,0,0,0.0
2026-09-15 22:00:00-03:00,N,1,10504.198614147412,157.79,28.61081081081081,0.0,1,0,0,0,0,0,0,0.0
2026-09-15 22:00:00-03:00,N,7,10344.688843085234,157.79,27.73783783783784,0.0,1,0,0,0,0,0,0,0.0
2026-09-15 22:00:00-03:00,NE,1,16774.573273789545,157.78,26.042705314009662,0.0,1,0,0,0,0,0,0,0.0
2026-09-15 22:00:00-03:00,NE,7,16365.237985514965,157.78,25.993719806763288,0.0,1,0,0,0,0,0,0,0.0
2026-09-15 22:00:00-03:00,S,1,14239.752090792248,157.77,12.892857142857142,0.0,1,0,0,0,0,0,0,0.0
2026-09-15 22:00:00-03:00,S,7,14808.776239321804,157.77,10.13489010989011,0.0,1,0,0,0,0,0,0,0.0
2026-09-15 22:00:00-03:00,SECO,1,46092.35554182865,157.78,18.147716301522465,0.0,1,0,0,0,0,0,0,0.0
2026-09-15 22:00:00-03:00,SECO,7,49095.4135769097,157.78,18.365948756034165,0.0,1,0,0,0,0,0,0,0.0
2026-09-15 23:00:00-03:00,N,1,10299.115297131675,150.81,28.10036036036036,0.0,1,0,0,0,0,0,0,0.0
2026-09-15 23:00:00-03:00,N,7,10166.256526967554,150.81,27.273513513513517,0.0,1,0,0,0,0,0,0,0.0
2026-09-15 23:00:00-03:00,NE,1,16086.830242396722,150.8,25.74193236714976,0.0,1,0,0,0,0,0,0,0.0
2026-09-15 23:00:00-03:00,NE,7,15585.89081817697,150.8,25.5880193236715,0.0,1,0,0,0,0,0,0,0.0
2026-09-15 23:00:00-03:00,S,1,12697.770917356447,150.8,12.522527472527472,0.0,1,0,0,0,0,0,0,0.0
2026-09-15 23:00:00-03:00,S,7,13190.952380136883,150.8,9.752197802197802,0.0,1,0,0,0,0,0,0,0.0
2026-09-15 23:00:00-03:00,SECO,1,42360.00561884015,150.81,17.89513553657631,0.0,1,0,0,0,0,0,0,0.0
2026-09-15 23:00:00-03:00,SECO,7,45563.59897599476,150.81,17.930709246193835,0.0,1,0,0,0,0,0,0,0.0
2026-09-16 00:00:00-03:00,N,1,9980.344719332434,140.37,27.65477477477478,0.0,2,0,0,0,0,0,0,0.0
2026-09-16 00:00:00-03:00,N,7,9937.39007256998,140.37,26.903063063063065,0.0,2,0,0,0,0,0,0,0.0
2026-09-16 00:00:00-03:00,NE,1,15487.981491644672,140.36,25.564444444444447,0.0,2,0,0,0,0,0,0,0.0654
2026-09-16 00:00:00-03:00,NE,7,15012.77703993054,140.36,25.19159420289855,0.0,2,0,0,0,0,0,0,0.0654
2026-09-16 00:00:00-03:00,S,1,11661.79082415495,105.94,12.021153846153846,0.0,2,0,0,0,0,0,0,0.0
2026-09-16 00:00:00-03:00,S,7,11509.246782793462,105.94,9.454670329670328,0.0,2,0,0,0,0,0,0,0.0
2026-09-16 00:00:00-03:00,SECO,1,39399.15054552104,140.37,17.718789454140364,0.0,2,0,0,0,0,0,0,0.0
2026-09-16 00:00:00-03:00,SECO,7,41709.20971524767,140.37,17.570961752692163,0.0,2,0,0,0,0,0,0,0.0
2026-09-16 01:00:00-03:00,N,1,9781.280498912429,57.31,27.328828828828836,0.0,2,0,0,0,0,0,0,0.0
2026-09-16 01:00:00-03:00,N,7,9698.886234352738,57.31,26.655495495495497,0.0,2,0,0,0,0,0,0,0.0
2026-09-16 01:00:00-03:00,NE,1,15025.61316075681,57.31,25.17951690821256,0.0,2,0,0,0,0,0,0,0.0654
2026-09-16 01:00:00-03:00,NE,7,14583.505436620326,57.31,24.85526570048309,0.0,2,0,0,0,0,0,0,0.0654
2026-09-16 01:00:00-03:00,S,1,10831.068541504388,57.31,11.623626373626374,0.0,2,0,0,0,0,0,0,0.0
2026-09-16 01:00:00-03:00,S,7,10656.491726159136,57.31,9.257142857142856,0.0,2,0,0,0,0,0,0,0.0
2026-09-16 01:00:00-03:00,SECO,1,37184.03111368299,57.31,17.50219086520609,0.0,2,0,0,0,0,0,0,0.0
2026-09-16 01:00:00-03:00,SECO,7,39634.25763500283,57.31,17.323319717786855,0.0,2,0,0,0,0,0,0,0.0
2026-09-16 02:00:00-03:00,N,1,9581.322679575964,57.31,26.971351351351352,0.0,2,0,0,0,0,0,0,0.0
2026-09-16 02:00:00-03:00,N,7,9479.363643904137,57.31,26.5554954954955,0.0,2,0,0,0,0,0,0,0.0
2026-09-16 02:00:00-03:00,NE,1,14639.32798811424,57.31,24.890241545893723,0.0,2,0,0,0,0,0,0,0.0654
2026-09-16 02:00:00-03:00,NE,7,14284.744769641931,57.31,24.706666666666667,0.0,2,0,0,0,0,0,0,0.0654
2026-09-16 02:00:00-03:00,S,1,10470.610479515231,57.31,11.316483516483515,0.0,2,0,0,0,0,0,0,0.0
2026-09-16 02:00:00-03:00,S,7,10249.20786034012,57.31,9.18131868131868,0.0,2,0,0,0,0,0,0,0.0
2026-09-16 02:00:00-03:00,SECO,1,35972.51149977021,57.31,17.272484218343855,0.0,2,0,0,0,0,0,0,0.0
2026-09-16 02:00:00-03:00,SECO,7,38228.02055255151,57.31,17.17890828072781,0.0,2,0,0,0,0,0,0,0.0
2026-09-16 03:00:00-03:00,N,1,9382.498992287326,57.31,26.703783783783784,0.0,2,0,0,0,0,0,0,0.0
2026-09-16 03:00:00-03:00,N,7,9266.035782233,57.31,26.53963963963964,0.0,2,0,0,0,0,0,0,0.0
2026-09-16 03:00:00-03:00,NE,1,14242.7112277564,57.31,24.61555555555556,0.0,2,0,0,0,0,0,0,0.0654
2026-09-16 03:00:00-03:00,NE,7,14072.25337941542,57.31,24.72599033816425,0.0,2,0,0,0,0,0,0,0.0654
2026-09-16 03:00:00-03:00,S,1,10275.531021808853,57.31,11.193406593406593,0.0,2,0,0,0,0,0,0,0.0
2026-09-16 03:00:00-03:00,S,7,10123.44739538842,57.31,9.196153846153846,0.0,2,0,0,0,0,0,0,0.0
2026-09-16 03:00:00-03:00,SECO,1,35618.1975328064,57.31,17.05930189379874,0.0,2,0,0,0,0,0,0,0.0
2026-09-16 03:00:00-03:00,SECO,7,37816.40198180368,57.31,17.12116598588934,0.0,2,0,0,0,0,0,0,0.0
2026-09-16 04:00:00-03:00,N,1,9244.15319110896,57.31,26.41027027027027,0.0,2,0,0,0,0,0,0,0.0
2026-09-16 04:00:00-03:00,N,7,9148.020546289346,57.31,26.720360360360363,0.0,2,0,0,0,0,0,0,0.0
2026-09-16 04:00:00-03:00,NE,1,14166.75489704905,57.31,24.47526570048309,0.0,2,0,0,0,0,0,0,0.0654
2026-09-16 04:00:00-03:00,NE,7,13925.46083223853,57.31,25.01652173913044,0.0,2,0,0,0,0,0,0,0.0654
2026-09-16 04:00:00-03:00,S,1,10452.374641538536,57.31,10.674725274725274,0.0,2,0,0,0,0,0,0,0.0
2026-09-16 04:00:00-03:00,S,7,10169.661783412152,57.31,9.357142857142858,0.0,2,0,0,0,0,0,0,0.0
2026-09-16 04:00:00-03:00,SECO,1,36145.75024278626,57.31,16.981247679168213,0.0,2,0,0,0,0,0,0,0.0
2026-09-16 04:00:00-03:00,SECO,7,38196.803129593005,57.31,17.262606758262162,0.0,2,0,0,0,0,0,0,0.0
2026-09-16 05:00:00-03:00,N,1,9073.08189111114,124.95,26.412972972972973,0.1873873873873874,2,0,0,0,0,0,0,0.0
2026-09-16 05:00:00-03:00,N,7,8979.514025312103,124.95,27.060180180180183,0.0,2,0,0,0,0,0,0,0.0
2026-09-16 05:00:00-03:00,NE,1,13922.106493919367,124.94,24.27806763285024,19.181642512077296,2,0,0,0,0,0,0,0.0654
2026-09-16 05:00:00-03:00,NE,7,13632.776609367304,124.94,25.61033816425121,22.08599033816425,2,0,0,0,0,0,0,0.0654
2026-09-16 05:00:00-03:00,S,1,11288.39940612558,57.31,10.722802197802196,0.0,2,0,0,0,0,0,0,0.0
2026-09-16 05:00:00-03:00,S,7,11080.27176219228,57.31,9.606043956043957,0.0,2,0,0,0,0,0,0,0.0
2026-09-16 05:00:00-03:00,SECO,1,38141.66100365632,124.94,16.84968436687709,0.376160415893056,2,0,0,0,0,0,0,0.0
2026-09-16 05:00:00-03:00,SECO,7,40317.18770983786,124.94,17.556479762346825,0.0237653174897883,2,0,0,0,0,0,0,0.0
2026-09-16 06:00:00-03:00,N,1,8600.187564714794,66.87,26.143603603603605,34.54414414414414,2,0,0,0,0,0,0,0.0
2026-09-16 06:00:00-03:00,N,7,8612.285563831552,66.87,27.55693693693694,35.36936936936937,2,0,0,0,0,0,0,0.0
2026-09-16 06:00:00-03:00,NE,1,13641.160619629072,66.86,24.43913043478261,176.23381642512078,2,0,0,0,0,0,0,0.0654
2026-09-16 06:00:00-03:00,NE,7,13340.30955091764,66.86,26.30502415458937,199.5400966183575,2,0,0,0,0,0,0,0.0654
2026-09-16 06:00:00-03:00,S,1,12747.025053435473,57.31,10.65,19.293956043956044,2,0,0,0,0,0,0,0.0
2026-09-16 06:00:00-03:00,S,7,12698.244128893108,57.31,10.06456043956044,14.10989010989011,2,0,0,0,0,0,0,0.0
2026-09-16 06:00:00-03:00,SECO,1,40986.33843646292,66.87,16.713887857408093,32.34496843668771,2,0,0,0,0,0,0,0.0
2026-09-16 06:00:00-03:00,SECO,7,43110.79543356088,66.87,17.952914964723355,42.75529149647234,2,0,0,0,0,0,0,0.0
2026-09-16 07:00:00-03:00,N,1,8710.315976000766,57.31,26.61657657657658,180.94954954954957,2,0,0,0,0,0,0,0.0
2026-09-16 07:00:00-03:00,N,7,8750.072324815814,57.31,28.10900900900901,184.4756756756757,2,0,0,0,0,0,0,0.0
2026-09-16 07:00:00-03:00,NE,1,14086.07277883864,57.31,25.673816425120776,394.1400966183575,2,0,0,0,0,0,0,0.0654
2026-09-16 07:00:00-03:00,NE,7,13696.86774068035,57.31,27.03391304347826,411.6512077294686,2,0,0,0,0,0,0,0.0654
2026-09-16 07:00:00-03:00,S,1,14244.018603115182,57.31,10.752747252747254,133.99725274725276,2,0,0,0,0,0,0,0.0
2026-09-16 07:00:00-03:00,S,7,14147.017454108036,57.31,10.537912087912089,122.4010989010989,2,0,0,0,0,0,0,0.0
2026-09-16 07:00:00-03:00,SECO,1,43790.09776663538,57.31,17.160007426661714,138.17118455254362,2,0,0,0,0,0,0,0.0
2026-09-16 07:00:00-03:00,SECO,7,46165.550137162616,57.31,18.384701076865948,179.5202376531749,2,0,0,0,0,0,0,0.0
2026-09-16 08:00:00-03:00,N,1,9383.642076521586,57.31,27.690990990990997,370.3693693693694,2,0,0,0,0,0,0,0.0
2026-09-16 08:00:00-03:00,N,7,9376.741936120085,57.31,28.665225225225228,382.6684684684685,2,0,0,0,0,0,0,0.0
2026-09-16 08:00:00-03:00,NE,1,14652.93107423036,57.31,26.76396135265701,582.2019323671498,2,0,0,0,0,0,0,0.0654
2026-09-16 08:00:00-03:00,NE,7,14528.727407398588,57.31,27.70888888888889,601.5043478260869,2,0,0,0,0,0,0,0.0654
2026-09-16 08:00:00-03:00,S,1,15195.316614870708,57.31,11.97445054945055,300.6346153846154,2,0,0,0,0,0,0,0.0
2026-09-16 08:00:00-03:00,S,7,14929.78971251002,57.31,11.081593406593408,269.23626373626377,2,0,0,0,0,0,0,0.0
2026-09-16 08:00:00-03:00,SECO,1,46504.29286266636,57.31,18.13616784255477,352.11325659116227,2,0,0,0,0,0,0,0.0
2026-09-16 08:00:00-03:00,SECO,7,49148.69933714152,57.31,18.857148161901225,252.19086520608985,2,0,0,0,0,0,0,0.0
2026-09-16 09:00:00-03:00,N,1,9910.43247842369,57.31,29.19045045045045,570.6558558558559,2,0,0,0,0,0,0,0.0
2026-09-16 09:00:00-03:00,N,7,9739.400598880397,57.31,28.84936936936937,605.8918918918919,2,0,0,0,0,0,0,0.0
2026-09-16 09:00:00-03:00,NE,1,14937.58668705991,57.31,27.87256038647343,735.9371980676328,2,0,0,0,0,0,0,0.0654
2026-09-16 09:00:00-03:00,NE,7,14932.446428436557,57.31,28.66454106280193,785.6647342995169,2,0,0,0,0,0,0,0.0654
2026-09-16 09:00:00-03:00,S,1,15298.48137236964,57.31,13.776923076923076,448.8351648351649,2,0,0,0,0,0,0,0.0
2026-09-16 09:00:00-03:00,S,7,14861.763174941134,57.31,12.057417582417582,418.3543956043956,2,0,0,0,0,0,0,0.0
2026-09-16 09:00:00-03:00,SECO,1,48196.498878358725,57.31,19.212365391756407,464.70590419606384,2,0,0,0,0,0,0,0.0
2026-09-16 09:00:00-03:00,SECO,7,50988.10930909556,57.31,19.51682138878574,383.8778314147791,2,0,0,0,0,0,0,0.0
2026-09-16 10:00:00-03:00,N,1,10207.668525927023,57.31,30.475135135135137,720.3711711711712,2,0,0,0,0,0,0,0.0
2026-09-16 10:00:00-03:00,N,7,10013.118439061112,57.31,29.510990990990997,758.4378378378378,2,0,0,0,0,0,0,0.0
2026-09-16 10:00:00-03:00,NE,1,15438.79491919717,57.31,28.53768115942029,834.7371980676329,2,0,0,0,0,0,0,0.0654
2026-09-16 10:00:00-03:00,NE,7,15323.700497645385,57.31,29.01342995169082,879.9004830917875,2,0,0,0,0,0,0,0.0654
2026-09-16 10:00:00-03:00,S,1,15278.412384500563,57.31,15.448076923076924,503.6208791208791,2,0,0,0,0,0,0,0.0
2026-09-16 10:00:00-03:00,S,7,14859.611344086965,57.31,12.671153846153846,516.7335164835165,2,0,0,0,0,0,0,0.0
2026-09-16 10:00:00-03:00,SECO,1,48876.20587546688,57.31,20.47051615298923,569.4207203861864,2,0,0,0,0,0,0,0.0
2026-09-16 10:00:00-03:00,SECO,7,52244.143630695165,57.31,19.895692536204976,462.3264017823988,2,0,0,0,0,0,0,0.0
2026-09-16 11:00:00-03:00,N,1,10348.771321817234,57.31,31.663783783783785,825.30990990991,2,0,0,0,0,0,0,0.0
2026-09-16 11:00:00-03:00,N,7,10187.55481488372,57.31,30.369189189189196,854.5765765765766,2,0,0,0,0,0,0,0.0
2026-09-16 11:00:00-03:00,NE,1,15660.371979804951,57.31,29.00260869565217,866.7004830917874,2,0,0,0,0,0,0,0.0654
2026-09-16 11:00:00-03:00,NE,7,15450.053372871564,57.31,29.265410628019325,906.8608695652174,2,0,0,0,0,0,0,0.0654
2026-09-16 11:00:00-03:00,S,1,15155.691444284774,57.31,16.511263736263736,621.8131868131868,2,0,0,0,0,0,0,0.0
2026-09-16 11:00:00-03:00,S,7,14819.047420551511,57.31,13.448351648351649,576.9203296703297,2,0,0,0,0,0,0,0.0
2026-09-16 11:00:00-03:00,SECO,1,49732.99680465542,57.31,21.449424433717045,658.3356851095433,2,0,0,0,0,0,0,0.0
2026-09-16 11:00:00-03:00,SECO,7,51977.86891982911,57.31,20.37916821388786,503.9034533976977,2,0,0,0,0,0,0,0.0
2026-09-16 12:00:00-03:00,N,1,10526.165354525576,57.31,32.744504504504505,907.4234234234236,2,0,0,0,0,0,0,0.0
2026-09-16 12:00:00-03:00,N,7,10460.630738718806,57.31,31.28954954954955,885.9153153153154,2,0,0,0,0,0,0,0.0
2026-09-16 12:00:00-03:00,NE,1,15537.249749454822,57.31,29.43169082125604,831.9256038647343,2,0,0,0,0,0,0,0.0654
2026-09-16 12:00:00-03:00,NE,7,15385.465480379817,57.31,29.457101449275363,864.9748792270532,2,0,0,0,0,0,0,0.0654
2026-09-16 12:00:00-03:00,S,1,14151.798000320578,57.31,17.490384615384617,726.5714285714286,2,0,0,0,0,0,0,0.0
2026-09-16 12:00:00-03:00,S,7,14191.440902363236,57.31,14.310714285714289,592.7527472527472,2,0,0,0,0,0,0,0.0
2026-09-16 12:00:00-03:00,SECO,1,48285.17629053054,57.31,22.07731154845897,624.1956925362049,2,0,0,0,0,0,0,0.0
2026-09-16 12:00:00-03:00,SECO,7,50143.52141412024,57.31,20.819606386929078,504.9123653917564,2,0,0,0,0,0,0,0.0
2026-09-16 13:00:00-03:00,N,1,10852.937621544248,57.31,33.61783783783784,846.7873873873874,2,0,0,0,0,0,0,0.0
2026-09-16 13:00:00-03:00,N,7,10819.42489602417,57.31,32.13963963963964,848.5567567567568,2,0,0,0,0,0,0,0.0
2026-09-16 13:00:00-03:00,NE,1,15736.77071327059,57.31,29.547729468599037,737.7072463768116,2,0,0,0,0,0,0,0.0654
2026-09-16 13:00:00-03:00,NE,7,15477.147540701597,57.31,29.47043478260869,757.4985507246377,2,0,0,0,0,0,0,0.0654
2026-09-16 13:00:00-03:00,S,1,14817.66092604474,57.31,18.265934065934065,764.8983516483516,2,0,0,0,0,0,0,0.0
2026-09-16 13:00:00-03:00,S,7,14666.849916991692,57.31,15.085164835164836,562.0412087912089,2,0,0,0,0,0,0,0.0
2026-09-16 13:00:00-03:00,SECO,1,50582.99625056681,57.31,22.2886372075752,552.1611585592276,2,0,0,0,0,0,0,0.0
2026-09-16 13:00:00-03:00,SECO,7,51527.991833323176,57.31,21.274823616784253,465.50946899368734,2,0,0,0,0,0,0,0.0
2026-09-16 14:00:00-03:00,N,1,11048.90002133548,57.31,33.841081081081086,691.2486486486487,2,0,0,0,0,0,0,0.0
2026-09-16 14:00:00-03:00,N,7,11027.985982916658,57.31,32.80054054054054,746.3063063063064,2,0,0,0,0,0,0,0.0
2026-09-16 14:00:00-03:00,NE,1,16398.330855851036,57.31,29.321739130434786,597.2975845410629,2,0,0,0,0,0,0,0.0654
2026-09-16 14:00:00-03:00,NE,7,16167.3803613499,57.31,29.45507246376812,593.824154589372,2,0,0,0,0,0,0,0.0654
2026-09-16 14:00:00-03:00,S,1,15229.640942116945,57.31,18.671978021978024,637.2032967032968,2,0,0,0,0,0,0,0.0
2026-09-16 14:00:00-03:00,S,7,15370.799181098992,57.31,15.562362637362638,487.9587912087912,2,0,0,0,0,0,0,0.0
2026-09-16 14:00:00-03:00,SECO,1,49982.79485191882,57.31,22.34964723356851,546.8804307463795,2,0,0,0,0,0,0,0.0
2026-09-16 14:00:00-03:00,SECO,7,51483.87671289638,57.31,21.5418121054586,389.787597474935,2,0,0,0,0,0,0,0.0
2026-09-16 15:00:00-03:00,N,1,10928.271081895324,57.31,32.71315315315316,553.6684684684685,2,0,0,0,0,0,0,0.0
2026-09-16 15:00:00-03:00,N,7,10922.670899883611,57.31,33.05135135135135,564.0792792792793,2,0,0,0,0,0,0,0.0
2026-09-16 15:00:00-03:00,NE,1,16502.51554569732,57.31,28.899323671497584,393.99710144927536,2,0,0,0,0,0,0,0.0654
2026-09-16 15:00:00-03:00,NE,7,16102.77810326033,57.31,29.292560386473436,371.4734299516908,2,0,0,0,0,0,0,0.0654
2026-09-16 15:00:00-03:00,S,1,15206.062577325883,57.31,18.8717032967033,497.93131868131866,2,0,0,0,0,0,0,0.0
2026-09-16 15:00:00-03:00,S,7,15536.835204576722,57.31,15.684065934065934,370.228021978022,2,0,0,0,0,0,0,0.0
2026-09-16 15:00:00-03:00,SECO,1,50081.52493161639,57.31,22.826884515410324,411.9034533976977,2,0,0,0,0,0,0,0.0
2026-09-16 15:00:00-03:00,SECO,7,51107.30799883234,57.31,21.64697363535091,263.20757519494987,2,0,0,0,0,0,0,0.0
2026-09-16 16:00:00-03:00,N,1,10585.790465438497,139.46,32.53567567567568,380.754954954955,2,0,0,0,0,0,0,0.0
2026-09-16 16:00:00-03:00,N,7,10545.434014018749,139.46,32.866306306306306,379.009009009009,2,0,0,0,0,0,0,0.0
2026-09-16 16:00:00-03:00,NE,1,16468.871844910733,139.45,28.31729468599034,160.53526570048308,2,0,0,0,0,0,0,0.0654
2026-09-16 16:00:00-03:00,NE,7,16009.143329121043,139.45,29.001642512077296,158.7768115942029,2,0,0,0,0,0,0,0.0654
2026-09-16 16:00:00-03:00,S,1,15617.106081595786,57.31,17.50879120879121,294.48626373626377,2,0,0,0,0,0,0,0.0
2026-09-16 16:00:00-03:00,S,7,15828.54195803116,57.31,15.350274725274726,232.1703296703297,2,0,0,0,0,0,0,0.0
2026-09-16 16:00:00-03:00,SECO,1,49351.14879383417,139.45,21.81425919049387,227.1314519123654,2,0,0,0,0,0,0,0.0
2026-09-16 16:00:00-03:00,SECO,7,50825.04338729786,139.45,21.478425547716306,156.23319717786853,2,0,0,0,0,0,0,0.0
2026-09-16 17:00:00-03:00,N,1,10055.707956853605,185.79,32.22918918918919,166.14954954954956,2,0,0,0,0,0,0,0.0
2026-09-16 17:00:00-03:00,N,7,9961.662692389227,185.79,32.39009009009009,172.98198198198202,2,0,0,0,0,0,0,0.0
2026-09-16 17:00:00-03:00,NE,1,16041.6775073934,185.78,27.707729468599037,11.417391304347827,2,0,0,0,0,0,0,0.0654
2026-09-16 17:00:00-03:00,NE,7,15760.74458763905,185.78,28.558357487922702,9.61352657004831,2,0,0,0,0,0,0,0.0654
2026-09-16 17:00:00-03:00,S,1,16093.489190025912,185.78,15.715934065934066,89.86263736263737,2,0,0,0,0,0,0,0.0
2026-09-16 17:00:00-03:00,S,7,15967.179542846532,185.78,14.546153846153846,78.61538461538461,2,0,0,0,0,0,0,0.0
2026-09-16 17:00:00-03:00,SECO,1,49928.539855019706,185.79,21.00207946528036,61.66282955811363,2,0,0,0,0,0,0,0.0
2026-09-16 17:00:00-03:00,SECO,7,50753.66845805746,185.79,21.11849238767174,47.89417007055329,2,0,0,0,0,0,0,0.0
2026-09-16 18:00:00-03:00,N,1,9817.77492862814,422.48,31.400360360360363,26.419819819819818,2,0,0,0,0,0,0,0.0
2026-09-16 18:00:00-03:00,N,7,9627.462140003556,422.48,31.63153153153153,29.241441441441445,2,0,0,0,0,0,0,0.0
2026-09-16 18:00:00-03:00,NE,1,16814.6183655312,422.47,27.0368115942029,0.0,2,0,0,0,0,0,0,0.0654
2026-09-16 18:00:00-03:00,NE,7,16553.495553779772,422.47,28.01275362318841,0.0,2,0,0,0,0,0,0,0.0654
2026-09-16 18:00:00-03:00,S,1,17271.25234176659,422.47,14.055494505494504,1.5824175824175826,2,0,0,0,0,0,0,0.0
2026-09-16 18:00:00-03:00,S,7,17114.902907850672,422.47,13.471703296703296,0.3653846153846154,2,0,0,0,0,0,0,0.0
2026-09-16 18:00:00-03:00,SECO,1,52788.06663129044,422.48,19.864909023393984,3.9142220571852953,2,0,0,0,0,0,0,0.0
2026-09-16 18:00:00-03:00,SECO,7,53871.69458596159,422.48,20.633791310805798,4.334571110285927,2,0,0,0,0,0,0,0.0
2026-09-16 19:00:00-03:00,N,1,9993.468652173991,343.97,30.495135135135136,0.0,2,0,0,0,0,0,0,0.0
2026-09-16 19:00:00-03:00,N,7,9875.466439017311,343.97,30.834774774774772,0.0,2,0,0,0,0,0,0,0.0
2026-09-16 19:00:00-03:00,NE,1,16778.370825399154,343.96,26.83024154589372,0.0,2,0,0,0,0,0,0,0.0654
2026-09-16 19:00:00-03:00,NE,7,16307.17188483469,343.96,27.42830917874396,0.0,2,0,0,0,0,0,0,0.0654
2026-09-16 19:00:00-03:00,S,1,17499.053973832622,343.97,12.881043956043955,0.0,2,0,0,0,0,0,0,0.0
2026-09-16 19:00:00-03:00,S,7,17301.523604952847,343.97,12.397252747252749,0.0,2,0,0,0,0,0,0,0.0
2026-09-16 19:00:00-03:00,SECO,1,52929.12077053294,343.97,18.98425547716301,0.1240252506498328,2,0,0,0,0,0,0,0.0
2026-09-16 19:00:00-03:00,SECO,7,53878.1754889069,343.97,20.09910880059413,0.0935759376160415,2,0,0,0,0,0,0,0.0
2026-09-16 20:00:00-03:00,N,1,10171.922262234337,203.97,29.52630630630631,0.0,2,0,0,0,0,0,0,0.0
2026-09-16 20:00:00-03:00,N,7,10081.548701306256,203.97,30.043783783783788,0.0,2,0,0,0,0,0,0,0.0
2026-09-16 20:00:00-03:00,NE,1,16732.88927478496,203.96,26.660772946859904,0.0,2,0,0,0,0,0,0,0.0654
2026-09-16 20:00:00-03:00,NE,7,16246.18913126145,203.96,26.89594202898551,0.0,2,0,0,0,0,0,0,0.0654
2026-09-16 20:00:00-03:00,S,1,16877.70254517044,203.96,12.318681318681318,0.0,2,0,0,0,0,0,0,0.0
2026-09-16 20:00:00-03:00,S,7,16676.838789842936,203.96,11.356593406593408,0.0,2,0,0,0,0,0,0,0.0
2026-09-16 20:00:00-03:00,SECO,1,51811.67241093093,203.97,18.481359079093945,0.0,2,0,0,0,0,0,0,0.0
2026-09-16 20:00:00-03:00,SECO,7,53448.03126058756,203.97,19.586594875603417,0.0,2,0,0,0,0,0,0,0.0
2026-09-16 21:00:00-03:00,N,1,10411.812666322268,177.51,29.166486486486487,0.0,2,0,0,0,0,0,0,0.0
2026-09-16 21:00:00-03:00,N,7,10335.707822093877,177.51,30.05243243243244,0.0,2,0,0,0,0,0,0,0.0
2026-09-16 21:00:00-03:00,NE,1,17184.56855390479,177.5,26.53584541062802,0.0,2,0,0,0,0,0,0,0.0654
2026-09-16 21:00:00-03:00,NE,7,16322.833792961716,177.5,26.35352657004831,0.0,2,0,0,0,0,0,0,0.0654
2026-09-16 21:00:00-03:00,S,1,15985.397491999516,177.5,11.761813186813187,0.0,2,0,0,0,0,0,0,0.0
2026-09-16 21:00:00-03:00,S,7,15660.361610368209,177.5,11.551098901098902,0.0,2,0,0,0,0,0,0,0.0
2026-09-16 21:00:00-03:00,SECO,1,50115.545138583,177.51,17.896917935388043,0.0,2,0,0,0,0,0,0,0.0
2026-09-16 21:00:00-03:00,SECO,7,51315.18824201069,177.51,18.836576308949127,0.0,2,0,0,0,0,0,0,0.0
2026-09-16 22:00:00-03:00,N,1,10534.762634864555,158.12,28.66846846846847,0.0,2,0,0,0,0,0,0,0.0
2026-09-16 22:00:00-03:00,N,7,10474.926605943376,158.12,29.439279279279283,0.0,2,0,0,0,0,0,0,0.0
2026-09-16 22:00:00-03:00,NE,1,17196.02718888642,158.11,26.321159420289856,0.0,2,0,0,0,0,0,0,0.0654
2026-09-16 22:00:00-03:00,NE,7,16339.616060458216,158.11,26.01729468599034,0.0,2,0,0,0,0,0,0,0.0654
2026-09-16 22:00:00-03:00,S,1,14711.900934581596,158.11,11.361538461538462,0.0,2,0,0,0,0,0,0,0.0
2026-09-16 22:00:00-03:00,S,7,14408.386197920723,158.11,10.984890109890111,0.0,2,0,0,0,0,0,0,0.0
2026-09-16 22:00:00-03:00,SECO,1,46892.18356197721,158.12,17.75755662829558,0.0,2,0,0,0,0,0,0,0.0
2026-09-16 22:00:00-03:00,SECO,7,48323.807758545314,158.12,18.41024879316747,0.0,2,0,0,0,0,0,0,0.0
2026-09-16 23:00:00-03:00,N,1,10439.921323763738,149.64,28.23891891891892,0.0,2,0,0,0,0,0,0,0.0
2026-09-16 23:00:00-03:00,N,7,10414.138916680686,149.64,28.78954954954955,0.0,2,0,0,0,0,0,0,0.0
2026-09-16 23:00:00-03:00,NE,1,16426.986664577187,149.63,25.954685990338163,0.0,2,0,0,0,0,0,0,0.0654
2026-09-16 23:00:00-03:00,NE,7,15605.66155825788,149.63,25.668115942028987,0.0,2,0,0,0,0,0,0,0.0654
2026-09-16 23:00:00-03:00,S,1,12992.53555804692,137.09,10.817032967032969,0.0,2,0,0,0,0,0,0,0.0
2026-09-16 23:00:00-03:00,S,7,12824.264637054885,137.09,10.637637362637363,0.0,2,0,0,0,0,0,0,0.0
2026-09-16 23:00:00-03:00,SECO,1,43060.73769140345,149.63,17.58314147790568,0.0,2,0,0,0,0,0,0,0.0
2026-09-16 23:00:00-03:00,SECO,7,44736.28513413155,149.63,18.027515781656145,0.0,2,0,0,0,0,0,0,0.0
2026-09-17 00:00:00-03:00,N,1,10244.670749957331,68.02,27.88684684684685,0.0,3,0,0,0,0,0,0,0.0
2026-09-17 00:00:00-03:00,N,7,10170.2550262661,68.02,28.13225225225225,0.0,3,0,0,0,0,0,0,0.0
2026-09-17 00:00:00-03:00,NE,1,16015.084615363634,68.01,25.777004830917875,0.0,3,0,0,0,0,0,0,0.0
2026-09-17 00:00:00-03:00,NE,7,15253.824692366114,68.01,25.366666666666667,0.0,3,0,0,0,0,0,0,0.0
2026-09-17 00:00:00-03:00,S,1,11333.119940123535,57.31,10.598351648351647,0.0,3,0,0,0,0,0,0,0.0
2026-09-17 00:00:00-03:00,S,7,11476.936342796706,57.31,10.494505494505496,0.0,3,0,0,0,0,0,0,0.0
2026-09-17 00:00:00-03:00,SECO,1,39410.61459603274,68.02,17.386334942443373,0.0,3,0,0,0,0,0,0,0.0
2026-09-17 00:00:00-03:00,SECO,7,40479.15267798556,68.02,17.75425176383216,0.0,3,0,0,0,0,0,0,0.0
2026-09-17 01:00:00-03:00,N,1,9976.082525598438,57.31,27.604144144144144,0.0,3,0,0,0,0,0,0,0.0
2026-09-17 01:00:00-03:00,N,7,9883.876416747018,57.31,27.58054054054054,0.0,3,0,0,0,0,0,0,0.0
2026-09-17 01:00:00-03:00,NE,1,15400.5768470588,57.31,25.4784541062802,0.0,3,0,0,0,0,0,0,0.0
2026-09-17 01:00:00-03:00,NE,7,14823.91169150964,57.31,25.137777777777774,0.0,3,0,0,0,0,0,0,0.0
2026-09-17 01:00:00-03:00,S,1,10500.659392555832,57.31,10.506593406593408,0.0,3,0,0,0,0,0,0,0.0
2026-09-17 01:00:00-03:00,S,7,10661.864964079685,57.31,10.432417582417584,0.0,3,0,0,0,0,0,0,0.0
2026-09-17 01:00:00-03:00,SECO,1,37194.42375431187,57.31,17.191162272558483,0.0,3,0,0,0,0,0,0,0.0
2026-09-17 01:00:00-03:00,SECO,7,38305.20325066081,57.31,17.572818418121056,0.0,3,0,0,0,0,0,0,0.0
2026-09-17 02:00:00-03:00,N,1,9737.142877217197,57.31,27.083063063063065,0.0,3,0,0,0,0,0,0,0.0
2026-09-17 02:00:00-03:00,N,7,9606.687697467394,57.31,27.204144144144145,0.0,3,0,0,0,0,0,0,0.0
2026-09-17 02:00:00-03:00,NE,1,14934.65492256842,57.31,25.240676328502417,0.0,3,0,0,0,0,0,0,0.0
2026-09-17 02:00:00-03:00,NE,7,14504.757652373124,57.31,25.03062801932367,0.0,3,0,0,0,0,0,0,0.0
2026-09-17 02:00:00-03:00,S,1,10020.06888667735,57.31,10.417582417582418,0.0,3,0,0,0,0,0,0,0.0
2026-09-17 02:00:00-03:00,S,7,10223.446562588946,57.31,10.53379120879121,0.0,3,0,0,0,0,0,0,0.0
2026-09-17 02:00:00-03:00,SECO,1,36256.00347898494,57.31,17.112551058299292,0.0,3,0,0,0,0,0,0,0.0
2026-09-17 02:00:00-03:00,SECO,7,37245.9926019745,57.31,17.46817675454883,0.0,3,0,0,0,0,0,0,0.0
2026-09-17 03:00:00-03:00,N,1,9429.256838184616,57.31,27.002342342342345,0.0,3,0,0,0,0,0,0,0.0
2026-09-17 03:00:00-03:00,N,7,9357.729411976,57.31,27.031891891891892,0.0,3,0,0,0,0,0,0,0.0
2026-09-17 03:00:00-03:00,NE,1,14693.174840062204,57.31,25.15410628019324,0.0,3,0,0,0,0,0,0,0.0
2026-09-17 03:00:00-03:00,NE,7,14296.46464818001,57.31,25.074202898550723,0.0,3,0,0,0,0,0,0,0.0
2026-09-17 03:00:00-03:00,S,1,9899.99523562646,57.31,10.01510989010989,0.0,3,0,0,0,0,0,0,0.0
2026-09-17 03:00:00-03:00,S,7,10055.569184092848,57.31,10.682417582417584,0.0,3,0,0,0,0,0,0,0.0
2026-09-17 03:00:00-03:00,SECO,1,35839.81641641809,57.31,17.012996658002226,0.0,3,0,0,0,0,0,0,0.0
2026-09-17 03:00:00-03:00,SECO,7,36822.89080627784,57.31,17.46331229112514,0.0,3,0,0,0,0,0,0,0.0
2026-09-17 04:00:00-03:00,N,1,9313.778590722894,57.31,26.834594594594595,0.0,3,0,0,0,0,0,0,0.0
2026-09-17 04:00:00-03:00,N,7,9216.827770613105,57.31,27.119639639639644,0.0,3,0,0,0,0,0,0,0.0
2026-09-17 04:00:00-03:00,NE,1,14551.85743210049,57.31,25.089082125603863,0.0,3,0,0,0,0,0,0,0.0
2026-09-17 04:00:00-03:00,NE,7,14103.808984985351,57.31,25.34386473429952,0.0,3,0,0,0,0,0,0,0.0
2026-09-17 04:00:00-03:00,S,1,10003.227854485069,57.31,9.85412087912088,0.0,3,0,0,0,0,0,0,0.0
2026-09-17 04:00:00-03:00,S,7,10308.965429418298,57.31,11.026923076923078,0.0,3,0,0,0,0,0,0,0.0
2026-09-17 04:00:00-03:00,SECO,1,36209.695594573815,57.31,16.8488303007798,0.0,3,0,0,0,0,0,0,0.0
2026-09-17 04:00:00-03:00,SECO,7,37180.40184313721,57.31,17.609840326773114,0.0,3,0,0,0,0,0,0,0.0
2026-09-17 05:00:00-03:00,N,1,9124.550680812015,57.31,26.605945945945948,0.1873873873873874,3,0,0,0,0,0,0,0.0
2026-09-17 05:00:00-03:00,N,7,9067.906822979858,57.31,27.405585585585587,0.0,3,0,0,0,0,0,0,0.0
2026-09-17 05:00:00-03:00,NE,1,14185.787328788549,57.31,25.09256038647343,21.432850241545893,3,0,0,0,0,0,0,0.0
2026-09-17 05:00:00-03:00,NE,7,13709.962883510972,57.31,25.820579710144926,20.47342995169082,3,0,0,0,0,0,0,0.0
2026-09-17 05:00:00-03:00,S,1,10800.506408232362,57.31,9.726923076923075,0.0,3,0,0,0,0,0,0,0.0
2026-09-17 05:00:00-03:00,S,7,11047.37255948361,57.31,11.46043956043956,0.0,3,0,0,0,0,0,0,0.0
2026-09-17 05:00:00-03:00,SECO,1,38017.36538604877,57.31,16.734571110285927,0.0118826587448941,3,0,0,0,0,0,0,0.0
2026-09-17 05:00:00-03:00,SECO,7,38961.62452005898,57.31,17.86799108800594,0.0475306349795766,3,0,0,0,0,0,0,0.0
2026-09-17 06:00:00-03:00,N,1,8674.685497172948,57.31,26.41747747747748,34.72072072072072,3,0,0,0,0,0,0,0.0
2026-09-17 06:00:00-03:00,N,7,8699.942907358707,57.31,27.82864864864865,38.63783783783784,3,0,0,0,0,0,0,0.0
2026-09-17 06:00:00-03:00,NE,1,14191.242330381703,57.31,25.376038647342995,185.81062801932367,3,0,0,0,0,0,0,0.0
2026-09-17 06:00:00-03:00,NE,7,13689.069008436702,57.31,26.409661835748796,190.66376811594205,3,0,0,0,0,0,0,0.0
2026-09-17 06:00:00-03:00,S,1,12311.610590982054,57.31,9.6728021978022,20.942307692307693,3,0,0,0,0,0,0,0.0
2026-09-17 06:00:00-03:00,S,7,12650.011062341762,57.31,12.057417582417582,22.95604395604396,3,0,0,0,0,0,0,0.0
2026-09-17 06:00:00-03:00,SECO,1,40692.073196607846,57.31,16.698106201262533,32.28741180839213,3,0,0,0,0,0,0,0.0
2026-09-17 06:00:00-03:00,SECO,7,41566.58803574917,57.31,18.22046045302637,35.3821017452655,3,0,0,0,0,0,0,0.0
2026-09-17 07:00:00-03:00,N,1,8835.935831706209,57.31,26.91531531531532,181.90450450450453,3,0,0,0,0,0,0,0.0
2026-09-17 07:00:00-03:00,N,7,8785.679083763407,57.31,28.392972972972977,191.2720720720721,3,0,0,0,0,0,0,0.0
2026-09-17 07:00:00-03:00,NE,1,14827.741141346212,57.31,26.45188405797101,411.0231884057971,3,0,0,0,0,0,0,0.0
2026-09-17 07:00:00-03:00,NE,7,14320.33856350411,57.31,26.9887922705314,397.99903381642514,3,0,0,0,0,0,0,0.0
2026-09-17 07:00:00-03:00,S,1,13821.364853379771,57.31,9.99423076923077,160.2335164835165,3,0,0,0,0,0,0,0.0
2026-09-17 07:00:00-03:00,S,7,14052.462148513105,57.31,12.742307692307692,171.4587912087912,3,0,0,0,0,0,0,0.0
2026-09-17 07:00:00-03:00,SECO,1,42724.6168722954,57.31,17.032751578165612,144.20089119940587,3,0,0,0,0,0,0,0.0
2026-09-17 07:00:00-03:00,SECO,7,43827.45147557955,57.31,18.620943186037877,149.95024136650576,3,0,0,0,0,0,0,0.0
2026-09-17 08:00:00-03:00,N,1,9434.248865395131,57.31,28.12612612612613,394.9243243243244,3,0,0,0,0,0,0,0.0
2026-09-17 08:00:00-03:00,N,7,9430.670770225968,57.31,29.001621621621624,408.3801801801802,3,0,0,0,0,0,0,0.0
2026-09-17 08:00:00-03:00,NE,1,15712.40154498877,57.31,27.34454106280193,609.1381642512077,3,0,0,0,0,0,0,0.0
2026-09-17 08:00:00-03:00,NE,7,15032.356417739744,57.31,27.56386473429952,588.7149758454107,3,0,0,0,0,0,0,0.0
2026-09-17 08:00:00-03:00,S,1,14649.488209468062,57.31,11.475274725274726,378.25549450549454,3,0,0,0,0,0,0,0.0
2026-09-17 08:00:00-03:00,S,7,14872.715814005878,57.31,13.534065934065934,322.5604395604396,3,0,0,0,0,0,0,0.0
2026-09-17 08:00:00-03:00,SECO,1,44723.02445722112,57.31,17.866431489045674,304.0816932788711,3,0,0,0,0,0,0,0.0
2026-09-17 08:00:00-03:00,SECO,7,45956.05082073224,57.31,19.11685852209432,281.61529892313405,3,0,0,0,0,0,0,0.0
2026-09-17 09:00:00-03:00,N,1,9986.18989869995,57.31,29.2545945945946,568.945945945946,3,0,0,0,0,0,0,0.0
2026-09-17 09:00:00-03:00,N,7,9976.56995872748,57.31,29.695135135135136,603.0342342342343,3,0,0,0,0,0,0,0.0
2026-09-17 09:00:00-03:00,NE,1,15919.524978290689,57.31,28.40734299516908,744.7961352657005,3,0,0,0,0,0,0,0.0
2026-09-17 09:00:00-03:00,NE,7,15309.857539076447,57.31,28.452270531400966,786.127536231884,3,0,0,0,0,0,0,0.0
2026-09-17 09:00:00-03:00,S,1,14555.223514755113,57.31,13.333241758241758,606.3791208791209,3,0,0,0,0,0,0,0.0
2026-09-17 09:00:00-03:00,S,7,14872.34471299126,57.31,11.421153846153846,583.7939560439561,3,0,0,0,0,0,0,0.0
2026-09-17 09:00:00-03:00,SECO,1,46106.59806351128,57.31,19.247901968065356,455.3483104344597,3,0,0,0,0,0,0,0.0
2026-09-17 09:00:00-03:00,SECO,7,46236.45723279301,57.31,18.434608243594504,495.8488674340884,3,0,0,0,0,0,0,0.0
2026-09-17 10:00:00-03:00,N,1,10347.967735580603,57.31,30.681801801801804,740.10990990991,3,0,0,0,0,0,0,0.0
2026-09-17 10:00:00-03:00,N,7,10304.869213945933,57.31,30.380360360360363,746.8522522522522,3,0,0,0,0,0,0,0.0
2026-09-17 10:00:00-03:00,NE,1,16165.205280793492,57.31,29.11072463768116,889.3294685990338,3,0,0,0,0,0,0,0.0
2026-09-17 10:00:00-03:00,NE,7,15589.315415107254,57.31,28.761835748792272,885.9555555555555,3,0,0,0,0,0,0,0.0
2026-09-17 10:00:00-03:00,S,1,15573.805907599111,57.31,15.170054945054948,768.7417582417582,3,0,0,0,0,0,0,0.0
2026-09-17 10:00:00-03:00,S,7,15425.315710698736,57.31,12.51868131868132,736.6565934065934,3,0,0,0,0,0,0,0.0
2026-09-17 10:00:00-03:00,SECO,1,48189.482031823936,57.31,20.525510582992947,540.6201262532492,3,0,0,0,0,0,0,0.0
2026-09-17 10:00:00-03:00,SECO,7,48276.86800394958,57.31,19.063572224285185,604.3223171184552,3,0,0,0,0,0,0,0.0
2026-09-17 11:00:00-03:00,N,1,10627.923920858564,57.31,31.85351351351352,866.2684684684685,3,0,0,0,0,0,0,0.0
2026-09-17 11:00:00-03:00,N,7,10610.806773508071,57.31,31.320900900900902,835.8684684684684,3,0,0,0,0,0,0,0.0
2026-09-17 11:00:00-03:00,NE,1,16306.276714168693,57.31,29.52473429951691,955.2367149758454,3,0,0,0,0,0,0,0.0
2026-09-17 11:00:00-03:00,NE,7,15717.999495366092,57.31,28.994396135265703,919.1111111111112,3,0,0,0,0,0,0,0.0
2026-09-17 11:00:00-03:00,S,1,15862.24985110129,57.31,16.728571428571428,847.7115384615385,3,0,0,0,0,0,0,0.0
2026-09-17 11:00:00-03:00,S,7,15725.980435582584,57.31,13.993406593406592,833.4093406593407,3,0,0,0,0,0,0,0.0
2026-09-17 11:00:00-03:00,SECO,1,49590.65554801396,57.31,21.87604901596732,578.6071295952469,3,0,0,0,0,0,0,0.0
2026-09-17 11:00:00-03:00,SECO,7,49167.10522393463,57.31,19.90995172669885,663.0252506498329,3,0,0,0,0,0,0,0.0
2026-09-17 12:00:00-03:00,N,1,10785.111267777367,57.31,33.03009009009009,928.664864864865,3,0,0,0,0,0,0,0.0
2026-09-17 12:00:00-03:00,N,7,10766.900999788606,57.31,32.20576576576577,862.5639639639639,3,0,0,0,0,0,0,0.0
2026-09-17 12:00:00-03:00,NE,1,15959.90005302347,57.31,29.908599033816422,907.2908212560388,3,0,0,0,0,0,0,0.0
2026-09-17 12:00:00-03:00,NE,7,15244.93979231278,57.31,29.102028985507246,881.864734299517,3,0,0,0,0,0,0,0.0
2026-09-17 12:00:00-03:00,S,1,14534.145426352768,57.31,17.873626373626372,869.0054945054945,3,0,0,0,0,0,0,0.0
2026-09-17 12:00:00-03:00,S,7,14783.035603514532,57.31,15.538461538461538,864.3791208791208,3,0,0,0,0,0,0,0.0
2026-09-17 12:00:00-03:00,SECO,1,49796.67944225433,57.31,22.52020051986632,537.1529892313405,3,0,0,0,0,0,0,0.0
2026-09-17 12:00:00-03:00,SECO,7,49040.066110308326,57.31,20.775826216115856,664.8726327515782,3,0,0,0,0,0,0,0.0
2026-09-17 13:00:00-03:00,N,1,11105.232353499365,57.31,33.87981981981982,873.9873873873873,3,0,0,0,0,0,0,0.0
2026-09-17 13:00:00-03:00,N,7,11064.13094242284,57.31,33.09567567567568,825.428828828829,3,0,0,0,0,0,0,0.0
2026-09-17 13:00:00-03:00,NE,1,16004.513872183255,57.31,29.785217391304347,787.8743961352657,3,0,0,0,0,0,0,0.0
2026-09-17 13:00:00-03:00,NE,7,15351.487414294805,57.31,29.177004830917877,777.0434782608695,3,0,0,0,0,0,0,0.0
2026-09-17 13:00:00-03:00,S,1,14843.819966469058,57.31,18.752472527472527,816.445054945055,3,0,0,0,0,0,0,0.0
2026-09-17 13:00:00-03:00,S,7,15277.480456899702,57.31,16.96868131868132,822.9725274725275,3,0,0,0,0,0,0,0.0
2026-09-17 13:00:00-03:00,SECO,1,49916.6003390923,57.31,22.33497957668028,461.1240252506498,3,0,0,0,0,0,0,0.0
2026-09-17 13:00:00-03:00,SECO,7,49700.42840747476,57.31,21.569216487189006,609.4738210174527,3,0,0,0,0,0,0,0.0
2026-09-17 14:00:00-03:00,N,1,11225.349819453111,57.31,34.04414414414414,768.8990990990992,3,0,0,0,0,0,0,0.0
2026-09-17 14:00:00-03:00,N,7,11243.919417610216,57.31,33.66522522522523,727.9243243243244,3,0,0,0,0,0,0,0.0
2026-09-17 14:00:00-03:00,NE,1,16385.451615706745,57.31,29.547826086956523,579.4115942028986,3,0,0,0,0,0,0,0.0
2026-09-17 14:00:00-03:00,NE,7,15704.740669242,57.31,29.14202898550725,613.1739130434783,3,0,0,0,0,0,0,0.0
2026-09-17 14:00:00-03:00,S,1,14948.918385216151,57.31,19.306868131868136,676.7582417582418,3,0,0,0,0,0,0,0.0
2026-09-17 14:00:00-03:00,S,7,15552.984336310708,57.31,17.977197802197804,713.217032967033,3,0,0,0,0,0,0,0.0
2026-09-17 14:00:00-03:00,SECO,1,50169.76254062336,57.31,22.17983661344225,374.9877460081693,3,0,0,0,0,0,0,0.0
2026-09-17 14:00:00-03:00,SECO,7,50356.16317787434,57.31,22.11852952098032,504.4251763832157,3,0,0,0,0,0,0,0.0
2026-09-17 15:00:00-03:00,N,1,11184.656998312912,57.31,33.36450450450451,592.8396396396397,3,0,0,0,0,0,0,0.0
2026-09-17 15:00:00-03:00,N,7,11204.285473084616,57.31,33.96738738738739,563.1423423423424,3,0,0,0,0,0,0,0.0
2026-09-17 15:00:00-03:00,NE,1,16464.429224064657,57.31,28.94792270531401,375.09371980676326,3,0,0,0,0,0,0,0.0
2026-09-17 15:00:00-03:00,NE,7,15976.589777404755,57.31,29.006666666666668,391.3014492753623,3,0,0,0,0,0,0,0.0
2026-09-17 15:00:00-03:00,S,1,15387.06734424423,57.31,20.00274725274725,502.18956043956047,3,0,0,0,0,0,0,0.0
2026-09-17 15:00:00-03:00,S,7,15749.525212604854,57.31,18.40576923076923,522.6813186813187,3,0,0,0,0,0,0,0.0
2026-09-17 15:00:00-03:00,SECO,1,49433.03457770853,57.31,22.51437059041961,273.9209060527293,3,0,0,0,0,0,0,0.0
2026-09-17 15:00:00-03:00,SECO,7,49796.44198591058,57.31,22.30118826587449,322.9970293353137,3,0,0,0,0,0,0,0.0
2026-09-17 16:00:00-03:00,N,1,10826.653361189885,75.24,32.8209009009009,392.4432432432433,3,0,0,0,0,0,0,0.0
2026-09-17 16:00:00-03:00,N,7,10850.692895003143,75.24,33.81189189189189,379.4558558558559,3,0,0,0,0,0,0,0.0
2026-09-17 16:00:00-03:00,NE,1,16602.54189309596,75.24,28.21816425120773,142.7826086956522,3,0,0,0,0,0,0,0.0
2026-09-17 16:00:00-03:00,NE,7,16108.52376557248,75.24,28.696618357487925,167.42995169082127,3,0,0,0,0,0,0,0.0
2026-09-17 16:00:00-03:00,S,1,15779.697838489335,75.23,19.21813186813187,306.36538461538464,3,0,0,0,0,0,0,0.0
2026-09-17 16:00:00-03:00,S,7,15951.776849049898,75.23,17.927472527472528,325.2664835164835,3,0,0,0,0,0,0,0.0
2026-09-17 16:00:00-03:00,SECO,1,50096.64180288349,75.24,22.017044188637207,148.98106201262533,3,0,0,0,0,0,0,0.0
2026-09-17 16:00:00-03:00,SECO,7,50745.59680237873,75.24,22.02020051986632,190.00148533234312,3,0,0,0,0,0,0,0.0
2026-09-17 17:00:00-03:00,N,1,10288.08302238075,178.5,32.33837837837838,161.16036036036036,3,0,0,0,0,0,0,0.0
2026-09-17 17:00:00-03:00,N,7,10277.511444748012,178.5,33.351711711711715,174.2774774774775,3,0,0,0,0,0,0,0.0
2026-09-17 17:00:00-03:00,NE,1,16125.658596620537,178.49,27.51574879227053,9.982608695652177,3,0,0,0,0,0,0,0.0
2026-09-17 17:00:00-03:00,NE,7,15722.751527654642,178.49,28.253526570048308,9.746859903381644,3,0,0,0,0,0,0,0.0
2026-09-17 17:00:00-03:00,S,1,16145.894035918069,178.49,17.51043956043956,95.23076923076924,3,0,0,0,0,0,0,0.0
2026-09-17 17:00:00-03:00,S,7,16207.270607587629,178.49,16.89093406593407,108.47252747252747,3,0,0,0,0,0,0,0.0
2026-09-17 17:00:00-03:00,SECO,1,49810.67590366734,178.5,21.175677682881545,42.44448570367619,3,0,0,0,0,0,0,0.0
2026-09-17 17:00:00-03:00,SECO,7,50729.00517070996,178.5,21.29424433717044,55.68065354623097,3,0,0,0,0,0,0,0.0
2026-09-17 18:00:00-03:00,N,1,10000.876676867694,237.29,31.37603603603604,24.196396396396395,3,0,0,0,0,0,0,0.0
2026-09-17 18:00:00-03:00,N,7,9918.344444748012,237.29,32.642162162162165,29.390990990990996,3,0,0,0,0,0,0,0.0
2026-09-17 18:00:00-03:00,NE,1,16499.605076590386,237.28,26.910531400966185,0.0,3,0,0,0,0,0,0,0.0
2026-09-17 18:00:00-03:00,NE,7,16110.025443983335,237.28,27.675555555555555,0.0,3,0,0,0,0,0,0,0.0
2026-09-17 18:00:00-03:00,S,1,17070.790485950303,237.27,15.30054945054945,1.5824175824175826,3,0,0,0,0,0,0,0.0
2026-09-17 18:00:00-03:00,S,7,17227.88894712082,237.27,15.381318681318682,0.3653846153846154,3,0,0,0,0,0,0,0.0
2026-09-17 18:00:00-03:00,SECO,1,52307.05338651292,237.28,20.127775714816188,3.642034905310063,3,0,0,0,0,0,0,0.0
2026-09-17 18:00:00-03:00,SECO,7,52717.07886896068,237.28,20.380653546230967,4.513553657630895,3,0,0,0,0,0,0,0.0
2026-09-17 19:00:00-03:00,N,1,10207.13931881987,214.82,30.541081081081085,0.0,3,0,0,0,0,0,0,0.0
2026-09-17 19:00:00-03:00,N,7,10166.055783191596,214.82,31.848108108108107,0.0,3,0,0,0,0,0,0,0.0
2026-09-17 19:00:00-03:00,NE,1,16482.486034280955,214.81,26.722995169082125,0.0,3,0,0,0,0,0,0,0.0
2026-09-17 19:00:00-03:00,NE,7,16031.61914594266,214.81,27.12512077294686,0.0,3,0,0,0,0,0,0,0.0
2026-09-17 19:00:00-03:00,S,1,17242.212884401728,214.81,13.69478021978022,0.0,3,0,0,0,0,0,0,0.0
2026-09-17 19:00:00-03:00,S,7,17204.627603907382,214.81,13.786538461538465,0.0,3,0,0,0,0,0,0,0.0
2026-09-17 19:00:00-03:00,SECO,1,52326.94394998614,214.82,19.64730783512811,0.1240252506498328,3,0,0,0,0,0,0,0.0
2026-09-17 19:00:00-03:00,SECO,7,52709.163493736094,214.82,19.41919792053472,0.0935759376160415,3,0,0,0,0,0,0,0.0
2026-09-17 20:00:00-03:00,N,1,10437.847413750962,171.94,30.0790990990991,0.0,3,0,0,0,0,0,0,0.0
2026-09-17 20:00:00-03:00,N,7,10336.419570441349,171.94,31.083963963963967,0.0,3,0,0,0,0,0,0,0.0
2026-09-17 20:00:00-03:00,NE,1,16434.868910488905,171.93,26.51236714975845,0.0,3,0,0,0,0,0,0,0.0
2026-09-17 20:00:00-03:00,NE,7,15993.817014703238,171.93,26.551594202898556,0.0,3,0,0,0,0,0,0,0.0
2026-09-17 20:00:00-03:00,S,1,16550.8396802281,171.93,12.8728021978022,0.0,3,0,0,0,0,0,0,0.0
2026-09-17 20:00:00-03:00,S,7,16520.649781513195,171.93,12.328296703296704,0.0,3,0,0,0,0,0,0,0.0
2026-09-17 20:00:00-03:00,SECO,1,51684.33190905112,171.94,19.31930932046045,0.0,3,0,0,0,0,0,0,0.0
2026-09-17 20:00:00-03:00,SECO,7,51804.790691501374,171.94,18.54240623839584,0.0,3,0,0,0,0,0,0,0.0
2026-09-17 21:00:00-03:00,N,1,10564.73283656044,166.35,29.62594594594595,0.0,3,0,0,0,0,0,0,0.0
2026-09-17 21:00:00-03:00,N,7,10420.51368882474,166.35,29.81747747747748,0.0,3,0,0,0,0,0,0,0.0
2026-09-17 21:00:00-03:00,NE,1,16927.437375789057,166.34,26.444154589371983,0.0,3,0,0,0,0,0,0,0.0
2026-09-17 21:00:00-03:00,NE,7,16382.273523445409,166.34,26.282222222222224,0.0,3,0,0,0,0,0,0,0.0
2026-09-17 21:00:00-03:00,S,1,15504.319045532608,166.34,12.603571428571428,0.0,3,0,0,0,0,0,0,0.0
2026-09-17 21:00:00-03:00,S,7,15371.547746343493,166.34,11.932967032967031,0.0,3,0,0,0,0,0,0,0.0
2026-09-17 21:00:00-03:00,SECO,1,50310.87323295225,166.35,18.990790939472703,0.0,3,0,0,0,0,0,0,0.0
2026-09-17 21:00:00-03:00,SECO,7,50228.91071303158,166.35,18.683921277385814,0.0,3,0,0,0,0,0,0,0.0
2026-09-17 22:00:00-03:00,N,1,10709.45867412152,158.73,29.183783783783788,0.0,3,0,0,0,0,0,0,0.0
2026-09-17 22:00:00-03:00,N,7,10625.782912022554,158.73,29.225585585585584,0.0,3,0,0,0,0,0,0,0.0
2026-09-17 22:00:00-03:00,NE,1,16705.50014802499,158.72,26.160386473429952,0.0,3,0,0,0,0,0,0,0.0
2026-09-17 22:00:00-03:00,NE,7,16185.22873006974,158.72,25.87410628019324,0.0,3,0,0,0,0,0,0,0.0
2026-09-17 22:00:00-03:00,S,1,14266.574991153087,158.72,12.207417582417582,0.0,3,0,0,0,0,0,0,0.0
2026-09-17 22:00:00-03:00,S,7,14321.67312922528,158.72,11.442307692307692,0.0,3,0,0,0,0,0,0,0.0
2026-09-17 22:00:00-03:00,SECO,1,47076.26958930445,158.73,18.64352023765317,0.0,3,0,0,0,0,0,0,0.0
2026-09-17 22:00:00-03:00,SECO,7,47059.81067259691,158.73,18.317378388414408,0.0,3,0,0,0,0,0,0,0.0
2026-09-17 23:00:00-03:00,N,1,10557.914279085706,152.78,28.6945945945946,0.0,3,0,0,0,0,0,0,0.0
2026-09-17 23:00:00-03:00,N,7,10516.520689273422,152.78,28.661801801801804,0.0,3,0,0,0,0,0,0,0.0
2026-09-17 23:00:00-03:00,NE,1,16105.63433866538,152.77,25.92338164251208,0.0,3,0,0,0,0,0,0,0.0
2026-09-17 23:00:00-03:00,NE,7,15610.585317830324,152.77,25.432463768115944,0.0,3,0,0,0,0,0,0,0.0
2026-09-17 23:00:00-03:00,S,1,12654.58817457267,152.35,11.946428571428571,0.0,3,0,0,0,0,0,0,0.0
2026-09-17 23:00:00-03:00,S,7,12956.915087132067,152.35,11.100274725274726,0.0,3,0,0,0,0,0,0,0.0
2026-09-17 23:00:00-03:00,SECO,1,43511.1915255302,152.77,18.22695878202748,0.0,3,0,0,0,0,0,0,0.0
2026-09-17 23:00:00-03:00,SECO,7,43976.98192719743,152.77,18.01366505755663,0.0,3,0,0,0,0,0,0,0.0
2026-09-18 00:00:00-03:00,N,1,10315.314583802416,64.25,28.42882882882883,0.0,4,0,0,0,0,0,0,0.0
2026-09-18 00:00:00-03:00,N,7,10263.884030523974,64.25,28.162882882882883,0.0,4,0,0,0,0,0,0,0.0
2026-09-18 00:00:00-03:00,NE,1,15678.949387513148,64.24,25.31410628019324,0.0,4,0,0,0,0,0,0,0.0
2026-09-18 00:00:00-03:00,NE,7,15198.712656788764,64.24,25.067149758454107,0.0,4,0,0,0,0,0,0,0.0
2026-09-18 00:00:00-03:00,S,1,11554.257416630791,57.31,11.687912087912087,0.0,4,0,0,0,0,0,0,0.0
2026-09-18 00:00:00-03:00,S,7,11451.460439514478,57.31,10.879945054945056,0.0,4,0,0,0,0,0,0,0.0
2026-09-18 00:00:00-03:00,SECO,1,40281.6484026607,64.25,17.868251021165985,0.0,4,0,0,0,0,0,0,0.0
2026-09-18 00:00:00-03:00,SECO,7,40620.86643085959,64.25,17.743371704418866,0.0,4,0,0,0,0,0,0,0.0
2026-09-18 01:00:00-03:00,N,1,10079.672177550778,57.31,28.29063063063063,0.0,4,0,0,0,0,0,0,0.0
2026-09-18 01:00:00-03:00,N,7,10009.407703675994,57.31,27.6945945945946,0.0,4,0,0,0,0,0,0,0.0
2026-09-18 01:00:00-03:00,NE,1,15129.555316024682,57.31,25.08502415458937,0.0,4,0,0,0,0,0,0,0.0
2026-09-18 01:00:00-03:00,NE,7,14855.025016272626,57.31,24.750144927536237,0.0,4,0,0,0,0,0,0,0.0
2026-09-18 01:00:00-03:00,S,1,10644.791264286116,57.31,11.418956043956044,0.0,4,0,0,0,0,0,0,0.0
2026-09-18 01:00:00-03:00,S,7,10548.379824328977,57.31,10.837912087912088,0.0,4,0,0,0,0,0,0,0.0
2026-09-18 01:00:00-03:00,SECO,1,38230.01517774005,57.31,17.856516895655403,0.0,4,0,0,0,0,0,0,0.0
2026-09-18 01:00:00-03:00,SECO,7,38277.13405219694,57.31,17.581470479019682,0.0,4,0,0,0,0,0,0,0.0
2026-09-18 02:00:00-03:00,N,1,9906.887735408489,57.31,28.141441441441444,0.0,4,0,0,0,0,0,0,0.0
2026-09-18 02:00:00-03:00,N,7,9760.496400528142,57.31,27.3981981981982,0.0,4,0,0,0,0,0,0,0.0
2026-09-18 02:00:00-03:00,NE,1,14714.972723323412,57.31,24.978840579710145,0.0,4,0,0,0,0,0,0,0.0
2026-09-18 02:00:00-03:00,NE,7,14484.125697505784,57.31,24.591980676328504,0.0,4,0,0,0,0,0,0,0.0
2026-09-18 02:00:00-03:00,S,1,10159.96236185374,57.31,11.257967032967034,0.0,4,0,0,0,0,0,0,0.0
2026-09-18 02:00:00-03:00,S,7,10027.201014931876,57.31,10.898626373626374,0.0,4,0,0,0,0,0,0,0.0
2026-09-18 02:00:00-03:00,SECO,1,36951.93802404775,57.31,17.729223913850724,0.0,4,0,0,0,0,0,0,0.0
2026-09-18 02:00:00-03:00,SECO,7,37029.05901768157,57.31,17.5229112513925,0.0,4,0,0,0,0,0,0,0.0
2026-09-18 03:00:00-03:00,N,1,9591.032639662182,57.31,27.645225225225225,0.0,4,0,0,0,0,0,0,0.0
2026-09-18 03:00:00-03:00,N,7,9518.88049106486,57.31,27.296576576576577,0.0,4,0,0,0,0,0,0,0.0
2026-09-18 03:00:00-03:00,NE,1,14472.283493465722,57.31,24.67913043478261,0.0,4,0,0,0,0,0,0,0.0
2026-09-18 03:00:00-03:00,NE,7,14270.80387045047,57.31,24.617391304347827,0.0,4,0,0,0,0,0,0,0.0
2026-09-18 03:00:00-03:00,S,1,9997.510231106624,57.31,10.975549450549453,0.0,4,0,0,0,0,0,0,0.0
2026-09-18 03:00:00-03:00,S,7,9889.80839225334,57.31,10.989010989010987,0.0,4,0,0,0,0,0,0,0.0
2026-09-18 03:00:00-03:00,SECO,1,36531.59576557785,57.31,17.649610100259935,0.0,4,0,0,0,0,0,0,0.0
2026-09-18 03:00:00-03:00,SECO,7,36240.56163433383,57.31,17.568808020794652,0.0,4,0,0,0,0,0,0,0.0
2026-09-18 04:00:00-03:00,N,1,9365.375377739212,57.31,27.34576576576577,0.0,4,0,0,0,0,0,0,0.0
2026-09-18 04:00:00-03:00,N,7,9301.252483935545,57.31,27.441261261261264,0.0,4,0,0,0,0,0,0,0.0
2026-09-18 04:00:00-03:00,NE,1,14236.908059305842,57.31,24.394685990338164,0.0,4,0,0,0,0,0,0,0.0
2026-09-18 04:00:00-03:00,NE,7,14073.621472554752,57.31,24.973333333333333,0.0,4,0,0,0,0,0,0,0.0
2026-09-18 04:00:00-03:00,S,1,10163.047758680976,57.31,11.018956043956043,0.0,4,0,0,0,0,0,0,0.0
2026-09-18 04:00:00-03:00,S,7,10074.813136435778,57.31,11.190109890109891,0.0,4,0,0,0,0,0,0,0.0
2026-09-18 04:00:00-03:00,SECO,1,36784.25668808493,57.31,17.52020051986632,0.0,4,0,0,0,0,0,0,0.0
2026-09-18 04:00:00-03:00,SECO,7,36395.00449020676,57.31,17.784069810620124,0.0,4,0,0,0,0,0,0,0.0
2026-09-18 05:00:00-03:00,N,1,9196.130104397196,57.31,27.09027027027027,0.1873873873873874,4,0,0,0,0,0,0,0.0
2026-09-18 05:00:00-03:00,N,7,9097.719988717916,57.31,27.707207207207208,0.0,4,0,0,0,0,0,0,0.0
2026-09-18 05:00:00-03:00,NE,1,13871.565146464876,57.31,24.248405797101448,20.60289855072464,4,0,0,0,0,0,0,0.0
2026-09-18 05:00:00-03:00,NE,7,13679.76117627332,57.31,25.54608695652174,22.89951690821256,4,0,0,0,0,0,0,0.0
2026-09-18 05:00:00-03:00,S,1,10997.718499947185,57.31,11.20412087912088,0.0,4,0,0,0,0,0,0,0.0
2026-09-18 05:00:00-03:00,S,7,10965.745646851294,57.31,11.48434065934066,0.0,4,0,0,0,0,0,0,0.0
2026-09-18 05:00:00-03:00,SECO,1,38441.45409844224,57.31,17.30724099517267,0.2900111399925733,4,0,0,0,0,0,0,0.0
2026-09-18 05:00:00-03:00,SECO,7,38270.09082409914,57.31,18.038581507612328,0.0118826587448941,4,0,0,0,0,0,0,0.0
2026-09-18 06:00:00-03:00,N,1,8753.721400658016,57.31,26.73783783783784,36.0,4,0,0,0,0,0,0,0.0
2026-09-18 06:00:00-03:00,N,7,8727.285158109178,57.31,28.16792792792793,35.26846846846847,4,0,0,0,0,0,0,0.0
2026-09-18 06:00:00-03:00,NE,1,13776.797596912686,57.31,24.32135265700483,174.26763285024154,4,0,0,0,0,0,0,0.0
2026-09-18 06:00:00-03:00,NE,7,13496.93287796518,57.31,26.297391304347823,202.57391304347823,4,0,0,0,0,0,0,0.0
2026-09-18 06:00:00-03:00,S,1,12347.282957390318,57.31,11.294505494505495,15.85989010989011,4,0,0,0,0,0,0,0.0
2026-09-18 06:00:00-03:00,S,7,12420.730579057385,57.31,11.881318681318682,12.87087912087912,4,0,0,0,0,0,0,0.0
2026-09-18 06:00:00-03:00,SECO,1,40740.8540057458,57.31,17.159301893798737,40.00371333085778,4,0,0,0,0,0,0,0.0
2026-09-18 06:00:00-03:00,SECO,7,40996.49596016284,57.31,18.460490159673224,42.49387300408466,4,0,0,0,0,0,0,0.0
2026-09-18 07:00:00-03:00,N,1,8952.475565310671,57.31,27.05675675675676,188.39639639639643,4,0,0,0,0,0,0,0.0
2026-09-18 07:00:00-03:00,N,7,8949.123515738018,57.31,28.705225225225227,181.96216216216217,4,0,0,0,0,0,0,0.0
2026-09-18 07:00:00-03:00,NE,1,14299.503737718973,57.31,25.41014492753623,398.1140096618358,4,0,0,0,0,0,0,0.0
2026-09-18 07:00:00-03:00,NE,7,14056.125550494176,57.31,27.06057971014493,417.3739130434783,4,0,0,0,0,0,0,0.0
2026-09-18 07:00:00-03:00,S,1,13770.587762450476,57.31,11.677747252747253,96.74450549450547,4,0,0,0,0,0,0,0.0
2026-09-18 07:00:00-03:00,S,7,13893.4615159527,57.31,12.378296703296703,88.92032967032968,4,0,0,0,0,0,0,0.0
2026-09-18 07:00:00-03:00,SECO,1,43476.054774621065,57.31,17.593130337913106,169.52617898254732,4,0,0,0,0,0,0,0.0
2026-09-18 07:00:00-03:00,SECO,7,43552.28444869805,57.31,18.962532491645003,169.59116227255848,4,0,0,0,0,0,0,0.0
2026-09-18 08:00:00-03:00,N,1,9595.580218325009,57.31,27.96720720720721,375.43963963963967,4,0,0,0,0,0,0,0.0
2026-09-18 08:00:00-03:00,N,7,9609.610437336078,57.31,29.2781981981982,381.4936936936937,4,0,0,0,0,0,0,0.0
2026-09-18 08:00:00-03:00,NE,1,15187.274228727108,57.31,26.51256038647343,600.1826086956522,4,0,0,0,0,0,0,0.0
2026-09-18 08:00:00-03:00,NE,7,14794.912751073734,57.31,27.736811594202894,582.1816425120774,4,0,0,0,0,0,0,0.0
2026-09-18 08:00:00-03:00,S,1,14666.696697289415,57.31,12.659615384615384,186.01098901098905,4,0,0,0,0,0,0,0.0
2026-09-18 08:00:00-03:00,S,7,14490.815807952747,57.31,12.970054945054946,239.4862637362637,4,0,0,0,0,0,0,0.0
2026-09-18 08:00:00-03:00,SECO,1,45704.14906015998,57.31,18.582101745265504,291.60155959896025,4,0,0,0,0,0,0,0.0
2026-09-18 08:00:00-03:00,SECO,7,46022.06003376984,57.31,19.50943186037876,291.5870776086149,4,0,0,0,0,0,0,0.0
2026-09-18 09:00:00-03:00,N,1,10134.621346931655,57.31,29.122702702702703,578.8540540540541,4,0,0,0,0,0,0,0.0
2026-09-18 09:00:00-03:00,N,7,10135.651317774358,57.31,30.003603603603604,619.0612612612613,4,0,0,0,0,0,0,0.0
2026-09-18 09:00:00-03:00,NE,1,15563.501171403132,57.31,27.806763285024157,770.1294685990338,4,0,0,0,0,0,0,0.0
2026-09-18 09:00:00-03:00,NE,7,15251.471055222892,57.31,28.228309178743963,797.7884057971014,4,0,0,0,0,0,0,0.0
2026-09-18 09:00:00-03:00,S,1,14686.33841246234,57.31,14.197252747252747,327.9230769230769,4,0,0,0,0,0,0,0.0
2026-09-18 09:00:00-03:00,S,7,14643.624877625827,57.31,13.04642857142857,436.2417582417583,4,0,0,0,0,0,0,0.0
2026-09-18 09:00:00-03:00,SECO,1,47423.42274873432,57.31,19.819494987003345,462.4753063497957,4,0,0,0,0,0,0,0.0
2026-09-18 09:00:00-03:00,SECO,7,48403.85251501643,57.31,20.316672855551428,456.7300408466394,4,0,0,0,0,0,0,0.0
2026-09-18 10:00:00-03:00,N,1,10560.16790556147,57.31,30.704324324324325,788.0036036036036,4,0,0,0,0,0,0,0.0
2026-09-18 10:00:00-03:00,N,7,10567.738400756642,57.31,30.75837837837838,775.2990990990992,4,0,0,0,0,0,0,0.0
2026-09-18 10:00:00-03:00,NE,1,15873.368838766595,57.31,28.490531400966184,874.2289855072464,4,0,0,0,0,0,0,0.0
2026-09-18 10:00:00-03:00,NE,7,15426.485079585234,57.31,28.47217391304348,897.9777777777778,4,0,0,0,0,0,0,0.0
2026-09-18 10:00:00-03:00,S,1,15359.24966515573,57.31,15.61923076923077,541.7857142857143,4,0,0,0,0,0,0,0.0
2026-09-18 10:00:00-03:00,S,7,15347.952471412487,57.31,14.133516483516484,547.3434065934066,4,0,0,0,0,0,0,0.0
2026-09-18 10:00:00-03:00,SECO,1,49336.49952700554,57.31,21.404604530263647,555.874489417007,4,0,0,0,0,0,0,0.0
2026-09-18 10:00:00-03:00,SECO,7,50004.68967558476,57.31,21.113999257333827,551.4901596732268,4,0,0,0,0,0,0,0.0
2026-09-18 11:00:00-03:00,N,1,10688.65214356368,57.31,32.034414414414414,905.4144144144144,4,0,0,0,0,0,0,0.0
2026-09-18 11:00:00-03:00,N,7,10713.036370713164,57.31,31.769729729729733,872.5027027027028,4,0,0,0,0,0,0,0.0
2026-09-18 11:00:00-03:00,NE,1,15747.375765997738,57.31,28.757584541062805,901.1130434782608,4,0,0,0,0,0,0,0.0
2026-09-18 11:00:00-03:00,NE,7,15484.40827128906,57.31,28.68550724637681,927.9391304347826,4,0,0,0,0,0,0,0.0
2026-09-18 11:00:00-03:00,S,1,15744.588604951332,57.31,17.545604395604396,609.4230769230769,4,0,0,0,0,0,0,0.0
2026-09-18 11:00:00-03:00,S,7,15546.154991807847,57.31,15.573626373626375,615.0082417582418,4,0,0,0,0,0,0,0.0
2026-09-18 11:00:00-03:00,SECO,1,49651.18399914912,57.31,22.57879688080208,621.2918678054215,4,0,0,0,0,0,0,0.0
2026-09-18 11:00:00-03:00,SECO,7,50630.157846823065,57.31,22.103936130709247,603.0516152989231,4,0,0,0,0,0,0,0.0
2026-09-18 12:00:00-03:00,N,1,10701.607660283342,57.31,33.28720720720721,939.3981981981982,4,0,0,0,0,0,0,0.0
2026-09-18 12:00:00-03:00,N,7,10714.327045812275,57.31,32.82306306306307,901.7567567567568,4,0,0,0,0,0,0,0.0
2026-09-18 12:00:00-03:00,NE,1,15457.945770495906,57.31,28.7543961352657,846.312077294686,4,0,0,0,0,0,0,0.0
2026-09-18 12:00:00-03:00,NE,7,15141.121739698574,57.31,28.82386473429952,884.7014492753623,4,0,0,0,0,0,0,0.0
2026-09-18 12:00:00-03:00,S,1,14585.53861308391,57.31,18.765384615384612,631.151098901099,4,0,0,0,0,0,0,0.0
2026-09-18 12:00:00-03:00,S,7,14498.52909575958,57.31,17.071978021978023,632.0,4,0,0,0,0,0,0,0.0
2026-09-18 12:00:00-03:00,SECO,1,49382.82946393522,57.31,23.479725213516524,549.4823616784255,4,0,0,0,0,0,0,0.0
2026-09-18 12:00:00-03:00,SECO,7,50260.97750265686,57.31,23.160824359450427,605.0048273301151,4,0,0,0,0,0,0,0.0
2026-09-18 13:00:00-03:00,N,1,11050.87540761749,57.31,34.34198198198199,883.3405405405406,4,0,0,0,0,0,0,0.0
2026-09-18 13:00:00-03:00,N,7,11070.219842931505,57.31,33.79927927927928,860.7045045045046,4,0,0,0,0,0,0,0.0
2026-09-18 13:00:00-03:00,NE,1,15600.013853572762,57.31,28.795265700483093,766.7304347826087,4,0,0,0,0,0,0,0.0
2026-09-18 13:00:00-03:00,NE,7,15174.200039451933,57.31,28.848985507246372,772.6154589371981,4,0,0,0,0,0,0,0.0
2026-09-18 13:00:00-03:00,S,1,15219.141995656732,57.31,19.58626373626373,547.9862637362637,4,0,0,0,0,0,0,0.0
2026-09-18 13:00:00-03:00,S,7,15177.461520583662,57.31,18.518956043956045,594.8846153846155,4,0,0,0,0,0,0,0.0
2026-09-18 13:00:00-03:00,SECO,1,49541.107582626944,57.31,23.984775343483104,541.7378388414407,4,0,0,0,0,0,0,0.0
2026-09-18 13:00:00-03:00,SECO,7,51001.873137988456,57.31,24.099888600074262,558.3735610842926,4,0,0,0,0,0,0,0.0
2026-09-18 14:00:00-03:00,N,1,11463.758068774245,57.31,34.59783783783784,741.4360360360361,4,0,0,0,0,0,0,0.0
2026-09-18 14:00:00-03:00,N,7,11384.541483333838,57.31,34.55855855855856,752.6414414414415,4,0,0,0,0,0,0,0.0
2026-09-18 14:00:00-03:00,NE,1,15597.390387001751,57.31,28.54541062801932,592.5777777777778,4,0,0,0,0,0,0,0.0
2026-09-18 14:00:00-03:00,NE,7,15323.675522610556,57.31,28.799323671497586,602.5333333333333,4,0,0,0,0,0,0,0.0
2026-09-18 14:00:00-03:00,S,1,15366.681896042564,57.31,19.596153846153847,488.7032967032967,4,0,0,0,0,0,0,0.0
2026-09-18 14:00:00-03:00,S,7,15685.151087045577,57.31,19.61978021978022,508.793956043956,4,0,0,0,0,0,0,0.0
2026-09-18 14:00:00-03:00,SECO,1,49749.05418187436,57.31,24.585035276643147,454.1667285555143,4,0,0,0,0,0,0,0.0
2026-09-18 14:00:00-03:00,SECO,7,51299.2352913296,57.31,24.74574823616784,468.013367991088,4,0,0,0,0,0,0,0.0
2026-09-18 15:00:00-03:00,N,1,11159.769971601949,57.31,33.5190990990991,588.536936936937,4,0,0,0,0,0,0,0.0
2026-09-18 15:00:00-03:00,N,7,11289.767060967706,57.31,34.884684684684686,555.7081081081081,4,0,0,0,0,0,0,0.0
2026-09-18 15:00:00-03:00,NE,1,16043.13967676618,57.31,28.347632850241546,377.4676328502416,4,0,0,0,0,0,0,0.0
2026-09-18 15:00:00-03:00,NE,7,15602.135770609171,57.31,28.642705314009664,363.7429951690821,4,0,0,0,0,0,0,0.0
2026-09-18 15:00:00-03:00,S,1,15296.42643220856,57.31,19.66510989010989,341.48626373626377,4,0,0,0,0,0,0,0.0
2026-09-18 15:00:00-03:00,S,7,15596.88877598334,57.31,20.082417582417584,350.64560439560444,4,0,0,0,0,0,0,0.0
2026-09-18 15:00:00-03:00,SECO,1,49402.33449150086,57.31,24.21719272187152,349.5737096175269,4,0,0,0,0,0,0,0.0
2026-09-18 15:00:00-03:00,SECO,7,51300.72570929032,57.31,24.98793167471221,315.9194207203862,4,0,0,0,0,0,0,0.0
2026-09-18 16:00:00-03:00,N,1,10723.73493295711,69.94,32.81747747747748,375.5423423423424,4,0,0,0,0,0,0,0.0
2026-09-18 16:00:00-03:00,N,7,10834.020168452558,69.94,34.69495495495496,369.1621621621622,4,0,0,0,0,0,0,0.0
2026-09-18 16:00:00-03:00,NE,1,15997.061320768673,69.93,27.87458937198068,156.1584541062802,4,0,0,0,0,0,0,0.0
2026-09-18 16:00:00-03:00,NE,7,15587.022225241162,69.93,28.367729468599038,153.06666666666666,4,0,0,0,0,0,0,0.0
2026-09-18 16:00:00-03:00,S,1,15826.774651245178,69.92,19.10164835164835,166.24175824175825,4,0,0,0,0,0,0,0.0
2026-09-18 16:00:00-03:00,S,7,15940.516738911492,69.92,19.794505494505493,217.3434065934066,4,0,0,0,0,0,0,0.0
2026-09-18 16:00:00-03:00,SECO,1,49776.07212919316,69.93,23.644894170070557,228.3754177497215,4,0,0,0,0,0,0,0.0
2026-09-18 16:00:00-03:00,SECO,7,51037.16893670769,69.93,24.641143705904195,185.86409209060528,4,0,0,0,0,0,0,0.0
2026-09-18 17:00:00-03:00,N,1,10060.636834427933,161.25,32.18486486486486,158.76036036036038,4,0,0,0,0,0,0,0.0
2026-09-18 17:00:00-03:00,N,7,10116.06089086495,161.25,34.09243243243244,164.91171171171172,4,0,0,0,0,0,0,0.0
2026-09-18 17:00:00-03:00,NE,1,15883.911272897552,161.24,27.117391304347827,10.234782608695651,4,0,0,0,0,0,0,0.0
2026-09-18 17:00:00-03:00,NE,7,15512.498317940896,161.24,27.91314009661836,8.72657004830918,4,0,0,0,0,0,0,0.0
2026-09-18 17:00:00-03:00,S,1,16038.565386012846,161.23,18.00934065934066,57.41758241758242,4,0,0,0,0,0,0,0.0
2026-09-18 17:00:00-03:00,S,7,16047.627252191429,161.23,18.904945054945056,73.89835164835165,4,0,0,0,0,0,0,0.0
2026-09-18 17:00:00-03:00,SECO,1,49847.25158693484,161.24,22.896138135907908,61.45822502784998,4,0,0,0,0,0,0,0.0
2026-09-18 17:00:00-03:00,SECO,7,51311.4672008072,161.24,23.83802450798366,54.18121054585964,4,0,0,0,0,0,0,0.0
2026-09-18 18:00:00-03:00,N,1,9855.994038028824,197.86,31.45621621621622,26.73513513513513,4,0,0,0,0,0,0,0.0
2026-09-18 18:00:00-03:00,N,7,9836.40031386044,197.86,33.288468468468466,26.345945945945942,4,0,0,0,0,0,0,0.0
2026-09-18 18:00:00-03:00,NE,1,16433.724751418034,197.85,26.6712077294686,0.0,4,0,0,0,0,0,0,0.0
2026-09-18 18:00:00-03:00,NE,7,16078.06516015193,197.85,27.38,0.0,4,0,0,0,0,0,0,0.0
2026-09-18 18:00:00-03:00,S,1,16781.991098522158,197.85,16.607417582417582,0.8516483516483517,4,0,0,0,0,0,0,0.0
2026-09-18 18:00:00-03:00,S,7,16876.461486630094,197.85,17.654395604395607,0.7307692307692308,4,0,0,0,0,0,0,0.0
2026-09-18 18:00:00-03:00,SECO,1,52119.58990886237,197.86,21.542963238024505,3.6227255848496105,4,0,0,0,0,0,0,0.0
2026-09-18 18:00:00-03:00,SECO,7,53440.77526037606,197.86,22.755514296323803,3.8388414407723728,4,0,0,0,0,0,0,0.0
2026-09-18 19:00:00-03:00,N,1,10151.854800623669,172.13,30.702522522522525,0.0,4,0,0,0,0,0,0,0.0
2026-09-18 19:00:00-03:00,N,7,10154.158008335426,172.13,32.347927927927934,0.0,4,0,0,0,0,0,0,0.0
2026-09-18 19:00:00-03:00,NE,1,16188.731084224968,172.12,26.4256038647343,0.0,4,0,0,0,0,0,0,0.0
2026-09-18 19:00:00-03:00,NE,7,15833.42616015193,172.12,26.780289855072464,0.0,4,0,0,0,0,0,0,0.0
2026-09-18 19:00:00-03:00,S,1,17005.591500412345,172.11,15.870604395604396,0.0,4,0,0,0,0,0,0,0.0
2026-09-18 19:00:00-03:00,S,7,16897.777283261625,172.11,16.33076923076923,0.0,4,0,0,0,0,0,0,0.0
2026-09-18 19:00:00-03:00,SECO,1,52362.43255215579,172.12,20.685109543260303,0.1106572595618269,4,0,0,0,0,0,0,0.0
2026-09-18 19:00:00-03:00,SECO,7,53540.48263585795,172.12,21.593018937987377,0.0668399554400297,4,0,0,0,0,0,0,0.0
2026-09-18 20:00:00-03:00,N,1,10234.551700613914,159.95,30.1972972972973,0.0,4,0,0,0,0,0,0,0.0
2026-09-18 20:00:00-03:00,N,7,10206.911939553776,159.95,31.463063063063064,0.0,4,0,0,0,0,0,0,0.0
2026-09-18 20:00:00-03:00,NE,1,16257.58773660374,159.94,26.27584541062802,0.0,4,0,0,0,0,0,0,0.0
2026-09-18 20:00:00-03:00,NE,7,15834.39782850739,159.94,26.270434782608696,0.0,4,0,0,0,0,0,0,0.0
2026-09-18 20:00:00-03:00,S,1,16071.417001622607,159.94,15.5,0.0,4,0,0,0,0,0,0,0.0
2026-09-18 20:00:00-03:00,S,7,15964.172994568547,159.94,15.058516483516485,0.0,4,0,0,0,0,0,0,0.0
2026-09-18 20:00:00-03:00,SECO,1,51324.23372346459,159.94,20.350427033048646,0.0,4,0,0,0,0,0,0,0.0
2026-09-18 20:00:00-03:00,SECO,7,52069.32315216059,159.94,20.536947642034903,0.0,4,0,0,0,0,0,0,0.0
2026-09-18 21:00:00-03:00,N,1,10368.538602396511,158.13,29.22846846846847,0.0,4,0,0,0,0,0,0,0.0
2026-09-18 21:00:00-03:00,N,7,10296.425385185934,158.13,30.421981981981983,0.0,4,0,0,0,0,0,0,0.0
2026-09-18 21:00:00-03:00,NE,1,16619.111831818303,158.12,26.110628019323677,0.0,4,0,0,0,0,0,0,0.0
2026-09-18 21:00:00-03:00,NE,7,16238.129476246151,158.12,26.473913043478262,0.0,4,0,0,0,0,0,0,0.0
2026-09-18 21:00:00-03:00,S,1,15117.87949117002,158.12,15.475549450549453,0.0,4,0,0,0,0,0,0,0.0
2026-09-18 21:00:00-03:00,S,7,15029.866489887503,158.12,14.925549450549452,0.0,4,0,0,0,0,0,0,0.0
2026-09-18 21:00:00-03:00,SECO,1,50013.92446357019,158.13,20.108057927961383,0.0,4,0,0,0,0,0,0,0.0
2026-09-18 21:00:00-03:00,SECO,7,51103.067668000025,158.13,20.37764574823617,0.0,4,0,0,0,0,0,0,0.0
2026-09-18 22:00:00-03:00,N,1,10474.832434555805,155.72,28.793693693693697,0.0,4,0,0,0,0,0,0,0.0
2026-09-18 22:00:00-03:00,N,7,10430.795629146663,155.72,29.93423423423424,0.0,4,0,0,0,0,0,0,0.0
2026-09-18 22:00:00-03:00,NE,1,16635.86997862449,155.71,26.017971014492755,0.0,4,0,0,0,0,0,0,0.0
2026-09-18 22:00:00-03:00,NE,7,16162.269749848452,155.71,26.123091787439613,0.0,4,0,0,0,0,0,0,0.0
2026-09-18 22:00:00-03:00,S,1,14167.79377083287,155.71,15.612087912087912,0.0,4,0,0,0,0,0,0,0.0
2026-09-18 22:00:00-03:00,S,7,13953.255939388371,155.71,14.628021978021978,0.0,4,0,0,0,0,0,0,0.0
2026-09-18 22:00:00-03:00,SECO,1,47709.55042688116,155.72,19.76706275529149,0.0,4,0,0,0,0,0,0,0.0
2026-09-18 22:00:00-03:00,SECO,7,48410.19758980112,155.72,19.837653174897884,0.0,4,0,0,0,0,0,0,0.0
2026-09-18 23:00:00-03:00,N,1,10444.72317169477,150.6,28.329549549549554,0.0,4,0,0,0,0,0,0,0.0
2026-09-18 23:00:00-03:00,N,7,10423.95405112792,150.6,29.45225225225225,0.0,4,0,0,0,0,0,0,0.0
2026-09-18 23:00:00-03:00,NE,1,16140.10474577295,150.59,25.803574879227053,0.0,4,0,0,0,0,0,0,0.0
2026-09-18 23:00:00-03:00,NE,7,15657.249071840846,150.59,25.74415458937198,0.0,4,0,0,0,0,0,0,0.0
2026-09-18 23:00:00-03:00,S,1,12983.623283739453,146.14,15.557967032967037,0.0,4,0,0,0,0,0,0,0.0
2026-09-18 23:00:00-03:00,S,7,12841.399324333504,146.14,14.442857142857145,0.0,4,0,0,0,0,0,0,0.0
2026-09-18 23:00:00-03:00,SECO,1,45150.44040742939,150.59,19.466988488674343,0.0,4,0,0,0,0,0,0,0.0
2026-09-18 23:00:00-03:00,SECO,7,46021.78515140814,150.59,19.39324173783884,0.0,4,0,0,0,0,0,0,0.0
2026-09-19 00:00:00-03:00,N,1,10292.676127292523,102.98,28.01945945945946,0.0,5,0,0,0,0,0,0,0.0
2026-09-19 00:00:00-03:00,N,7,10213.154910160363,102.98,29.049369369369373,0.0,5,0,0,0,0,0,0,0.0
2026-09-19 00:00:00-03:00,NE,1,15639.7790407752,102.97,25.58144927536232,0.0,5,0,0,0,0,0,0,0.0
2026-09-19 00:00:00-03:00,NE,7,15078.529004757682,102.97,25.380772946859903,0.0,5,0,0,0,0,0,0,0.0
2026-09-19 00:00:00-03:00,S,1,11988.472198157588,57.31,15.506593406593408,0.0,5,0,0,0,0,0,0,0.0
2026-09-19 00:00:00-03:00,S,7,11972.993819308169,57.31,14.479395604395604,0.0,5,0,0,0,0,0,0,0.0
2026-09-19 00:00:00-03:00,SECO,1,42175.4521422324,102.97,19.1464909023394,0.0,5,0,0,0,0,0,0,0.0
2026-09-19 00:00:00-03:00,SECO,7,44082.91801302537,102.97,19.045228369847752,0.0,5,0,0,0,0,0,0,0.0
2026-09-19 01:00:00-03:00,N,1,10070.934719354991,57.31,27.740180180180182,0.0,5,0,0,0,0,0,0,0.0
2026-09-19 01:00:00-03:00,N,7,9992.257193839769,57.31,28.678918918918924,0.0,5,0,0,0,0,0,0,0.0
2026-09-19 01:00:00-03:00,NE,1,14996.940854569848,57.31,25.311400966183577,0.0,5,0,0,0,0,0,0,0.0
2026-09-19 01:00:00-03:00,NE,7,14551.773836296534,57.31,25.076425120772942,0.0,5,0,0,0,0,0,0,0.0
2026-09-19 01:00:00-03:00,S,1,11274.442521547504,57.31,15.431043956043956,0.0,5,0,0,0,0,0,0,0.0
2026-09-19 01:00:00-03:00,S,7,11097.039703869905,57.31,14.5010989010989,0.0,5,0,0,0,0,0,0,0.0
2026-09-19 01:00:00-03:00,SECO,1,40017.68185092893,57.31,18.960972892684737,0.0,5,0,0,0,0,0,0,0.0
2026-09-19 01:00:00-03:00,SECO,7,41545.85560554083,57.31,18.862495358336428,0.0,5,0,0,0,0,0,0,0.0
2026-09-19 02:00:00-03:00,N,1,9854.58939656797,57.31,27.55423423423424,0.0,5,0,0,0,0,0,0,0.0
2026-09-19 02:00:00-03:00,N,7,9723.397486868083,57.31,28.43315315315316,0.0,5,0,0,0,0,0,0,0.0
2026-09-19 02:00:00-03:00,NE,1,14562.766588567998,57.31,24.907053140096615,0.0,5,0,0,0,0,0,0,0.0
2026-09-19 02:00:00-03:00,NE,7,14223.658389774282,57.31,24.923091787439617,0.0,5,0,0,0,0,0,0,0.0
2026-09-19 02:00:00-03:00,S,1,10655.710857426611,57.31,15.46758241758242,0.0,5,0,0,0,0,0,0,0.0
2026-09-19 02:00:00-03:00,S,7,10568.545591143238,57.31,14.674175824175824,0.0,5,0,0,0,0,0,0,0.0
2026-09-19 02:00:00-03:00,SECO,1,38564.87072582687,57.31,18.656628295581136,0.0,5,0,0,0,0,0,0,0.0
2026-09-19 02:00:00-03:00,SECO,7,39997.05625575126,57.31,18.801151132565916,0.0,5,0,0,0,0,0,0,0.0
2026-09-19 03:00:00-03:00,N,1,9609.410444938238,57.31,27.33495495495496,0.0,5,0,0,0,0,0,0,0.0
2026-09-19 03:00:00-03:00,N,7,9543.53300040029,57.31,28.333693693693697,0.0,5,0,0,0,0,0,0,0.0
2026-09-19 03:00:00-03:00,NE,1,14124.01184639859,57.31,23.797294685990337,0.0,5,0,0,0,0,0,0,0.0
2026-09-19 03:00:00-03:00,NE,7,13911.694812886451,57.31,24.91082125603865,0.0,5,0,0,0,0,0,0,0.0
2026-09-19 03:00:00-03:00,S,1,10628.80759730861,57.31,15.525824175824177,0.0,5,0,0,0,0,0,0,0.0
2026-09-19 03:00:00-03:00,S,7,10306.273212647138,57.31,14.844505494505496,0.0,5,0,0,0,0,0,0,0.0
2026-09-19 03:00:00-03:00,SECO,1,38153.76382918176,57.31,18.276680282213142,0.0,5,0,0,0,0,0,0,0.0
2026-09-19 03:00:00-03:00,SECO,7,39064.595301552166,57.31,18.877497215001856,0.0,5,0,0,0,0,0,0,0.0
2026-09-19 04:00:00-03:00,N,1,9382.235646023257,57.31,26.98882882882883,0.0,5,0,0,0,0,0,0,0.0
2026-09-19 04:00:00-03:00,N,7,9320.531123724775,57.31,28.383063063063062,0.0,5,0,0,0,0,0,0,0.0
2026-09-19 04:00:00-03:00,NE,1,14001.215986500558,57.31,23.73371980676329,0.0,5,0,0,0,0,0,0,0.0
2026-09-19 04:00:00-03:00,NE,7,13795.665876429168,57.31,25.169178743961357,0.0,5,0,0,0,0,0,0,0.0
2026-09-19 04:00:00-03:00,S,1,10507.692795047871,57.31,15.337912087912088,0.0,5,0,0,0,0,0,0,0.0
2026-09-19 04:00:00-03:00,S,7,10198.667226587608,57.31,14.993131868131869,0.0,5,0,0,0,0,0,0,0.0
2026-09-19 04:00:00-03:00,SECO,1,37956.761095649,57.31,18.082918678054213,0.0,5,0,0,0,0,0,0,0.0
2026-09-19 04:00:00-03:00,SECO,7,38725.95762704833,57.31,19.19977720014853,0.0,5,0,0,0,0,0,0,0.0
2026-09-19 05:00:00-03:00,N,1,9233.75603141696,57.31,26.79261261261261,0.1873873873873874,5,0,0,0,0,0,0,0.0
2026-09-19 05:00:00-03:00,N,7,9169.601440421991,57.31,28.52972972972973,0.0,5,0,0,0,0,0,0,0.0
2026-09-19 05:00:00-03:00,NE,1,13481.085795138157,57.31,23.61024154589372,20.1768115942029,5,0,0,0,0,0,0,0.0
2026-09-19 05:00:00-03:00,NE,7,13210.079373453307,57.31,25.635169082125604,21.917874396135268,5,0,0,0,0,0,0,0.0
2026-09-19 05:00:00-03:00,S,1,10755.490931242191,57.31,15.352747252747251,0.0,5,0,0,0,0,0,0,0.0
2026-09-19 05:00:00-03:00,S,7,10344.17590264012,57.31,15.253846153846156,0.0,5,0,0,0,0,0,0,0.0
2026-09-19 05:00:00-03:00,SECO,1,38196.42205227346,57.31,17.97359821760119,0.3523950984032677,5,0,0,0,0,0,0,0.0
2026-09-19 05:00:00-03:00,SECO,7,38926.74676415619,57.31,19.73015224656517,0.0475306349795766,5,0,0,0,0,0,0,0.0
2026-09-19 06:00:00-03:00,N,1,8737.91639545994,57.31,26.35675675675676,38.60900900900901,5,0,0,0,0,0,0,0.0
2026-09-19 06:00:00-03:00,N,7,8808.094826397053,57.31,28.762162162162163,40.49009009009009,5,0,0,0,0,0,0,0.0
2026-09-19 06:00:00-03:00,NE,1,12998.028032095017,57.31,23.90222222222222,173.55072463768116,5,0,0,0,0,0,0,0.0
2026-09-19 06:00:00-03:00,NE,7,12702.636631891752,57.31,26.22347826086957,193.048309178744,5,0,0,0,0,0,0,0.0
2026-09-19 06:00:00-03:00,S,1,11215.32276400876,57.31,15.54065934065934,10.351648351648352,5,0,0,0,0,0,0,0.0
2026-09-19 06:00:00-03:00,S,7,10665.518646822558,57.31,15.599725274725277,12.46978021978022,5,0,0,0,0,0,0,0.0
2026-09-19 06:00:00-03:00,SECO,1,38302.43698310008,57.31,17.82354251763832,48.7170441886372,5,0,0,0,0,0,0,0.0
2026-09-19 06:00:00-03:00,SECO,7,38913.66741744519,57.31,20.37021908652061,65.49944300037133,5,0,0,0,0,0,0,0.0
2026-09-19 07:00:00-03:00,N,1,8695.891758920525,57.31,26.813153153153152,189.54414414414416,5,0,0,0,0,0,0,0.0
2026-09-19 07:00:00-03:00,N,7,8776.595642980625,57.31,29.13711711711712,201.86846846846848,5,0,0,0,0,0,0,0.0
2026-09-19 07:00:00-03:00,NE,1,13010.297804613338,57.31,24.90589371980676,358.7391304347826,5,0,0,0,0,0,0,0.0
2026-09-19 07:00:00-03:00,NE,7,12702.827457830026,57.31,26.873719806763287,400.3884057971014,5,0,0,0,0,0,0,0.0
2026-09-19 07:00:00-03:00,S,1,11851.056043695164,57.31,15.755494505494504,66.56043956043956,5,0,0,0,0,0,0,0.0
2026-09-19 07:00:00-03:00,S,7,11304.631077029777,57.31,15.982142857142858,77.11538461538461,5,0,0,0,0,0,0,0.0
2026-09-19 07:00:00-03:00,SECO,1,39168.013880736005,57.31,18.199071667285555,191.95358336427776,5,0,0,0,0,0,0,0.0
2026-09-19 07:00:00-03:00,SECO,7,39907.04467561745,57.31,21.058633494244337,247.10805792796137,5,0,0,0,0,0,0,0.0
2026-09-19 08:00:00-03:00,N,1,9043.54717659628,57.31,27.92738738738739,422.5783783783784,5,0,0,0,0,0,0,0.0
2026-09-19 08:00:00-03:00,N,7,9038.504340351114,57.31,29.56684684684685,378.30090090090096,5,0,0,0,0,0,0,0.0
2026-09-19 08:00:00-03:00,NE,1,13349.368451779044,57.31,26.395169082125605,624.5777777777778,5,0,0,0,0,0,0,0.0
2026-09-19 08:00:00-03:00,NE,7,13026.669246142435,57.31,27.433719806763285,550.4599033816426,5,0,0,0,0,0,0,0.0
2026-09-19 08:00:00-03:00,S,1,12390.981507128876,57.31,16.46401098901099,134.7664835164835,5,0,0,0,0,0,0,0.0
2026-09-19 08:00:00-03:00,S,7,12009.0682741113,57.31,16.35247252747253,89.10164835164835,5,0,0,0,0,0,0,0.0
2026-09-19 08:00:00-03:00,SECO,1,40647.019967449,57.31,19.268325287783146,370.2573338284441,5,0,0,0,0,0,0,0.0
2026-09-19 08:00:00-03:00,SECO,7,42122.1007152317,57.31,21.80211659858893,419.5488303007798,5,0,0,0,0,0,0,0.0
2026-09-19 09:00:00-03:00,N,1,9358.865693268126,57.31,29.21945945945946,649.1027027027028,5,0,0,0,0,0,0,0.0
2026-09-19 09:00:00-03:00,N,7,9277.233353119294,57.31,29.294414414414412,619.9675675675676,5,0,0,0,0,0,0,0.0
2026-09-19 09:00:00-03:00,NE,1,13588.0414080893,57.31,27.580193236714976,763.1594202898551,5,0,0,0,0,0,0,0.0
2026-09-19 09:00:00-03:00,NE,7,12850.161957830422,57.31,27.03043478260869,778.2222222222223,5,0,0,0,0,0,0,0.0
2026-09-19 09:00:00-03:00,S,1,12525.73224696034,57.31,17.135714285714286,282.0631868131868,5,0,0,0,0,0,0,0.0
2026-09-19 09:00:00-03:00,S,7,12459.741193284615,57.31,15.982692307692307,217.48076923076923,5,0,0,0,0,0,0,0.0
2026-09-19 09:00:00-03:00,SECO,1,42504.06347383591,57.31,20.8006683995544,564.919792053472,5,0,0,0,0,0,0,0.0
2026-09-19 09:00:00-03:00,SECO,7,43680.72800188631,57.31,21.540883772744152,630.829558113628,5,0,0,0,0,0,0,0.0
2026-09-19 10:00:00-03:00,N,1,9616.589275100783,57.31,30.72990990990991,814.1081081081081,5,0,0,0,0,0,0,0.0
2026-09-19 10:00:00-03:00,N,7,9620.534643419163,57.31,29.933693693693694,776.8414414414415,5,0,0,0,0,0,0,0.0
2026-09-19 10:00:00-03:00,NE,1,14070.124637438375,57.31,28.23400966183575,901.2840579710144,5,0,0,0,0,0,0,0.0
2026-09-19 10:00:00-03:00,NE,7,13192.891603997468,57.31,27.367632850241545,881.8830917874396,5,0,0,0,0,0,0,0.0
2026-09-19 10:00:00-03:00,S,1,12885.608359916128,57.31,18.61098901098901,348.2967032967033,5,0,0,0,0,0,0,0.0
2026-09-19 10:00:00-03:00,S,7,12652.722432963796,57.31,16.657417582417583,287.99175824175825,5,0,0,0,0,0,0,0.0
2026-09-19 10:00:00-03:00,SECO,1,43929.3864502482,57.31,22.74240623839584,698.0152246565169,5,0,0,0,0,0,0,0.0
2026-09-19 10:00:00-03:00,SECO,7,45107.3322897618,57.31,22.53349424433717,747.0490159673227,5,0,0,0,0,0,0,0.0
2026-09-19 11:00:00-03:00,N,1,9846.569796060709,57.31,32.17531531531532,894.9747747747749,5,0,0,0,0,0,0,0.0
2026-09-19 11:00:00-03:00,N,7,9912.57879554171,57.31,30.815135135135137,877.8864864864865,5,0,0,0,0,0,0,0.0
2026-09-19 11:00:00-03:00,NE,1,14319.79328884268,57.31,28.50309178743961,885.607729468599,5,0,0,0,0,0,0,0.0
2026-09-19 11:00:00-03:00,NE,7,13382.5918491429,57.31,27.72405797101449,916.2908212560386,5,0,0,0,0,0,0,0.0
2026-09-19 11:00:00-03:00,S,1,13577.914406430862,57.31,19.368406593406597,286.67857142857144,5,0,0,0,0,0,0,0.0
2026-09-19 11:00:00-03:00,S,7,12935.061598400456,57.31,17.512087912087914,339.3901098901099,5,0,0,0,0,0,0,0.0
2026-09-19 11:00:00-03:00,SECO,1,44835.36509089995,57.31,24.385629409580392,722.4359450427032,5,0,0,0,0,0,0,0.0
2026-09-19 11:00:00-03:00,SECO,7,46486.61783285616,57.31,23.81760118826588,801.1448199034534,5,0,0,0,0,0,0,0.0
2026-09-19 12:00:00-03:00,N,1,9994.751986312998,57.31,33.200360360360364,902.1801801801804,5,0,0,0,0,0,0,0.0
2026-09-19 12:00:00-03:00,N,7,9996.70018516207,57.31,31.76504504504505,911.0954954954956,5,0,0,0,0,0,0,0.0
2026-09-19 12:00:00-03:00,NE,1,14242.812399979655,57.31,28.79632850241546,868.1207729468599,5,0,0,0,0,0,0,0.0
2026-09-19 12:00:00-03:00,NE,7,13393.034098849464,57.31,28.047729468599037,878.1903381642512,5,0,0,0,0,0,0,0.0
2026-09-19 12:00:00-03:00,S,1,13327.11869705082,57.31,19.278846153846157,232.04395604395603,5,0,0,0,0,0,0,0.0
2026-09-19 12:00:00-03:00,S,7,12902.9235321762,57.31,18.525,362.8983516483517,5,0,0,0,0,0,0,0.0
2026-09-19 12:00:00-03:00,SECO,1,44938.92194649263,57.31,25.373709617526924,704.511696992202,5,0,0,0,0,0,0,0.0
2026-09-19 12:00:00-03:00,SECO,7,47215.54002326413,57.31,25.186149275900483,788.7731154845897,5,0,0,0,0,0,0,0.0
2026-09-19 13:00:00-03:00,N,1,10079.40066130028,57.31,33.7654054054054,883.801801801802,5,0,0,0,0,0,0,0.0
2026-09-19 13:00:00-03:00,N,7,10082.584147206018,57.31,32.65117117117117,873.9513513513514,5,0,0,0,0,0,0,0.0
2026-09-19 13:00:00-03:00,NE,1,13973.410243943144,57.31,28.78193236714976,790.7690821256039,5,0,0,0,0,0,0,0.0
2026-09-19 13:00:00-03:00,NE,7,13293.865638380556,57.31,28.254879227053134,769.9478260869565,5,0,0,0,0,0,0,0.0
2026-09-19 13:00:00-03:00,S,1,13131.687475481178,57.31,18.8206043956044,316.90934065934067,5,0,0,0,0,0,0,0.0
2026-09-19 13:00:00-03:00,S,7,13000.241673486227,57.31,19.516208791208797,354.2582417582417,5,0,0,0,0,0,0,0.0
2026-09-19 13:00:00-03:00,SECO,1,45290.98291826894,57.31,25.61730412179725,752.082064611957,5,0,0,0,0,0,0,0.0
2026-09-19 13:00:00-03:00,SECO,7,47903.012638273125,57.31,26.43754177497215,712.5963609357593,5,0,0,0,0,0,0,0.0
2026-09-19 14:00:00-03:00,N,1,10183.525012703578,57.31,34.10324324324325,770.5315315315315,5,0,0,0,0,0,0,0.0
2026-09-19 14:00:00-03:00,N,7,10307.718506874302,57.31,33.30432432432433,768.2018018018018,5,0,0,0,0,0,0,0.0
2026-09-19 14:00:00-03:00,NE,1,13961.297172254266,57.31,28.669178743961357,614.5903381642512,5,0,0,0,0,0,0,0.0
2026-09-19 14:00:00-03:00,NE,7,13405.75870246106,57.31,28.38367149758454,602.6135265700483,5,0,0,0,0,0,0,0.0
2026-09-19 14:00:00-03:00,S,1,13008.56213456095,57.31,18.97335164835165,209.2939560439561,5,0,0,0,0,0,0,0.0
2026-09-19 14:00:00-03:00,S,7,12796.260015332084,57.31,20.212637362637363,313.0549450549451,5,0,0,0,0,0,0,0.0
2026-09-19 14:00:00-03:00,SECO,1,44393.81066768768,57.31,26.27801708132195,621.521722985518,5,0,0,0,0,0,0,0.0
2026-09-19 14:00:00-03:00,SECO,7,48129.23565823674,57.31,27.362346825102115,582.7705161529892,5,0,0,0,0,0,0,0.0
2026-09-19 15:00:00-03:00,N,1,10072.68245591805,57.31,33.20234234234235,597.8216216216217,5,0,0,0,0,0,0,0.0
2026-09-19 15:00:00-03:00,N,7,10134.070366027314,57.31,33.615855855855855,577.6936936936937,5,0,0,0,0,0,0,0.0
2026-09-19 15:00:00-03:00,NE,1,14198.918208493,57.31,28.425700483091788,382.424154589372,5,0,0,0,0,0,0,0.0
2026-09-19 15:00:00-03:00,NE,7,13670.351406480198,57.31,28.35951690821256,367.2115942028986,5,0,0,0,0,0,0,0.0
2026-09-19 15:00:00-03:00,S,1,13144.980393412516,57.31,18.691483516483515,130.71153846153848,5,0,0,0,0,0,0,0.0
2026-09-19 15:00:00-03:00,S,7,12792.20925504394,57.31,20.57774725274725,248.934065934066,5,0,0,0,0,0,0,0.0
2026-09-19 15:00:00-03:00,SECO,1,46252.30099396917,57.31,26.807723728184182,453.72075751949495,5,0,0,0,0,0,0,0.0
2026-09-19 15:00:00-03:00,SECO,7,48069.05991969696,57.31,27.689491273672484,365.10285926476047,5,0,0,0,0,0,0,0.0
2026-09-19 16:00:00-03:00,N,1,9899.42468374884,57.31,32.58846846846847,393.0324324324325,5,0,0,0,0,0,0,0.0
2026-09-19 16:00:00-03:00,N,7,9950.992626466716,57.31,33.439639639639644,386.8126126126127,5,0,0,0,0,0,0,0.0
2026-09-19 16:00:00-03:00,NE,1,14775.627288648047,57.31,27.62985507246377,152.03478260869565,5,0,0,0,0,0,0,0.0
2026-09-19 16:00:00-03:00,NE,7,14391.783278212097,57.31,28.085120772946865,155.31111111111113,5,0,0,0,0,0,0,0.0
2026-09-19 16:00:00-03:00,S,1,13646.056893189378,57.31,18.111263736263737,65.85989010989012,5,0,0,0,0,0,0,0.0
2026-09-19 16:00:00-03:00,S,7,13228.598509228936,57.31,20.45604395604396,159.6346153846154,5,0,0,0,0,0,0,0.0
2026-09-19 16:00:00-03:00,SECO,1,47035.45079855097,57.31,26.602896398069067,249.6943928704048,5,0,0,0,0,0,0,0.0
2026-09-19 16:00:00-03:00,SECO,7,48510.38078259608,57.31,27.329372447085035,208.44968436687708,5,0,0,0,0,0,0,0.0
2026-09-19 17:00:00-03:00,N,1,9650.855391769144,115.89,32.13297297297297,171.2864864864865,5,0,0,0,0,0,0,0.0
2026-09-19 17:00:00-03:00,N,7,9668.989238935766,115.89,32.89873873873874,175.23423423423424,5,0,0,0,0,0,0,0.0
2026-09-19 17:00:00-03:00,NE,1,15486.91755339509,115.88,27.068695652173915,10.598067632850242,5,0,0,0,0,0,0,0.0
2026-09-19 17:00:00-03:00,NE,7,15060.278633097758,115.88,27.633236714975848,8.822222222222223,5,0,0,0,0,0,0,0.0
2026-09-19 17:00:00-03:00,S,1,14371.846606692114,115.87,17.43681318681319,28.01648351648352,5,0,0,0,0,0,0,0.0
2026-09-19 17:00:00-03:00,S,7,14228.552187671436,115.87,19.944780219780217,55.86813186813187,5,0,0,0,0,0,0,0.0
2026-09-19 17:00:00-03:00,SECO,1,48846.64909798717,115.88,25.630152246565167,69.08614927590048,5,0,0,0,0,0,0,0.0
2026-09-19 17:00:00-03:00,SECO,7,49866.26890034727,115.88,26.3484961010026,56.77571481619013,5,0,0,0,0,0,0,0.0
2026-09-19 18:00:00-03:00,N,1,9686.627103506102,126.28,31.455495495495494,28.275675675675675,5,0,0,0,0,0,0,0.0
2026-09-19 18:00:00-03:00,N,7,9647.034403071624,126.28,32.160360360360364,28.7981981981982,5,0,0,0,0,0,0,0.0
2026-09-19 18:00:00-03:00,NE,1,16413.99760605243,126.27,26.551497584541064,0.0,5,0,0,0,0,0,0,0.0
2026-09-19 18:00:00-03:00,NE,7,16093.492218011845,126.27,27.04106280193237,0.0,5,0,0,0,0,0,0,0.0
2026-09-19 18:00:00-03:00,S,1,15310.928469024844,126.27,16.826098901098902,0.3653846153846154,5,0,0,0,0,0,0,0.0
2026-09-19 18:00:00-03:00,S,7,15443.901942583623,126.27,19.26043956043956,0.3653846153846154,5,0,0,0,0,0,0,0.0
2026-09-19 18:00:00-03:00,SECO,1,51899.92554774674,126.28,24.11451912365392,3.914593390271073,5,0,0,0,0,0,0,0.0
2026-09-19 18:00:00-03:00,SECO,7,53115.25904503416,126.28,25.05076123282584,3.641663572224285,5,0,0,0,0,0,0,0.0
2026-09-19 19:00:00-03:00,N,1,9958.492058398768,123.11,30.605405405405406,0.0,5,0,0,0,0,0,0,0.0
2026-09-19 19:00:00-03:00,N,7,9981.746045599448,123.11,31.304864864864868,0.0,5,0,0,0,0,0,0,0.0
2026-09-19 19:00:00-03:00,NE,1,16162.80998107856,123.1,26.276618357487923,0.0,5,0,0,0,0,0,0,0.0
2026-09-19 19:00:00-03:00,NE,7,15871.62142543211,123.1,26.437874396135268,0.0,5,0,0,0,0,0,0,0.0
2026-09-19 19:00:00-03:00,S,1,15204.924923066968,123.09,16.59478021978022,0.0,5,0,0,0,0,0,0,0.0
2026-09-19 19:00:00-03:00,S,7,15237.916094051998,123.09,18.505769230769232,0.0,5,0,0,0,0,0,0,0.0
2026-09-19 19:00:00-03:00,SECO,1,51479.91511259451,123.1,23.01463052357965,0.1240252506498328,5,0,0,0,0,0,0,0.0
2026-09-19 19:00:00-03:00,SECO,7,52535.28749364175,123.1,23.654066097289267,0.0668399554400297,5,0,0,0,0,0,0,0.0
2026-09-19 20:00:00-03:00,N,1,10019.809275584234,112.69,29.936216216216216,0.0,5,0,0,0,0,0,0,0.0
2026-09-19 20:00:00-03:00,N,7,10065.573365898224,112.69,30.485585585585586,0.0,5,0,0,0,0,0,0,0.0
2026-09-19 20:00:00-03:00,NE,1,15841.983974480903,112.68,26.2736231884058,0.0,5,0,0,0,0,0,0,0.0
2026-09-19 20:00:00-03:00,NE,7,15366.033850085278,112.68,25.859227053140096,0.0,5,0,0,0,0,0,0,0.0
2026-09-19 20:00:00-03:00,S,1,14589.7837436162,112.67,16.33241758241758,0.0,5,0,0,0,0,0,0,0.0
2026-09-19 20:00:00-03:00,S,7,14529.745821515526,112.67,17.78489010989011,0.0,5,0,0,0,0,0,0,0.0
2026-09-19 20:00:00-03:00,SECO,1,49816.082215261486,112.68,22.11533605644263,0.0,5,0,0,0,0,0,0,0.0
2026-09-19 20:00:00-03:00,SECO,7,50279.72948084716,112.68,22.364723356851098,0.0,5,0,0,0,0,0,0,0.0
2026-09-19 21:00:00-03:00,N,1,10240.443507754022,108.4,29.2381981981982,0.0,5,0,0,0,0,0,0,0.0
2026-09-19 21:00:00-03:00,N,7,10191.48566860524,108.4,30.207927927927926,0.0,5,0,0,0,0,0,0,0.0
2026-09-19 21:00:00-03:00,NE,1,15942.004301691512,108.39,26.09797101449276,0.0,5,0,0,0,0,0,0,0.0
2026-09-19 21:00:00-03:00,NE,7,15422.18964249534,108.39,25.7824154589372,0.0,5,0,0,0,0,0,0,0.0
2026-09-19 21:00:00-03:00,S,1,13835.451054985717,94.42,16.27445054945055,0.0,5,0,0,0,0,0,0,0.0
2026-09-19 21:00:00-03:00,S,7,13803.710153566346,94.42,16.22967032967033,0.0,5,0,0,0,0,0,0,0.0
2026-09-19 21:00:00-03:00,SECO,1,47813.454810772746,108.4,21.339175640549573,0.0,5,0,0,0,0,0,0,0.0
2026-09-19 21:00:00-03:00,SECO,7,48988.38975727709,108.4,20.591459339027107,0.0,5,0,0,0,0,0,0,0.0
2026-09-19 22:00:00-03:00,N,1,10339.745902457516,99.34,28.71153153153153,0.0,5,0,0,0,0,0,0,0.0
2026-09-19 22:00:00-03:00,N,7,10321.40991256597,99.34,29.65855855855856,0.0,5,0,0,0,0,0,0,0.0
2026-09-19 22:00:00-03:00,NE,1,15694.20188970108,99.33,25.874202898550728,0.0,5,0,0,0,0,0,0,0.0
2026-09-19 22:00:00-03:00,NE,7,15157.098073339144,99.33,25.410628019323678,0.0,5,0,0,0,0,0,0,0.0
2026-09-19 22:00:00-03:00,S,1,12849.977290455943,61.34,16.23791208791209,0.0,5,0,0,0,0,0,0,0.0
2026-09-19 22:00:00-03:00,S,7,12799.968119200592,61.34,16.020054945054945,0.0,5,0,0,0,0,0,0,0.0
2026-09-19 22:00:00-03:00,SECO,1,45802.30109085037,99.34,20.574526550315632,0.0,5,0,0,0,0,0,0,0.0
2026-09-19 22:00:00-03:00,SECO,7,47182.62640533816,99.34,20.19457853694764,0.0,5,0,0,0,0,0,0,0.0
2026-09-19 23:00:00-03:00,N,1,10262.456402457516,78.44,28.424144144144147,0.0,5,0,0,0,0,0,0,0.0
2026-09-19 23:00:00-03:00,N,7,10243.81469262446,78.44,29.146486486486488,0.0,5,0,0,0,0,0,0,0.0
2026-09-19 23:00:00-03:00,NE,1,15525.635835015137,78.43,25.55140096618357,0.0,5,0,0,0,0,0,0,0.0
2026-09-19 23:00:00-03:00,NE,7,15023.549036917086,78.43,25.042125603864733,0.0,5,0,0,0,0,0,0,0.0
2026-09-19 23:00:00-03:00,S,1,11998.251765980627,57.31,16.289285714285715,0.0,5,0,0,0,0,0,0,0.0
2026-09-19 23:00:00-03:00,S,7,11898.474192360369,57.31,15.89835164835165,0.0,5,0,0,0,0,0,0,0.0
2026-09-19 23:00:00-03:00,SECO,1,43570.01921549392,78.44,20.07697734868177,0.0,5,0,0,0,0,0,0,0.0
2026-09-19 23:00:00-03:00,SECO,7,45036.6564669124,78.44,19.87411808392128,0.0,5,0,0,0,0,0,0,0.0
2026-09-20 00:00:00-03:00,N,1,10149.92321989854,100.13,28.13603603603604,0.0,6,0,0,0,0,0,0,0.0
2026-09-20 00:00:00-03:00,N,7,10132.40575266762,100.13,28.58900900900901,0.0,6,0,0,0,0,0,0,0.0
2026-09-20 00:00:00-03:00,NE,1,15146.721902487929,100.12,25.17033816425121,0.0,6,0,0,0,0,0,0,0.0
2026-09-20 00:00:00-03:00,NE,7,14703.366116751382,100.12,24.72550724637681,0.0,6,0,0,0,0,0,0,0.0
2026-09-20 00:00:00-03:00,S,1,10864.939903712522,57.31,16.14065934065934,0.0,6,0,0,0,0,0,0,0.3635
2026-09-20 00:00:00-03:00,S,7,10810.875547014904,57.31,15.776648351648353,0.0,6,0,0,0,0,0,0,0.3635
2026-09-20 00:00:00-03:00,SECO,1,40810.695410460925,100.13,19.763238024507984,0.0,6,0,0,0,0,0,0,0.0
2026-09-20 00:00:00-03:00,SECO,7,42591.326576362575,100.13,19.686706275529147,0.0,6,0,0,0,0,0,0,0.0
2026-09-20 01:00:00-03:00,N,1,9885.218603609175,57.31,27.80828828828829,0.0,6,0,0,0,0,0,0,0.0
2026-09-20 01:00:00-03:00,N,7,9873.461583418775,57.31,28.139459459459463,0.0,6,0,0,0,0,0,0,0.0
2026-09-20 01:00:00-03:00,NE,1,14706.40305623251,57.31,24.86473429951691,0.0,6,0,0,0,0,0,0,0.0
2026-09-20 01:00:00-03:00,NE,7,14330.964349976552,57.31,24.45961352657005,0.0,6,0,0,0,0,0,0,0.0
2026-09-20 01:00:00-03:00,S,1,10136.838140144966,57.31,16.052747252747253,0.0,6,0,0,0,0,0,0,0.3635
2026-09-20 01:00:00-03:00,S,7,10040.401425803148,57.31,15.728021978021978,0.0,6,0,0,0,0,0,0,0.3635
2026-09-20 01:00:00-03:00,SECO,1,38759.73084125496,57.31,19.480987746008168,0.0,6,0,0,0,0,0,0,0.0
2026-09-20 01:00:00-03:00,SECO,7,40563.85891307319,57.31,19.55755662829558,0.0,6,0,0,0,0,0,0,0.0
2026-09-20 02:00:00-03:00,N,1,9658.298360273484,57.31,27.390630630630632,0.0,6,0,0,0,0,0,0,0.0
2026-09-20 02:00:00-03:00,N,7,9604.913141247196,57.31,27.808648648648653,0.0,6,0,0,0,0,0,0,0.0
2026-09-20 02:00:00-03:00,NE,1,14349.02345998916,57.31,24.565217391304348,0.0,6,0,0,0,0,0,0,0.0
2026-09-20 02:00:00-03:00,NE,7,14030.298790295285,57.31,24.372367149758453,0.0,6,0,0,0,0,0,0,0.0
2026-09-20 02:00:00-03:00,S,1,9689.687175612356,57.31,16.41758241758242,0.0,6,0,0,0,0,0,0,0.3635
2026-09-20 02:00:00-03:00,S,7,9594.081140706556,57.31,15.776648351648353,0.0,6,0,0,0,0,0,0,0.3635
2026-09-20 02:00:00-03:00,SECO,1,37197.51422946545,57.31,19.32168585220943,0.0,6,0,0,0,0,0,0,0.0
2026-09-20 02:00:00-03:00,SECO,7,38874.38399368778,57.31,19.48147047901968,0.0,6,0,0,0,0,0,0,0.0
2026-09-20 03:00:00-03:00,N,1,9457.71210862313,57.31,27.04018018018018,0.0,6,0,0,0,0,0,0,0.0
2026-09-20 03:00:00-03:00,N,7,9427.100870144552,57.31,27.672612612612618,0.0,6,0,0,0,0,0,0,0.0
2026-09-20 03:00:00-03:00,NE,1,14089.324827204167,57.31,24.317101449275363,0.0,6,0,0,0,0,0,0,0.0
2026-09-20 03:00:00-03:00,NE,7,13726.631751681309,57.31,24.416135265700483,0.0,6,0,0,0,0,0,0,0.0
2026-09-20 03:00:00-03:00,S,1,9421.057637777894,57.31,16.687637362637364,0.0,6,0,0,0,0,0,0,0.3635
2026-09-20 03:00:00-03:00,S,7,9335.69352640404,57.31,15.840109890109892,0.0,6,0,0,0,0,0,0,0.3635
2026-09-20 03:00:00-03:00,SECO,1,36405.50343905921,57.31,19.264314890456745,0.0,6,0,0,0,0,0,0,0.0
2026-09-20 03:00:00-03:00,SECO,7,37989.5374610099,57.31,19.525324916450057,0.0,6,0,0,0,0,0,0,0.0
2026-09-20 04:00:00-03:00,N,1,9278.615705482936,57.31,26.792792792792795,0.0,6,0,0,0,0,0,0,0.0
2026-09-20 04:00:00-03:00,N,7,9241.237404736625,57.31,27.780900900900903,0.0,6,0,0,0,0,0,0,0.0
2026-09-20 04:00:00-03:00,NE,1,13924.247032170582,57.31,24.16628019323672,0.0,6,0,0,0,0,0,0,0.0
2026-09-20 04:00:00-03:00,NE,7,13599.313959706004,57.31,24.73671497584541,0.0,6,0,0,0,0,0,0,0.0
2026-09-20 04:00:00-03:00,S,1,9259.206102700007,57.31,16.96456043956044,0.0,6,0,0,0,0,0,0,0.3635
2026-09-20 04:00:00-03:00,S,7,9152.044183744854,57.31,15.964285714285715,0.0,6,0,0,0,0,0,0,0.3635
2026-09-20 04:00:00-03:00,SECO,1,36150.53627684711,57.31,19.27356108429261,0.0,6,0,0,0,0,0,0,0.0
2026-09-20 04:00:00-03:00,SECO,7,37557.79034765223,57.31,19.600556999628665,0.0,6,0,0,0,0,0,0,0.0
2026-09-20 05:00:00-03:00,N,1,9053.14251051076,57.31,26.56,0.1873873873873874,6,0,0,0,0,0,0,0.0
2026-09-20 05:00:00-03:00,N,7,9096.22170184613,57.31,28.07081081081081,0.0,6,0,0,0,0,0,0,0.0
2026-09-20 05:00:00-03:00,NE,1,13261.629676152024,57.31,23.950144927536236,23.880193236714977,6,0,0,0,0,0,0,0.0
2026-09-20 05:00:00-03:00,NE,7,13002.403241915375,57.31,25.23632850241546,21.935265700483093,6,0,0,0,0,0,0,0.0
2026-09-20 05:00:00-03:00,S,1,9347.427073485936,57.31,17.274175824175824,0.0,6,0,0,0,0,0,0,0.3635
2026-09-20 05:00:00-03:00,S,7,9227.534845318713,57.31,16.15192307692308,0.0,6,0,0,0,0,0,0,0.3635
2026-09-20 05:00:00-03:00,SECO,1,36144.68616615334,57.31,19.21392499071667,0.6186409209060527,6,0,0,0,0,0,0,0.0
2026-09-20 05:00:00-03:00,SECO,7,37420.19184765223,57.31,19.81637578908281,0.0950612699591533,6,0,0,0,0,0,0,0.0
2026-09-20 06:00:00-03:00,N,1,8632.98595317222,57.31,26.422162162162163,38.32072072072072,6,0,0,0,0,0,0,0.0
2026-09-20 06:00:00-03:00,N,7,8730.05632798525,57.31,28.50558558558559,37.62882882882883,6,0,0,0,0,0,0,0.0
2026-09-20 06:00:00-03:00,NE,1,12439.97265033794,57.31,23.965893719806765,187.8937198067633,6,0,0,0,0,0,0,0.0
2026-09-20 06:00:00-03:00,NE,7,12227.132411243738,57.31,25.869565217391305,190.1159420289855,6,0,0,0,0,0,0,0.0
2026-09-20 06:00:00-03:00,S,1,9362.746064329178,57.31,17.688186813186814,19.26923076923077,6,0,0,0,0,0,0,0.3635
2026-09-20 06:00:00-03:00,S,7,9306.051262456973,57.31,16.324725274725274,11.714285714285715,6,0,0,0,0,0,0,0.3635
2026-09-20 06:00:00-03:00,SECO,1,35446.434970061426,57.31,19.13163757890828,53.17638321574452,6,0,0,0,0,0,0,0.0
2026-09-20 06:00:00-03:00,SECO,7,36775.350317354896,57.31,20.156294095803936,37.453769030820645,6,0,0,0,0,0,0,0.0
2026-09-20 07:00:00-03:00,N,1,8548.458811809884,57.31,26.834054054054057,186.1045045045045,6,0,0,0,0,0,0,0.0
2026-09-20 07:00:00-03:00,N,7,8553.722617423962,57.31,29.032612612612613,194.5315315315316,6,0,0,0,0,0,0,0.0
2026-09-20 07:00:00-03:00,NE,1,12094.76038747801,57.31,25.00570048309179,414.1352657004831,6,0,0,0,0,0,0,0.0
2026-09-20 07:00:00-03:00,NE,7,11882.143731151344,57.31,26.524444444444445,393.7768115942029,6,0,0,0,0,0,0,0.0
2026-09-20 07:00:00-03:00,S,1,9649.351022212291,57.31,18.265659340659344,110.24450549450547,6,0,0,0,0,0,0,0.3635
2026-09-20 07:00:00-03:00,S,7,9461.522257386812,57.31,16.646153846153847,77.29945054945054,6,0,0,0,0,0,0,0.3635
2026-09-20 07:00:00-03:00,SECO,1,35431.815916995416,57.31,19.89825473449684,196.1262532491645,6,0,0,0,0,0,0,0.0
2026-09-20 07:00:00-03:00,SECO,7,36520.00076018505,57.31,20.529706646862238,142.35239509840326,6,0,0,0,0,0,0,0.0
2026-09-20 08:00:00-03:00,N,1,8563.920659371437,57.31,27.968648648648653,407.8432432432433,6,0,0,0,0,0,0,0.0
2026-09-20 08:00:00-03:00,N,7,8591.909801404145,57.31,29.57495495495496,410.3207207207208,6,0,0,0,0,0,0,0.0
2026-09-20 08:00:00-03:00,NE,1,11883.612951835894,57.31,26.255362318840582,608.5623188405798,6,0,0,0,0,0,0,0.0
2026-09-20 08:00:00-03:00,NE,7,11588.553603404374,57.31,27.118937198067638,575.2260869565217,6,0,0,0,0,0,0,0.0
2026-09-20 08:00:00-03:00,S,1,10523.997451574063,57.31,19.303846153846152,183.70054945054943,6,0,0,0,0,0,0,0.3635
2026-09-20 08:00:00-03:00,S,7,9940.791971713728,57.31,17.0771978021978,171.3598901098901,6,0,0,0,0,0,0,0.3635
2026-09-20 08:00:00-03:00,SECO,1,36429.79048455774,57.31,21.347567768288155,411.0690679539547,6,0,0,0,0,0,0,0.0
2026-09-20 08:00:00-03:00,SECO,7,37016.57503922231,57.31,20.907129595246936,354.14593390271074,6,0,0,0,0,0,0,0.0
2026-09-20 09:00:00-03:00,N,1,8584.06035567031,57.31,29.63315315315316,619.5477477477477,6,0,0,0,0,0,0,0.0
2026-09-20 09:00:00-03:00,N,7,8716.770889002264,57.31,30.074774774774777,597.1657657657659,6,0,0,0,0,0,0,0.0
2026-09-20 09:00:00-03:00,NE,1,11808.575998268656,57.31,27.40425120772947,785.2057971014493,6,0,0,0,0,0,0,0.0
2026-09-20 09:00:00-03:00,NE,7,11528.207420363393,57.31,27.470821256038647,791.663768115942,6,0,0,0,0,0,0,0.0
2026-09-20 09:00:00-03:00,S,1,10966.74718817952,57.31,19.377747252747252,348.2802197802198,6,0,0,0,0,0,0,0.3635
2026-09-20 09:00:00-03:00,S,7,10334.947559875587,57.31,16.62554945054945,258.739010989011,6,0,0,0,0,0,0,0.3635
2026-09-20 09:00:00-03:00,SECO,1,38068.29169252459,57.31,23.166060155959897,569.2380245079836,6,0,0,0,0,0,0,0.0
2026-09-20 09:00:00-03:00,SECO,7,37976.13596591097,57.31,21.480690679539546,480.5963609357594,6,0,0,0,0,0,0,0.0
2026-09-20 10:00:00-03:00,N,1,8807.645887474802,57.31,31.42702702702703,745.6990990990992,6,0,0,0,0,0,0,0.0
2026-09-20 10:00:00-03:00,N,7,8874.368237572213,57.31,30.743963963963967,739.3801801801802,6,0,0,0,0,0,0,0.0
2026-09-20 10:00:00-03:00,NE,1,12190.962749623495,57.31,28.05536231884058,887.8502415458938,6,0,0,0,0,0,0,0.0
2026-09-20 10:00:00-03:00,NE,7,11925.342631123116,57.31,27.859420289855077,894.7265700483092,6,0,0,0,0,0,0,0.0
2026-09-20 10:00:00-03:00,S,1,12030.73115990056,57.31,21.322252747252747,423.7719780219781,6,0,0,0,0,0,0,0.3635
2026-09-20 10:00:00-03:00,S,7,11232.47848543273,57.31,17.202747252747255,322.00274725274727,6,0,0,0,0,0,0,0.3635
2026-09-20 10:00:00-03:00,SECO,1,40329.604169110455,57.31,24.58303007797995,613.4968436687709,6,0,0,0,0,0,0,0.0
2026-09-20 10:00:00-03:00,SECO,7,39884.2549842644,57.31,22.1986632008912,563.0965466023023,6,0,0,0,0,0,0,0.0
2026-09-20 11:00:00-03:00,N,1,8964.812023268942,57.31,32.730270270270275,894.8126126126126,6,0,0,0,0,0,0,0.0
2026-09-20 11:00:00-03:00,N,7,9087.987167892865,57.31,31.641441441441444,827.2864864864865,6,0,0,0,0,0,0,0.0
2026-09-20 11:00:00-03:00,NE,1,12303.268666917193,57.31,28.584444444444447,943.7864734299516,6,0,0,0,0,0,0,0.0
2026-09-20 11:00:00-03:00,NE,7,12059.176234228333,57.31,28.154492753623188,929.7246376811596,6,0,0,0,0,0,0,0.0
2026-09-20 11:00:00-03:00,S,1,12598.32269846508,57.31,22.165659340659342,636.1346153846155,6,0,0,0,0,0,0,0.3635
2026-09-20 11:00:00-03:00,S,7,11979.891342755274,57.31,18.004395604395604,364.3489010989011,6,0,0,0,0,0,0,0.3635
2026-09-20 11:00:00-03:00,SECO,1,42126.24944617255,57.31,25.16721128852581,653.7727441515038,6,0,0,0,0,0,0,0.0
2026-09-20 11:00:00-03:00,SECO,7,42199.48514395537,57.31,23.067916821388785,600.4307463795024,6,0,0,0,0,0,0,0.0
2026-09-20 12:00:00-03:00,N,1,9229.939466459056,57.31,33.66630630630631,940.4468468468468,6,0,0,0,0,0,0,0.0
2026-09-20 12:00:00-03:00,N,7,9292.003471768016,57.31,32.60378378378378,855.2,6,0,0,0,0,0,0,0.0
2026-09-20 12:00:00-03:00,NE,1,12278.109659540827,57.31,28.9080193236715,915.2608695652174,6,0,0,0,0,0,0,0.0
2026-09-20 12:00:00-03:00,NE,7,12037.844669914204,57.31,28.43265700483092,892.5768115942029,6,0,0,0,0,0,0,0.0
2026-09-20 12:00:00-03:00,S,1,12243.431912469548,57.31,23.56868131868132,598.054945054945,6,0,0,0,0,0,0,0.3635
2026-09-20 12:00:00-03:00,S,7,11677.819563083627,57.31,18.864285714285717,381.9505494505495,6,0,0,0,0,0,0,0.3635
2026-09-20 12:00:00-03:00,SECO,1,43134.33887702838,57.31,25.65640549572967,669.0486446342369,6,0,0,0,0,0,0,0.0
2026-09-20 12:00:00-03:00,SECO,7,43577.83822558061,57.31,23.9700705532863,591.1299665800223,6,0,0,0,0,0,0,0.0
2026-09-20 13:00:00-03:00,N,1,9554.099340407372,57.31,34.44936936936937,907.3153153153154,6,0,0,0,0,0,0,0.0
2026-09-20 13:00:00-03:00,N,7,9580.974588825517,57.31,33.4772972972973,820.6774774774776,6,0,0,0,0,0,0,0.0
2026-09-20 13:00:00-03:00,NE,1,12156.666717894388,57.31,29.01768115942029,804.7352657004831,6,0,0,0,0,0,0,0.0
2026-09-20 13:00:00-03:00,NE,7,11902.418297358854,57.31,28.61178743961353,785.5487922705314,6,0,0,0,0,0,0,0.0
2026-09-20 13:00:00-03:00,S,1,12045.84620276182,57.31,23.746153846153845,612.1428571428572,6,0,0,0,0,0,0,0.3635
2026-09-20 13:00:00-03:00,S,7,11598.815665094173,57.31,19.63901098901099,371.7087912087912,6,0,0,0,0,0,0,0.3635
2026-09-20 13:00:00-03:00,SECO,1,44504.31258856293,57.31,26.58236167842555,580.4660230226513,6,0,0,0,0,0,0,0.0
2026-09-20 13:00:00-03:00,SECO,7,44052.23063680307,57.31,24.805829929446716,536.821017452655,6,0,0,0,0,0,0,0.0
2026-09-20 14:00:00-03:00,N,1,9608.305115413688,57.31,34.38306306306306,760.7495495495496,6,0,0,0,0,0,0,0.0
2026-09-20 14:00:00-03:00,N,7,9566.72534037003,57.31,34.098018018018024,725.4702702702704,6,0,0,0,0,0,0,0.0
2026-09-20 14:00:00-03:00,NE,1,12242.106828501584,57.31,28.796135265700485,615.2676328502415,6,0,0,0,0,0,0,0.0
2026-09-20 14:00:00-03:00,NE,7,12003.107818327067,57.31,28.668115942028987,618.2830917874396,6,0,0,0,0,0,0,0.0
2026-09-20 14:00:00-03:00,S,1,11879.880190751002,57.31,24.111263736263737,560.0494505494505,6,0,0,0,0,0,0,0.3635
2026-09-20 14:00:00-03:00,S,7,11338.800367731965,57.31,20.24065934065934,332.5521978021978,6,0,0,0,0,0,0,0.3635
2026-09-20 14:00:00-03:00,SECO,1,44159.40644913331,57.31,26.9969922020052,432.39955440029706,6,0,0,0,0,0,0,0.0
2026-09-20 14:00:00-03:00,SECO,7,43815.57564839933,57.31,25.34210917192722,443.9751206832528,6,0,0,0,0,0,0,0.0
2026-09-20 15:00:00-03:00,N,1,9399.80660915221,57.31,33.33045045045045,591.0522522522523,6,0,0,0,0,0,0,0.0
2026-09-20 15:00:00-03:00,N,7,9458.106102350825,57.31,34.39423423423424,570.664864864865,6,0,0,0,0,0,0,0.0
2026-09-20 15:00:00-03:00,NE,1,12563.849027384522,57.31,28.396618357487924,397.5971014492754,6,0,0,0,0,0,0,0.0
2026-09-20 15:00:00-03:00,NE,7,12305.971646210552,57.31,28.58840579710145,389.2628019323672,6,0,0,0,0,0,0,0.0
2026-09-20 15:00:00-03:00,S,1,12111.849255219517,57.31,24.876648351648356,374.09615384615387,6,0,0,0,0,0,0,0.3635
2026-09-20 15:00:00-03:00,S,7,11701.285709240798,57.31,20.55027472527473,287.05219780219784,6,0,0,0,0,0,0,0.3635
2026-09-20 15:00:00-03:00,SECO,1,43823.97192487623,57.31,26.14990716672856,284.3416264389157,6,0,0,0,0,0,0,0.0
2026-09-20 15:00:00-03:00,SECO,7,43442.77917483279,57.31,25.563535090976604,294.24136650575565,6,0,0,0,0,0,0,0.0
2026-09-20 16:00:00-03:00,N,1,9341.283235338797,57.31,32.90126126126126,385.5855855855856,6,0,0,0,0,0,0,0.0
2026-09-20 16:00:00-03:00,N,7,9433.719248946763,57.31,34.22576576576577,383.91171171171175,6,0,0,0,0,0,0,0.0
2026-09-20 16:00:00-03:00,NE,1,13291.172150701595,57.31,27.78695652173913,155.59420289855072,6,0,0,0,0,0,0,0.0
2026-09-20 16:00:00-03:00,NE,7,13100.57024457468,57.31,28.35613526570048,165.2144927536232,6,0,0,0,0,0,0,0.0
2026-09-20 16:00:00-03:00,S,1,12582.21578523035,57.31,23.810714285714287,276.5274725274725,6,0,0,0,0,0,0,0.3635
2026-09-20 16:00:00-03:00,S,7,12590.836293570845,57.31,20.45302197802198,186.2032967032967,6,0,0,0,0,0,0,0.3635
2026-09-20 16:00:00-03:00,SECO,1,43911.86706207222,57.31,25.22766431489045,171.45042703304864,6,0,0,0,0,0,0,0.0
2026-09-20 16:00:00-03:00,SECO,7,44217.12807042655,57.31,25.34511696992202,170.757519494987,6,0,0,0,0,0,0,0.0
2026-09-20 17:00:00-03:00,N,1,9219.79343529706,115.52,32.16954954954955,165.5855855855856,6,0,0,0,0,0,0,0.0
2026-09-20 17:00:00-03:00,N,7,9323.361618062743,115.52,33.71351351351352,174.47027027027028,6,0,0,0,0,0,0,0.0
2026-09-20 17:00:00-03:00,NE,1,14275.997867937906,115.51,26.89391304347826,10.009661835748792,6,0,0,0,0,0,0,0.0
2026-09-20 17:00:00-03:00,NE,7,14142.320592395668,115.51,27.982222222222223,9.337198067632851,6,0,0,0,0,0,0,0.0
2026-09-20 17:00:00-03:00,S,1,13149.81333114959,115.5,23.256593406593407,89.46153846153845,6,0,0,0,0,0,0,0.3635
2026-09-20 17:00:00-03:00,S,7,13421.8343033574,115.5,20.01236263736264,67.52747252747253,6,0,0,0,0,0,0,0.3635
2026-09-20 17:00:00-03:00,SECO,1,46297.43644926117,115.51,24.352655031563312,42.95246936502042,6,0,0,0,0,0,0,0.0
2026-09-20 17:00:00-03:00,SECO,7,46774.55774981935,115.51,24.745711102859264,48.36019309320461,6,0,0,0,0,0,0,0.0
2026-09-20 18:00:00-03:00,N,1,9372.202637923116,141.28,31.25135135135136,26.64144144144144,6,0,0,0,0,0,0,0.0
2026-09-20 18:00:00-03:00,N,7,9526.526374681316,141.28,33.00720720720721,28.56936936936937,6,0,0,0,0,0,0,0.0
2026-09-20 18:00:00-03:00,NE,1,15557.868709936003,141.27,26.36009661835749,0.0,6,0,0,0,0,0,0,0.0
2026-09-20 18:00:00-03:00,NE,7,15367.227642781008,141.27,27.445603864734306,0.0,6,0,0,0,0,0,0,0.0
2026-09-20 18:00:00-03:00,S,1,14753.6604333896,141.27,22.203296703296704,1.7307692307692308,6,0,0,0,0,0,0,0.3635
2026-09-20 18:00:00-03:00,S,7,14893.080118995147,141.27,19.401373626373623,0.7307692307692308,6,0,0,0,0,0,0,0.3635
2026-09-20 18:00:00-03:00,SECO,1,49112.978044964,141.28,23.44563683624211,3.963238024507984,6,0,0,0,0,0,0,0.0
2026-09-20 18:00:00-03:00,SECO,7,49337.34021478049,141.28,23.928035647976237,3.5803936130709246,6,0,0,0,0,0,0,0.0
2026-09-20 19:00:00-03:00,N,1,9709.225916351908,124.5,30.441981981981986,0.0,6,0,0,0,0,0,0,0.0
2026-09-20 19:00:00-03:00,N,7,9912.918891378848,124.5,32.1563963963964,0.0,6,0,0,0,0,0,0,0.0
2026-09-20 19:00:00-03:00,NE,1,15611.88272929124,124.49,26.24038647342995,0.0,6,0,0,0,0,0,0,0.0
2026-09-20 19:00:00-03:00,NE,7,15399.413375185586,124.49,26.916618357487923,0.0,6,0,0,0,0,0,0,0.0
2026-09-20 19:00:00-03:00,S,1,14949.42674267792,124.48,21.26510989010989,0.0,6,0,0,0,0,0,0,0.3635
2026-09-20 19:00:00-03:00,S,7,15092.022011920091,124.48,18.71730769230769,0.0,6,0,0,0,0,0,0,0.3635
2026-09-20 19:00:00-03:00,SECO,1,49121.586250894565,124.49,22.876865948756038,0.1106572595618269,6,0,0,0,0,0,0,0.0
2026-09-20 19:00:00-03:00,SECO,7,49547.73144974087,124.49,22.99907166728556,0.0802079465280356,6,0,0,0,0,0,0,0.0
2026-09-20 20:00:00-03:00,N,1,9899.307578494176,117.28,30.043063063063062,0.0,6,0,0,0,0,0,0,0.0
2026-09-20 20:00:00-03:00,N,7,10072.21889508202,117.28,31.31927927927928,0.0,6,0,0,0,0,0,0,0.0
2026-09-20 20:00:00-03:00,NE,1,15570.80574609659,117.27,26.050821256038645,0.0,6,0,0,0,0,0,0,0.0
2026-09-20 20:00:00-03:00,NE,7,15330.030102613267,117.27,26.40086956521739,0.0,6,0,0,0,0,0,0,0.0
2026-09-20 20:00:00-03:00,S,1,14396.858590532613,117.27,20.73379120879121,0.0,6,0,0,0,0,0,0,0.3635
2026-09-20 20:00:00-03:00,S,7,14599.93088441366,117.27,18.05494505494505,0.0,6,0,0,0,0,0,0,0.3635
2026-09-20 20:00:00-03:00,SECO,1,48586.15702838441,117.28,22.66635722242852,0.0,6,0,0,0,0,0,0,0.0
2026-09-20 20:00:00-03:00,SECO,7,48779.99409976095,117.28,22.115261789825475,0.0,6,0,0,0,0,0,0,0.0
2026-09-20 21:00:00-03:00,N,1,10146.266224154784,116.14,29.971891891891893,0.0,6,0,0,0,0,0,0,0.0
2026-09-20 21:00:00-03:00,N,7,10225.9903870503,116.14,30.380900900900905,0.0,6,0,0,0,0,0,0,0.0
2026-09-20 21:00:00-03:00,NE,1,15661.523983666291,116.13,25.64850241545894,0.0,6,0,0,0,0,0,0,0.0
2026-09-20 21:00:00-03:00,NE,7,15606.30952568618,116.13,26.27130434782609,0.0,6,0,0,0,0,0,0,0.0
2026-09-20 21:00:00-03:00,S,1,13579.279948476384,116.12,20.302472527472528,0.0,6,0,0,0,0,0,0,0.3635
2026-09-20 21:00:00-03:00,S,7,14007.117349058535,116.12,19.764285714285712,0.0,6,0,0,0,0,0,0,0.3635
2026-09-20 21:00:00-03:00,SECO,1,47730.54999436057,116.13,22.117118455254364,0.0,6,0,0,0,0,0,0,0.0
2026-09-20 21:00:00-03:00,SECO,7,48074.51570055965,116.13,22.54255477163015,0.0,6,0,0,0,0,0,0,0.0
2026-09-20 22:00:00-03:00,N,1,10249.421306302203,112.17,29.12972972972973,0.0,6,0,0,0,0,0,0,0.0
2026-09-20 22:00:00-03:00,N,7,10419.634272525507,112.17,29.82360360360361,0.0,6,0,0,0,0,0,0,0.0
2026-09-20 22:00:00-03:00,NE,1,15546.854026336014,112.16,25.395555555555557,0.0,6,0,0,0,0,0,0,0.0
2026-09-20 22:00:00-03:00,NE,7,15538.33146306237,112.16,25.90570048309179,0.0,6,0,0,0,0,0,0,0.0
2026-09-20 22:00:00-03:00,S,1,12688.586206879188,112.15,20.2728021978022,0.0,6,0,0,0,0,0,0,0.3635
2026-09-20 22:00:00-03:00,S,7,12927.265767345802,112.15,19.28846153846154,0.0,6,0,0,0,0,0,0,0.3635
2026-09-20 22:00:00-03:00,SECO,1,45476.24169611221,112.16,21.70909766060156,0.0,6,0,0,0,0,0,0,0.0
2026-09-20 22:00:00-03:00,SECO,7,46040.20678254613,112.16,22.07760861492759,0.0,6,0,0,0,0,0,0,0.0
2026-09-20 23:00:00-03:00,N,1,10167.552276931672,106.96,28.54954954954955,0.0,6,0,0,0,0,0,0,0.0
2026-09-20 23:00:00-03:00,N,7,10383.582052583995,106.96,29.22684684684685,0.0,6,0,0,0,0,0,0,0.0
2026-09-20 23:00:00-03:00,NE,1,15185.642339041058,106.95,24.93449275362319,0.0,6,0,0,0,0,0,0,0.0
2026-09-20 23:00:00-03:00,NE,7,15131.914451652718,106.95,25.48444444444444,0.0,6,0,0,0,0,0,0,0.0
2026-09-20 23:00:00-03:00,S,1,11638.647533060292,106.95,19.892857142857142,0.0,6,0,0,0,0,0,0,0.3635
2026-09-20 23:00:00-03:00,S,7,11799.094321658602,106.95,18.812637362637364,0.0,6,0,0,0,0,0,0,0.3635
2026-09-20 23:00:00-03:00,SECO,1,42958.16763591242,106.96,21.31897512068325,0.0,6,0,0,0,0,0,0,0.0
2026-09-20 23:00:00-03:00,SECO,7,43189.16432473815,106.96,21.63271444485704,0.0,6,0,0,0,0,0,0,0.0
2026-09-21 00:00:00-03:00,N,1,10045.545407686011,102.35,28.23621621621622,0.0,0,0,0,0,0,0,0,0.0
2026-09-21 00:00:00-03:00,N,7,10148.091237226748,102.35,28.58288288288289,0.0,0,0,0,0,0,0,0,0.0
2026-09-21 00:00:00-03:00,NE,1,14790.392527851802,102.34,24.657101449275363,0.0,0,0,0,0,0,0,0,0.0
2026-09-21 00:00:00-03:00,NE,7,14685.095504596187,102.34,25.04038647342995,0.0,0,0,0,0,0,0,0,0.0
2026-09-21 00:00:00-03:00,S,1,10858.59766567392,102.33,19.50054945054945,0.0,0,0,0,0,0,0,0,0.0
2026-09-21 00:00:00-03:00,S,7,10892.074089962029,102.33,18.521978021978025,0.0,0,0,0,0,0,0,0,0.0
2026-09-21 00:00:00-03:00,SECO,1,40871.316165285694,102.34,21.045079836613443,0.0,0,0,0,0,0,0,0,0.0
2026-09-21 00:00:00-03:00,SECO,7,39890.87147566689,102.34,21.265725956182692,0.0,0,0,0,0,0,0,0,0.0
2026-09-21 01:00:00-03:00,N,1,9765.992166307447,57.31,27.924864864864865,0.0,0,0,0,0,0,0,0,0.0
2026-09-21 01:00:00-03:00,N,7,9875.72273722675,57.31,28.05099099099099,0.0,0,0,0,0,0,0,0,0.0
2026-09-21 01:00:00-03:00,NE,1,14422.810616991945,57.31,24.31497584541063,0.0,0,0,0,0,0,0,0,0.0
2026-09-21 01:00:00-03:00,NE,7,14307.074317642917,57.31,24.71082125603865,0.0,0,0,0,0,0,0,0,0.0
2026-09-21 01:00:00-03:00,S,1,10335.781001731171,57.31,19.49203296703297,0.0,0,0,0,0,0,0,0,0.0
2026-09-21 01:00:00-03:00,S,7,10344.311412978024,57.31,18.231318681318683,0.0,0,0,0,0,0,0,0,0.0
2026-09-21 01:00:00-03:00,SECO,1,39139.89608302593,57.31,20.79710360193093,0.0,0,0,0,0,0,0,0,0.0
2026-09-21 01:00:00-03:00,SECO,7,38208.32030027239,57.31,20.94897883401411,0.0,0,0,0,0,0,0,0,0.0
2026-09-21 02:00:00-03:00,N,1,9579.583807600497,57.31,27.695135135135136,0.0,0,0,0,0,0,0,0,0.0
2026-09-21 02:00:00-03:00,N,7,9640.261986092795,57.31,27.691711711711715,0.0,0,0,0,0,0,0,0,0.0
2026-09-21 02:00:00-03:00,NE,1,14020.577287511402,57.31,24.09111111111111,0.0,0,0,0,0,0,0,0,0.0
2026-09-21 02:00:00-03:00,NE,7,13960.95917479346,57.31,24.49864734299517,0.0,0,0,0,0,0,0,0,0.0
2026-09-21 02:00:00-03:00,S,1,10071.637318920077,57.31,19.99945054945055,0.0,0,0,0,0,0,0,0,0.0
2026-09-21 02:00:00-03:00,S,7,9995.600471175998,57.31,18.05824175824176,0.0,0,0,0,0,0,0,0,0.0
2026-09-21 02:00:00-03:00,SECO,1,38099.04987251151,57.31,20.63108057927961,0.0,0,0,0,0,0,0,0,0.0
2026-09-21 02:00:00-03:00,SECO,7,37221.42639063583,57.31,20.88533234311177,0.0,0,0,0,0,0,0,0,0.0
2026-09-21 03:00:00-03:00,N,1,9396.1790537029,57.31,27.207747747747757,0.0,0,0,0,0,0,0,0,0.0
2026-09-21 03:00:00-03:00,N,7,9409.96647808798,57.31,27.522162162162164,0.0,0,0,0,0,0,0,0,0.0
2026-09-21 03:00:00-03:00,NE,1,13764.53300324576,57.31,23.90415458937198,0.0,0,0,0,0,0,0,0,0.0
2026-09-21 03:00:00-03:00,NE,7,13701.34885344912,57.31,24.49497584541063,0.0,0,0,0,0,0,0,0,0.0
2026-09-21 03:00:00-03:00,S,1,9988.47773471605,57.31,19.066208791208798,0.0,0,0,0,0,0,0,0,0.0
2026-09-21 03:00:00-03:00,S,7,9979.500969976543,57.31,18.1217032967033,0.0,0,0,0,0,0,0,0,0.0
2026-09-21 03:00:00-03:00,SECO,1,37588.81419218562,57.31,20.57344968436688,0.0,0,0,0,0,0,0,0,0.0
2026-09-21 03:00:00-03:00,SECO,7,36664.70320572202,57.31,20.94318603787597,0.0,0,0,0,0,0,0,0,0.0
2026-09-21 04:00:00-03:00,N,1,9174.039200524994,57.31,26.963423423423425,0.0,0,0,0,0,0,0,0,0.0
2026-09-21 04:00:00-03:00,N,7,9219.579139004509,57.31,27.6218018018018,0.0,0,0,0,0,0,0,0,0.0
2026-09-21 04:00:00-03:00,NE,1,13624.09977958566,57.31,23.690048309178746,0.0,0,0,0,0,0,0,0,0.0
2026-09-21 04:00:00-03:00,NE,7,13559.999689891,57.31,24.80830917874396,0.0,0,0,0,0,0,0,0,0.0
2026-09-21 04:00:00-03:00,S,1,10138.639619141228,57.31,19.06098901098901,0.0,0,0,0,0,0,0,0,0.0
2026-09-21 04:00:00-03:00,S,7,10159.78355732623,57.31,18.43928571428572,0.0,0,0,0,0,0,0,0,0.0
2026-09-21 04:00:00-03:00,SECO,1,37952.287076158376,57.31,20.59795766802822,0.0,0,0,0,0,0,0,0,0.0
2026-09-21 04:00:00-03:00,SECO,7,37154.91688518188,57.31,21.342294838470107,0.0,0,0,0,0,0,0,0,0.0
2026-09-21 05:00:00-03:00,N,1,9042.296623871129,93.59,26.663603603603605,0.1873873873873874,0,0,0,0,0,0,0,0.0
2026-09-21 05:00:00-03:00,N,7,9044.442485096311,93.59,27.881981981981983,0.0,0,0,0,0,0,0,0,0.0
2026-09-21 05:00:00-03:00,NE,1,13232.6656772277,93.58,23.52376811594203,24.3536231884058,0,0,0,0,0,0,0,0.0
2026-09-21 05:00:00-03:00,NE,7,13157.71907592026,93.58,25.32212560386473,23.769082125603862,0,0,0,0,0,0,0,0.0
2026-09-21 05:00:00-03:00,S,1,11039.885214019212,93.57,19.128846153846155,0.0,0,0,0,0,0,0,0,0.0
2026-09-21 05:00:00-03:00,S,7,11182.751188061153,93.57,18.97445054945055,0.0,0,0,0,0,0,0,0,0.0
2026-09-21 05:00:00-03:00,SECO,1,39850.233040036765,93.58,20.489268473821017,0.6542888971407352,0,0,0,0,0,0,0,0.0
2026-09-21 05:00:00-03:00,SECO,7,39710.504352379954,93.58,21.98139621240253,0.3137764574823616,0,0,0,0,0,0,0,0.0
2026-09-21 06:00:00-03:00,N,1,8656.525006157217,57.31,26.49117117117117,41.04144144144144,0,0,0,0,0,0,0,0.0
2026-09-21 06:00:00-03:00,N,7,8678.420573168367,57.31,28.294774774774776,41.82342342342342,0,0,0,0,0,0,0,0.0
2026-09-21 06:00:00-03:00,NE,1,13073.566204094132,57.31,23.667826086956524,195.3632850241546,0,0,0,0,0,0,0,0.0
2026-09-21 06:00:00-03:00,NE,7,13008.427559459502,57.31,25.983961352657005,198.59806763285025,0,0,0,0,0,0,0,0.0
2026-09-21 06:00:00-03:00,S,1,12583.29521107984,57.31,19.02362637362637,31.153846153846157,0,0,0,0,0,0,0,0.0
2026-09-21 06:00:00-03:00,S,7,12819.919007833128,57.31,19.660989010989013,24.115384615384613,0,0,0,0,0,0,0,0.0
2026-09-21 06:00:00-03:00,SECO,1,42552.03525775425,57.31,20.66735982176012,47.56888228741181,0,0,0,0,0,0,0,0.0
2026-09-21 06:00:00-03:00,SECO,7,42599.20579911257,57.31,22.74578536947642,68.2877831414779,0,0,0,0,0,0,0,0.0
2026-09-21 07:00:00-03:00,N,1,8787.263533983014,57.31,27.02990990990991,200.21981981981983,0,0,0,0,0,0,0,0.0
2026-09-21 07:00:00-03:00,N,7,8822.970687553357,57.31,28.84432432432433,209.1621621621622,0,0,0,0,0,0,0,0.0
2026-09-21 07:00:00-03:00,NE,1,13498.770414367376,57.31,24.70338164251208,424.9487922705314,0,0,0,0,0,0,0,0.0
2026-09-21 07:00:00-03:00,NE,7,13345.423765313204,57.31,26.67874396135266,407.3652173913043,0,0,0,0,0,0,0,0.0
2026-09-21 07:00:00-03:00,S,1,14103.774354567657,57.31,19.39478021978022,146.9230769230769,0,0,0,0,0,0,0,0.0
2026-09-21 07:00:00-03:00,S,7,14311.86382506715,57.31,20.384065934065934,141.76098901098902,0,0,0,0,0,0,0,0.0
2026-09-21 07:00:00-03:00,SECO,1,45240.14619122241,57.31,21.23497957668028,140.00037133308578,0,0,0,0,0,0,0,0.0
2026-09-21 07:00:00-03:00,SECO,7,44924.61189353798,57.31,23.61849238767174,248.6932788711474,0,0,0,0,0,0,0,0.0
2026-09-21 08:00:00-03:00,N,1,9434.096570393,57.31,28.210810810810813,429.4630630630631,0,0,0,0,0,0,0,0.0
2026-09-21 08:00:00-03:00,N,7,9403.011715882743,57.31,29.41189189189189,428.9423423423424,0,0,0,0,0,0,0,0.0
2026-09-21 08:00:00-03:00,NE,1,14354.099200641056,57.31,26.10434782608696,647.6251207729468,0,0,0,0,0,0,0,0.0
2026-09-21 08:00:00-03:00,NE,7,14028.098558654252,57.31,27.29719806763285,598.7584541062802,0,0,0,0,0,0,0,0.0
2026-09-21 08:00:00-03:00,S,1,15344.1448347283,57.31,20.50604395604396,326.5521978021978,0,0,0,0,0,0,0,0.0
2026-09-21 08:00:00-03:00,S,7,15599.822542522048,57.31,21.01923076923077,286.8626373626374,0,0,0,0,0,0,0,0.0
2026-09-21 08:00:00-03:00,SECO,1,47975.6551170952,57.31,21.968065354623096,314.4660230226513,0,0,0,0,0,0,0,0.0
2026-09-21 08:00:00-03:00,SECO,7,47606.87875257638,57.31,24.49580393613071,439.6891942072039,0,0,0,0,0,0,0,0.0
2026-09-21 09:00:00-03:00,N,1,9908.23203999228,57.31,29.866666666666667,646.3351351351351,0,0,0,0,0,0,0,0.0
2026-09-21 09:00:00-03:00,N,7,9882.40677721386,57.31,29.82900900900901,645.6144144144145,0,0,0,0,0,0,0,0.0
2026-09-21 09:00:00-03:00,NE,1,14675.857859267317,57.31,27.800579710144927,836.2618357487922,0,0,0,0,0,0,0,0.0
2026-09-21 09:00:00-03:00,NE,7,14438.98547597782,57.31,27.73748792270532,820.1681159420291,0,0,0,0,0,0,0,0.0
2026-09-21 09:00:00-03:00,S,1,16153.627843570875,57.31,22.611538461538466,442.8186813186813,0,0,0,0,0,0,0,0.0
2026-09-21 09:00:00-03:00,S,7,15892.939414433156,57.31,20.77554945054945,389.6181318681319,0,0,0,0,0,0,0,0.0
2026-09-21 09:00:00-03:00,SECO,1,50515.70727786719,57.31,23.389491273672483,414.9220200519866,0,0,0,0,0,0,0,0.0
2026-09-21 09:00:00-03:00,SECO,7,48941.24284381268,57.31,24.917229855180096,698.6732268845154,0,0,0,0,0,0,0,0.0
2026-09-21 10:00:00-03:00,N,1,10329.830855806818,57.31,31.428288288288293,832.6810810810812,0,0,0,0,0,0,0,0.0
2026-09-21 10:00:00-03:00,N,7,10264.736117489523,57.31,30.48522522522523,797.4954954954956,0,0,0,0,0,0,0,0.0
2026-09-21 10:00:00-03:00,NE,1,15115.509828530645,57.31,28.64386473429952,954.7942028985508,0,0,0,0,0,0,0,0.0
2026-09-21 10:00:00-03:00,NE,7,14818.956489863003,57.31,28.04405797101449,926.7420289855072,0,0,0,0,0,0,0,0.0
2026-09-21 10:00:00-03:00,S,1,16720.357032964897,57.31,22.005769230769232,310.3131868131868,0,0,0,0,0,0,0,0.0
2026-09-21 10:00:00-03:00,S,7,16102.247705141965,57.31,21.383516483516484,469.8434065934066,0,0,0,0,0,0,0,0.0
2026-09-21 10:00:00-03:00,SECO,1,51746.317986863534,57.31,24.676568882287413,658.6093575937616,0,0,0,0,0,0,0,0.0
2026-09-21 10:00:00-03:00,SECO,7,50521.55424393764,57.31,25.374192350538436,822.3275157816562,0,0,0,0,0,0,0,0.0
2026-09-21 11:00:00-03:00,N,1,10537.939569580496,57.31,32.83693693693694,936.291891891892,0,0,0,0,0,0,0,0.0
2026-09-21 11:00:00-03:00,N,7,10438.40293598834,57.31,31.34864864864865,888.5711711711713,0,0,0,0,0,0,0,0.0
2026-09-21 11:00:00-03:00,NE,1,15148.18483124201,57.31,28.97864734299517,989.4386473429952,0,0,0,0,0,0,0,0.0
2026-09-21 11:00:00-03:00,NE,7,14857.620989863004,57.31,28.33913043478261,962.5826086956522,0,0,0,0,0,0,0,0.0
2026-09-21 11:00:00-03:00,S,1,16866.21421538076,57.31,21.782967032967036,403.6510989010989,0,0,0,0,0,0,0,0.0
2026-09-21 11:00:00-03:00,S,7,16318.168761953131,57.31,22.03324175824176,514.9972527472528,0,0,0,0,0,0,0,0.0
2026-09-21 11:00:00-03:00,SECO,1,53574.51159898976,57.31,26.50237653174898,772.0482733011512,0,0,0,0,0,0,0,0.0
2026-09-21 11:00:00-03:00,SECO,7,52003.19477523425,57.31,25.77426661715559,871.3330857779428,0,0,0,0,0,0,0,0.0
2026-09-21 12:00:00-03:00,N,1,10844.48252705996,57.31,33.97027027027027,942.036036036036,0,0,0,0,0,0,0,0.0
2026-09-21 12:00:00-03:00,N,7,10724.059726586982,57.31,32.263063063063065,911.3675675675676,0,0,0,0,0,0,0,0.0
2026-09-21 12:00:00-03:00,NE,1,14878.590468559058,57.31,29.140676328502416,942.7584541062802,0,0,0,0,0,0,0,0.0
2026-09-21 12:00:00-03:00,NE,7,14603.948156831584,57.31,28.55304347826087,923.8038647342996,0,0,0,0,0,0,0,0.0
2026-09-21 12:00:00-03:00,S,1,16329.530533663768,57.31,22.97335164835165,380.5796703296704,0,0,0,0,0,0,0,0.0
2026-09-21 12:00:00-03:00,S,7,15539.638522363482,57.31,22.682967032967035,523.5796703296703,0,0,0,0,0,0,0,0.0
2026-09-21 12:00:00-03:00,SECO,1,53786.27283004754,57.31,28.25907909394727,835.4158930560712,0,0,0,0,0,0,0,0.0
2026-09-21 12:00:00-03:00,SECO,7,51282.87296888392,57.31,26.0989974006684,842.8228741180839,0,0,0,0,0,0,0,0.0
2026-09-21 13:00:00-03:00,N,1,11220.446552238844,57.31,34.3427027027027,879.0504504504505,0,0,0,0,0,0,0,0.0
2026-09-21 13:00:00-03:00,N,7,10997.037773399872,57.31,33.04864864864865,863.8990990990992,0,0,0,0,0,0,0,0.0
2026-09-21 13:00:00-03:00,NE,1,14957.665866872185,57.31,28.96048309178744,821.5768115942029,0,0,0,0,0,0,0,0.0
2026-09-21 13:00:00-03:00,NE,7,14691.547034960868,57.31,28.700193236714977,813.4202898550725,0,0,0,0,0,0,0,0.0
2026-09-21 13:00:00-03:00,S,1,16493.269909575596,57.31,23.91730769230769,434.1785714285714,0,0,0,0,0,0,0,0.0
2026-09-21 13:00:00-03:00,S,7,15907.450686433254,57.31,23.26648351648352,494.73901098901104,0,0,0,0,0,0,0,0.0
2026-09-21 13:00:00-03:00,SECO,1,54924.59075913182,57.31,29.404270330486444,786.0018566654289,0,0,0,0,0,0,0,0.0
2026-09-21 13:00:00-03:00,SECO,7,51529.47534137874,57.31,26.314556256962497,743.1351652432231,0,0,0,0,0,0,0,0.0
2026-09-21 14:00:00-03:00,N,1,11408.58266998769,57.31,34.061081081081085,777.4936936936938,0,0,0,0,0,0,0,0.0
2026-09-21 14:00:00-03:00,N,7,11296.526227642824,57.31,33.6581981981982,751.6360360360361,0,0,0,0,0,0,0,0.0
2026-09-21 14:00:00-03:00,NE,1,15377.719074223442,57.31,28.914589371980675,618.4125603864734,0,0,0,0,0,0,0,0.0
2026-09-21 14:00:00-03:00,NE,7,15280.83599839312,57.31,28.724927536231885,640.4135265700484,0,0,0,0,0,0,0,0.0
2026-09-21 14:00:00-03:00,S,1,16839.829170348643,57.31,24.309890109890112,323.8873626373626,0,0,0,0,0,0,0,0.0
2026-09-21 14:00:00-03:00,S,7,16044.958558590866,57.31,23.64478021978022,429.043956043956,0,0,0,0,0,0,0,0.0
2026-09-21 14:00:00-03:00,SECO,1,53682.0460677071,57.31,29.15469736353509,555.6427775714816,0,0,0,0,0,0,0,0.0
2026-09-21 14:00:00-03:00,SECO,7,51278.69781161128,57.31,26.410063126624586,587.7233568510954,0,0,0,0,0,0,0,0.0
2026-09-21 15:00:00-03:00,N,1,11191.843802850828,57.31,33.405765765765764,605.1783783783784,0,0,0,0,0,0,0,0.0
2026-09-21 15:00:00-03:00,N,7,11209.934565649197,57.31,33.884684684684686,553.0990990990991,0,0,0,0,0,0,0,0.0
2026-09-21 15:00:00-03:00,NE,1,15915.823481735026,57.31,28.55913043478261,393.5400966183575,0,0,0,0,0,0,0,0.0
2026-09-21 15:00:00-03:00,NE,7,15639.524069867675,57.31,28.666086956521735,403.69565217391306,0,0,0,0,0,0,0,0.0
2026-09-21 15:00:00-03:00,S,1,16711.54136910885,57.31,22.53763736263736,229.98076923076923,0,0,0,0,0,0,0,0.0
2026-09-21 15:00:00-03:00,S,7,16191.88903085842,57.31,23.74478021978022,337.00549450549454,0,0,0,0,0,0,0,0.0
2026-09-21 15:00:00-03:00,SECO,1,54433.45627715233,57.31,29.54589676940215,367.4738210174526,0,0,0,0,0,0,0,0.0
2026-09-21 15:00:00-03:00,SECO,7,51230.53784061055,57.31,26.36505755662829,315.1032305978463,0,0,0,0,0,0,0,0.0
2026-09-21 16:00:00-03:00,N,1,10828.518873615574,121.94,32.94846846846847,382.62342342342345,0,0,0,0,0,0,0,0.0
2026-09-21 16:00:00-03:00,N,7,10928.387260167245,121.94,33.695855855855854,362.70810810810815,0,0,0,0,0,0,0,0.0
2026-09-21 16:00:00-03:00,NE,1,16143.129450972574,121.93,28.139130434782608,159.09855072463768,0,0,0,0,0,0,0,0.0
2026-09-21 16:00:00-03:00,NE,7,15980.25877866111,121.93,28.4575845410628,170.6647342995169,0,0,0,0,0,0,0,0.0
2026-09-21 16:00:00-03:00,S,1,16675.346777638744,121.92,22.04587912087912,101.65934065934066,0,0,0,0,0,0,0,0.0
2026-09-21 16:00:00-03:00,S,7,16395.648454899117,121.92,23.495054945054942,212.4697802197802,0,0,0,0,0,0,0,0.0
2026-09-21 16:00:00-03:00,SECO,1,53952.14360110057,121.93,27.545933902710733,169.30003713330856,0,0,0,0,0,0,0,0.0
2026-09-21 16:00:00-03:00,SECO,7,51567.24490445519,121.93,26.08919420720386,178.0995172669885,0,0,0,0,0,0,0,0.0
2026-09-21 17:00:00-03:00,N,1,10216.958893953515,164.45,32.60738738738739,166.14774774774776,0,0,0,0,0,0,0,0.0
2026-09-21 17:00:00-03:00,N,7,10292.754914990765,164.45,33.1227027027027,155.790990990991,0,0,0,0,0,0,0,0.0
2026-09-21 17:00:00-03:00,NE,1,15816.133972166934,164.44,27.44850241545894,11.135265700483092,0,0,0,0,0,0,0,0.0
2026-09-21 17:00:00-03:00,NE,7,15685.072708259488,164.44,28.06975845410628,9.485990338164251,0,0,0,0,0,0,0,0.0
2026-09-21 17:00:00-03:00,S,1,16640.24757048208,164.44,21.474725274725277,58.10714285714285,0,0,0,0,0,0,0,0.0
2026-09-21 17:00:00-03:00,S,7,16597.69353273028,164.44,22.90357142857143,73.46428571428572,0,0,0,0,0,0,0,0.0
2026-09-21 17:00:00-03:00,SECO,1,52868.86131656858,164.45,26.478165614556257,57.29149647233569,0,0,0,0,0,0,0,0.0
2026-09-21 17:00:00-03:00,SECO,7,51747.09081581102,164.45,25.595581136279243,49.0943186037876,0,0,0,0,0,0,0,0.0
2026-09-21 18:00:00-03:00,N,1,9944.439876399843,582.25,32.05981981981982,26.66126126126126,0,0,0,0,0,0,0,0.0
2026-09-21 18:00:00-03:00,N,7,9972.940128707103,582.25,32.3427027027027,22.92792792792793,0,0,0,0,0,0,0,0.0
2026-09-21 18:00:00-03:00,NE,1,16363.333291191406,582.24,26.894782608695653,0.0,0,0,0,0,0,0,0,0.0
2026-09-21 18:00:00-03:00,NE,7,16223.598918510072,582.24,27.64144927536232,0.0,0,0,0,0,0,0,0,0.0
2026-09-21 18:00:00-03:00,S,1,17439.34341979792,582.24,20.05934065934066,0.8516483516483517,0,0,0,0,0,0,0,0.0
2026-09-21 18:00:00-03:00,S,7,17644.323705552088,582.24,22.20412087912088,0.3653846153846154,0,0,0,0,0,0,0,0.0
2026-09-21 18:00:00-03:00,SECO,1,54937.33222174192,582.25,25.48819160787226,4.008169327887114,0,0,0,0,0,0,0,0.0
2026-09-21 18:00:00-03:00,SECO,7,53950.857566489685,582.25,24.97927961381359,4.05607129595247,0,0,0,0,0,0,0,0.0
2026-09-21 19:00:00-03:00,N,1,10156.159449895084,360.74,31.339819819819823,0.0,0,0,0,0,0,0,0,0.0
2026-09-21 19:00:00-03:00,N,7,10193.453601800196,360.74,31.425585585585587,0.0,0,0,0,0,0,0,0,0.0
2026-09-21 19:00:00-03:00,NE,1,16273.841723392356,360.73,26.77130434782609,0.0,0,0,0,0,0,0,0,0.0
2026-09-21 19:00:00-03:00,NE,7,16105.995671682396,360.73,27.12579710144928,0.0,0,0,0,0,0,0,0,0.0
2026-09-21 19:00:00-03:00,S,1,17796.73176099303,360.73,19.49862637362637,0.0,0,0,0,0,0,0,0,0.0
2026-09-21 19:00:00-03:00,S,7,18127.55125187452,360.73,21.40467032967033,0.0,0,0,0,0,0,0,0,0.0
2026-09-21 19:00:00-03:00,SECO,1,54898.90041139362,360.74,23.915373189751207,0.1240252506498328,0,0,0,0,0,0,0,0.0
2026-09-21 19:00:00-03:00,SECO,7,54396.40238189077,360.74,24.28767174155217,0.0935759376160415,0,0,0,0,0,0,0,0.0
2026-09-21 20:00:00-03:00,N,1,10390.425855424235,173.11,30.612972972972976,0.0,0,0,0,0,0,0,0,0.0
2026-09-21 20:00:00-03:00,N,7,10431.64297473955,173.11,30.624684684684688,0.0,0,0,0,0,0,0,0,0.0
2026-09-21 20:00:00-03:00,NE,1,16270.884729155288,173.1,26.58357487922705,0.0,0,0,0,0,0,0,0,0.0
2026-09-21 20:00:00-03:00,NE,7,16111.950171682396,173.1,26.672270531400965,0.0,0,0,0,0,0,0,0,0.0
2026-09-21 20:00:00-03:00,S,1,16997.6061583235,173.09,19.431593406593407,0.0,0,0,0,0,0,0,0,0.0
2026-09-21 20:00:00-03:00,S,7,17504.584033945936,173.09,20.698351648351647,0.0,0,0,0,0,0,0,0,0.0
2026-09-21 20:00:00-03:00,SECO,1,54196.27741939575,173.1,23.46999628666914,0.0,0,0,0,0,0,0,0,0.0
2026-09-21 20:00:00-03:00,SECO,7,53366.89587081161,173.1,23.65692536204976,0.0,0,0,0,0,0,0,0,0.0
2026-09-21 21:00:00-03:00,N,1,10668.872004719971,153.24,29.78018018018018,0.0,0,0,0,0,0,0,0,0.0
2026-09-21 21:00:00-03:00,N,7,10641.781070722556,153.24,29.643243243243248,0.0,0,0,0,0,0,0,0,0.0
2026-09-21 21:00:00-03:00,NE,1,16758.899660382536,153.23,26.211594202898556,0.0,0,0,0,0,0,0,0,0.0
2026-09-21 21:00:00-03:00,NE,7,16459.260252241416,153.23,26.145893719806764,0.0,0,0,0,0,0,0,0,0.0
2026-09-21 21:00:00-03:00,S,1,16087.602606721455,153.22,18.869505494505493,0.0,0,0,0,0,0,0,0,0.0
2026-09-21 21:00:00-03:00,S,7,16520.147256240383,153.22,20.06813186813187,0.0,0,0,0,0,0,0,0,0.0
2026-09-21 21:00:00-03:00,SECO,1,52302.14246889128,153.23,22.73007797994801,0.0,0,0,0,0,0,0,0,0.0
2026-09-21 21:00:00-03:00,SECO,7,51375.40856401421,153.23,23.01971778685481,0.0,0,0,0,0,0,0,0,0.0
2026-09-21 22:00:00-03:00,N,1,10763.367853609818,126.43,29.262882882882884,0.0,0,0,0,0,0,0,0,0.0
2026-09-21 22:00:00-03:00,N,7,10673.375690551617,126.43,29.0327927927928,0.0,0,0,0,0,0,0,0,0.0
2026-09-21 22:00:00-03:00,NE,1,16649.001451906912,126.42,25.94415458937198,0.0,0,0,0,0,0,0,0,0.0
2026-09-21 22:00:00-03:00,NE,7,16292.631086907582,126.42,25.800289855072464,0.0,0,0,0,0,0,0,0,0.0
2026-09-21 22:00:00-03:00,S,1,14695.046023172146,126.42,18.25741758241758,0.0,0,0,0,0,0,0,0,0.0
2026-09-21 22:00:00-03:00,S,7,15093.04677439081,126.42,19.762637362637363,0.0,0,0,0,0,0,0,0,0.0
2026-09-21 22:00:00-03:00,SECO,1,49681.5718535021,126.43,22.507129595246933,0.0,0,0,0,0,0,0,0,0.0
2026-09-21 22:00:00-03:00,SECO,7,48569.557592432255,126.43,22.590011139992573,0.0,0,0,0,0,0,0,0,0.0
2026-09-21 23:00:00-03:00,N,1,10734.536899751372,121.11,28.753513513513514,0.0,0,0,0,0,0,0,0,0.0
2026-09-21 23:00:00-03:00,N,7,10693.960140954505,121.11,28.521261261261262,0.0,0,0,0,0,0,0,0,0.0
2026-09-21 23:00:00-03:00,NE,1,16097.33740887278,121.1,25.61555555555556,0.0,0,0,0,0,0,0,0,0.0
2026-09-21 23:00:00-03:00,NE,7,15718.323909978712,121.1,25.439323671497583,0.0,0,0,0,0,0,0,0,0.0
2026-09-21 23:00:00-03:00,S,1,13258.52754592816,121.1,18.386813186813185,0.0,0,0,0,0,0,0,0,0.0
2026-09-21 23:00:00-03:00,S,7,13599.36514395572,121.1,19.61813186813187,0.0,0,0,0,0,0,0,0,0.0
2026-09-21 23:00:00-03:00,SECO,1,46995.68646985236,121.1,22.572521351652437,0.0,0,0,0,0,0,0,0,0.0
2026-09-21 23:00:00-03:00,SECO,7,45528.831765263385,121.1,22.204493130337912,0.0,0,0,0,0,0,0,0,0.0
2026-09-22 00:00:00-03:00,N,1,10447.134405394803,113.29,28.474774774774776,0.0,1,0,0,0,0,0,0,0.0
2026-09-22 00:00:00-03:00,N,7,10486.565096662249,113.29,28.052612612612613,0.0,1,0,0,0,0,0,0,0.0
2026-09-22 00:00:00-03:00,NE,1,15465.584389648147,113.28,25.412850241545893,0.0,1,0,0,0,0,0,0,0.0
2026-09-22 00:00:00-03:00,NE,7,15169.136460777543,113.28,25.10038647342995,0.0,1,0,0,0,0,0,0,0.0
2026-09-22 00:00:00-03:00,S,1,11884.719723796485,113.28,17.82857142857143,0.0,1,0,0,0,0,0,0,0.0
2026-09-22 00:00:00-03:00,S,7,12296.118777601298,113.28,19.48846153846154,0.0,1,0,0,0,0,0,0,0.0
2026-09-22 00:00:00-03:00,SECO,1,44275.91090543092,113.29,22.46353509097661,0.0,1,0,0,0,0,0,0,0.0
2026-09-22 00:00:00-03:00,SECO,7,42494.72995751457,113.29,21.89814333457111,0.0,1,0,0,0,0,0,0,0.0
2026-09-22 01:00:00-03:00,N,1,10138.95901352738,106.6,28.0554954954955,0.0,1,0,0,0,0,0,0,0.0
2026-09-22 01:00:00-03:00,N,7,10183.15104512328,106.6,27.67117117117117,0.0,1,0,0,0,0,0,0,0.0
2026-09-22 01:00:00-03:00,NE,1,14893.282397916102,106.59,25.17536231884058,0.0,1,0,0,0,0,0,0,0.0
2026-09-22 01:00:00-03:00,NE,7,14767.343281435393,106.59,24.79236714975845,0.0,1,0,0,0,0,0,0,0.0
2026-09-22 01:00:00-03:00,S,1,11112.951825686432,106.59,17.658516483516486,0.0,1,0,0,0,0,0,0,0.0
2026-09-22 01:00:00-03:00,S,7,11506.566322484765,106.59,19.43186813186813,0.0,1,0,0,0,0,0,0,0.0
2026-09-22 01:00:00-03:00,SECO,1,42173.17927590147,106.6,22.11645005569996,0.0,1,0,0,0,0,0,0,0.0
2026-09-22 01:00:00-03:00,SECO,7,40292.21960072064,106.6,21.783030077979948,0.0,1,0,0,0,0,0,0,0.0
2026-09-22 02:00:00-03:00,N,1,9834.539569248907,98.07,27.69585585585586,0.0,1,0,0,0,0,0,0,0.0
2026-09-22 02:00:00-03:00,N,7,9849.099461327343,98.07,27.421261261261265,0.0,1,0,0,0,0,0,0,0.0
2026-09-22 02:00:00-03:00,NE,1,14493.05628604899,98.06,24.82512077294686,0.0,1,0,0,0,0,0,0,0.0
2026-09-22 02:00:00-03:00,NE,7,14467.015181377334,98.06,24.65729468599034,0.0,1,0,0,0,0,0,0,0.0
2026-09-22 02:00:00-03:00,S,1,10767.193782401577,98.05,17.203846153846154,0.0,1,0,0,0,0,0,0,0.0
2026-09-22 02:00:00-03:00,S,7,11052.82643293192,98.05,19.41703296703297,0.0,1,0,0,0,0,0,0,0.0
2026-09-22 02:00:00-03:00,SECO,1,40876.44245428777,98.06,21.876865948756038,0.0,1,0,0,0,0,0,0,0.0
2026-09-22 02:00:00-03:00,SECO,7,39071.5558378326,98.06,21.73898997400668,0.0,1,0,0,0,0,0,0,0.0
2026-09-22 03:00:00-03:00,N,1,9623.383796893242,101.0,27.151711711711712,0.0,1,0,0,0,0,0,0,0.0
2026-09-22 03:00:00-03:00,N,7,9633.349736218095,101.0,27.360360360360364,0.0,1,0,0,0,0,0,0,0.0
2026-09-22 03:00:00-03:00,NE,1,14184.4357169438,100.99,24.260676328502417,0.0,1,0,0,0,0,0,0,0.0
2026-09-22 03:00:00-03:00,NE,7,14211.592213547015,100.99,24.716521739130435,0.0,1,0,0,0,0,0,0,0.0
2026-09-22 03:00:00-03:00,S,1,10613.177706003258,100.98,16.254395604395604,0.0,1,0,0,0,0,0,0,0.0
2026-09-22 03:00:00-03:00,S,7,10913.83004640097,100.98,19.40467032967033,0.0,1,0,0,0,0,0,0,0.0
2026-09-22 03:00:00-03:00,SECO,1,40283.718326314345,100.99,21.57690308206461,0.0,1,0,0,0,0,0,0,0.0
2026-09-22 03:00:00-03:00,SECO,7,38943.168335542985,100.99,21.959227627181583,0.0,1,0,0,0,0,0,0,0.0
2026-09-22 04:00:00-03:00,N,1,9406.894438566052,105.07,26.96972972972973,0.0,1,0,0,0,0,0,0,0.0
2026-09-22 04:00:00-03:00,N,7,9435.08525101769,105.07,27.504504504504503,0.0,1,0,0,0,0,0,0,0.0
2026-09-22 04:00:00-03:00,NE,1,14092.154655172704,105.06,24.018840579710144,0.0,1,0,0,0,0,0,0,0.0
2026-09-22 04:00:00-03:00,NE,7,14077.606749754186,105.06,25.0031884057971,0.0,1,0,0,0,0,0,0,0.0
2026-09-22 04:00:00-03:00,S,1,10724.800769773812,105.06,15.623351648351647,0.0,1,0,0,0,0,0,0,0.0
2026-09-22 04:00:00-03:00,S,7,11048.27454640097,105.06,19.49478021978022,0.0,1,0,0,0,0,0,0,0.0
2026-09-22 04:00:00-03:00,SECO,1,40198.2146296979,105.07,21.04545116969922,0.0,1,0,0,0,0,0,0,0.0
2026-09-22 04:00:00-03:00,SECO,7,39723.40204198526,105.07,22.41953212031192,0.0,1,0,0,0,0,0,0,0.0
2026-09-22 05:00:00-03:00,N,1,9211.012524274243,108.68,26.73891891891892,0.1873873873873874,1,0,0,0,0,0,0,0.0
2026-09-22 05:00:00-03:00,N,7,9276.230501323857,108.68,27.802342342342342,0.0,1,0,0,0,0,0,0,0.0
2026-09-22 05:00:00-03:00,NE,1,13741.378516562138,108.67,23.87130434782609,26.18647342995169,1,0,0,0,0,0,0,0.0
2026-09-22 05:00:00-03:00,NE,7,13714.53801081161,108.67,25.54685990338164,26.471497584541066,1,0,0,0,0,0,0,0.0
2026-09-22 05:00:00-03:00,S,1,11385.229325109489,108.67,15.150274725274723,0.0,1,0,0,0,0,0,0,0.0
2026-09-22 05:00:00-03:00,S,7,11886.40946158742,108.67,19.660439560439563,0.0,1,0,0,0,0,0,0,0.0
2026-09-22 05:00:00-03:00,SECO,1,42023.17777666768,108.68,20.99402153731897,0.8848867434088378,1,0,0,0,0,0,0,0.0
2026-09-22 05:00:00-03:00,SECO,7,41802.58311572783,108.68,23.1488303007798,0.3256591162272558,1,0,0,0,0,0,0,0.0
2026-09-22 06:00:00-03:00,N,1,8742.828124086058,57.31,26.4563963963964,38.67387387387387,1,0,0,0,0,0,0,0.0
2026-09-22 06:00:00-03:00,N,7,8842.250314601253,57.31,28.2609009009009,35.39099099099099,1,0,0,0,0,0,0,0.0
2026-09-22 06:00:00-03:00,NE,1,13651.41008066146,57.31,24.121062801932368,197.47246376811597,1,0,0,0,0,0,0,0.0
2026-09-22 06:00:00-03:00,NE,7,13569.879331802413,57.31,26.216038647343,209.7526570048309,1,0,0,0,0,0,0,0.0
2026-09-22 06:00:00-03:00,S,1,12983.246408706666,57.31,14.68653846153846,21.711538461538463,1,0,0,0,0,0,0,0.0
2026-09-22 06:00:00-03:00,S,7,13475.966803587668,57.31,19.853021978021975,24.52747252747253,1,0,0,0,0,0,0,0.0
2026-09-22 06:00:00-03:00,SECO,1,44289.31556972858,57.31,20.82361678425548,58.83104344597104,1,0,0,0,0,0,0,0.0
2026-09-22 06:00:00-03:00,SECO,7,44336.47628068869,57.31,24.035573709617527,81.45302636464909,1,0,0,0,0,0,0,0.0
2026-09-22 07:00:00-03:00,N,1,8810.92216748736,57.31,26.773333333333337,191.0,1,0,0,0,0,0,0,0.0
2026-09-22 07:00:00-03:00,N,7,8896.24606864853,57.31,28.802342342342342,179.0990990990991,1,0,0,0,0,0,0,0.0
2026-09-22 07:00:00-03:00,NE,1,14151.106235483445,57.31,25.45101449275362,433.9555555555556,1,0,0,0,0,0,0,0.0
2026-09-22 07:00:00-03:00,NE,7,13811.792645454532,57.31,26.918164251207727,424.6202898550725,1,0,0,0,0,0,0,0.0
2026-09-22 07:00:00-03:00,S,1,14307.841630722756,57.31,15.295604395604396,122.32417582417582,1,0,0,0,0,0,0,0.0
2026-09-22 07:00:00-03:00,S,7,15032.402014513667,57.31,20.06043956043956,124.97252747252747,1,0,0,0,0,0,0,0.0
2026-09-22 07:00:00-03:00,SECO,1,47293.59939284634,57.31,21.79818046787969,211.98366134422577,1,0,0,0,0,0,0,0.0
2026-09-22 07:00:00-03:00,SECO,7,46609.57840572329,57.31,24.93743037504641,283.0215373189751,1,0,0,0,0,0,0,0.0
2026-09-22 08:00:00-03:00,N,1,9512.401312773443,57.31,28.1,430.0180180180181,1,0,0,0,0,0,0,0.0
2026-09-22 08:00:00-03:00,N,7,9514.239074354367,57.31,29.35657657657658,369.6954954954955,1,0,0,0,0,0,0,0.0
2026-09-22 08:00:00-03:00,NE,1,14686.938181602272,57.31,26.74357487922705,639.8183574879228,1,0,0,0,0,0,0,0.0
2026-09-22 08:00:00-03:00,NE,7,14343.342008183246,57.31,27.53478260869565,595.9178743961353,1,0,0,0,0,0,0,0.0
2026-09-22 08:00:00-03:00,S,1,15043.900932465063,57.31,15.73956043956044,278.77197802197804,1,0,0,0,0,0,0,0.0
2026-09-22 08:00:00-03:00,S,7,15888.527510768658,57.31,20.192307692307693,194.3186813186813,1,0,0,0,0,0,0,0.0
2026-09-22 08:00:00-03:00,SECO,1,50067.34668117431,57.31,23.420089119940585,376.0586706275529,1,0,0,0,0,0,0,0.0
2026-09-22 08:00:00-03:00,SECO,7,48449.092556144446,57.31,25.89561826958782,481.797623468251,1,0,0,0,0,0,0,0.0
2026-09-22 09:00:00-03:00,N,1,10090.93634451231,57.31,30.17603603603604,634.3153153153154,1,0,0,0,0,0,0,0.0
2026-09-22 09:00:00-03:00,N,7,9961.544220223612,57.31,30.0927927927928,617.7873873873874,1,0,0,0,0,0,0,0.0
2026-09-22 09:00:00-03:00,NE,1,14908.795693033126,57.31,27.949178743961355,765.0067632850241,1,0,0,0,0,0,0,0.0
2026-09-22 09:00:00-03:00,NE,7,14406.078502879558,57.31,27.678454106280192,807.0714975845411,1,0,0,0,0,0,0,0.0
2026-09-22 09:00:00-03:00,S,1,15383.791993581002,57.31,16.865384615384613,332.17857142857144,1,0,0,0,0,0,0,0.0
2026-09-22 09:00:00-03:00,S,7,15496.714889256413,57.31,17.311263736263736,330.3324175824176,1,0,0,0,0,0,0,0.0
2026-09-22 09:00:00-03:00,SECO,1,52208.43066234729,57.31,24.9784255477163,495.8748607500928,1,0,0,0,0,0,0,0.0
2026-09-22 09:00:00-03:00,SECO,7,50812.24063659,57.31,26.968251021165987,653.4656516895654,1,0,0,0,0,0,0,0.0
2026-09-22 10:00:00-03:00,N,1,10401.656521096264,57.31,31.541981981981984,794.1225225225227,1,0,0,0,0,0,0,0.0
2026-09-22 10:00:00-03:00,N,7,10283.641753976885,57.31,30.77027027027027,778.2666666666668,1,0,0,0,0,0,0,0.0
2026-09-22 10:00:00-03:00,NE,1,15296.014572725551,57.31,28.45487922705314,839.792270531401,1,0,0,0,0,0,0,0.0
2026-09-22 10:00:00-03:00,NE,7,14765.870600079945,57.31,27.99429951690821,908.4772946859904,1,0,0,0,0,0,0,0.0
2026-09-22 10:00:00-03:00,S,1,15732.526642641027,57.31,17.378021978021977,398.0631868131868,1,0,0,0,0,0,0,0.0
2026-09-22 10:00:00-03:00,S,7,15608.281458552836,57.31,17.607417582417582,409.978021978022,1,0,0,0,0,0,0,0.0
2026-09-22 10:00:00-03:00,SECO,1,53884.15986142207,57.31,25.7969922020052,534.0345339769774,1,0,0,0,0,0,0,0.0
2026-09-22 10:00:00-03:00,SECO,7,52308.66566822843,57.31,27.46375789082807,762.8484961010026,1,0,0,0,0,0,0,0.0
2026-09-22 11:00:00-03:00,N,1,10604.784173629268,57.31,32.74612612612613,915.7495495495496,1,0,0,0,0,0,0,0.0
2026-09-22 11:00:00-03:00,N,7,10531.283314937107,57.31,31.633693693693694,880.8612612612613,1,0,0,0,0,0,0,0.0
2026-09-22 11:00:00-03:00,NE,1,15424.31339265589,57.31,28.81719806763285,847.0057971014493,1,0,0,0,0,0,0,0.0
2026-09-22 11:00:00-03:00,NE,7,14843.339864769132,57.31,28.261256038647343,940.480193236715,1,0,0,0,0,0,0,0.0
2026-09-22 11:00:00-03:00,S,1,15812.012745309696,57.31,18.11758241758242,414.1648351648352,1,0,0,0,0,0,0,0.0
2026-09-22 11:00:00-03:00,S,7,15743.83436045208,57.31,18.0739010989011,458.7087912087912,1,0,0,0,0,0,0,0.0
2026-09-22 11:00:00-03:00,SECO,1,54176.15735980048,57.31,26.54006683995544,644.0508726327515,1,0,0,0,0,0,0,0.0
2026-09-22 11:00:00-03:00,SECO,7,53012.94429622952,57.31,27.926104715930187,812.6765688822874,1,0,0,0,0,0,0,0.0
2026-09-22 12:00:00-03:00,N,1,10757.132512702625,57.31,33.53027027027027,940.10990990991,1,0,0,0,0,0,0,0.0
2026-09-22 12:00:00-03:00,N,7,10700.734642454245,57.31,32.53801801801802,916.2072072072071,1,0,0,0,0,0,0,0.0
2026-09-22 12:00:00-03:00,NE,1,15016.37507225094,57.31,29.141739130434782,882.6830917874396,1,0,0,0,0,0,0,0.0
2026-09-22 12:00:00-03:00,NE,7,14551.5832386806,57.31,28.480289855072463,899.8444444444444,1,0,0,0,0,0,0,0.0
2026-09-22 12:00:00-03:00,S,1,14573.963557571586,57.31,18.75412087912088,554.3104395604396,1,0,0,0,0,0,0,0.0
2026-09-22 12:00:00-03:00,S,7,14712.567065797864,57.31,18.68901098901099,470.728021978022,1,0,0,0,0,0,0,0.0
2026-09-22 12:00:00-03:00,SECO,1,52653.419177357966,57.31,26.496175269216486,647.8232454511697,1,0,0,0,0,0,0,0.0
2026-09-22 12:00:00-03:00,SECO,7,51979.8086781757,57.31,28.233234311177128,799.366134422577,1,0,0,0,0,0,0,0.0
2026-09-22 13:00:00-03:00,N,1,11035.2586815598,57.31,33.73171171171171,896.2288288288289,1,0,0,0,0,0,0,0.0
2026-09-22 13:00:00-03:00,N,7,11111.773260837592,57.31,33.34828828828829,879.5477477477478,1,0,0,0,0,0,0,0.0
2026-09-22 13:00:00-03:00,NE,1,15280.950640912826,57.31,29.15033816425121,779.7932367149758,1,0,0,0,0,0,0,0.0
2026-09-22 13:00:00-03:00,NE,7,14789.960172784837,57.31,28.60357487922705,789.2705314009662,1,0,0,0,0,0,0,0.0
2026-09-22 13:00:00-03:00,S,1,15218.84507945743,57.31,20.043406593406598,502.9258241758242,1,0,0,0,0,0,0,0.0
2026-09-22 13:00:00-03:00,S,7,15037.951363477609,57.31,19.218956043956045,445.2774725274726,1,0,0,0,0,0,0,0.0
2026-09-22 13:00:00-03:00,SECO,1,53945.45765960339,57.31,27.35291496472336,623.7619754920163,1,0,0,0,0,0,0,0.0
2026-09-22 13:00:00-03:00,SECO,7,52462.67022147806,57.31,28.45711102859265,726.8800594132937,1,0,0,0,0,0,0,0.0
2026-09-22 14:00:00-03:00,N,1,11244.056229005038,57.31,33.73027027027027,782.4684684684686,1,0,0,0,0,0,0,0.0
2026-09-22 14:00:00-03:00,N,7,11327.76297756957,57.31,33.92612612612613,774.6774774774775,1,0,0,0,0,0,0,0.0
2026-09-22 14:00:00-03:00,NE,1,15698.42605501224,57.31,29.099323671497583,584.6009661835749,1,0,0,0,0,0,0,0.0
2026-09-22 14:00:00-03:00,NE,7,15186.123697810495,57.31,28.64647342995169,619.2444444444444,1,0,0,0,0,0,0,0.0
2026-09-22 14:00:00-03:00,S,1,15733.028478844057,57.31,20.361538461538466,328.73901098901104,1,0,0,0,0,0,0,0.0
2026-09-22 14:00:00-03:00,S,7,15221.996913019138,57.31,19.593406593406595,383.5467032967033,1,0,0,0,0,0,0,0.0
2026-09-22 14:00:00-03:00,SECO,1,54356.42616028736,57.31,27.58421834385444,407.40809506126993,1,0,0,0,0,0,0,0.0
2026-09-22 14:00:00-03:00,SECO,7,52669.95979480559,57.31,28.45243223171185,602.2989231340512,1,0,0,0,0,0,0,0.0
2026-09-22 15:00:00-03:00,N,1,11061.35969624606,57.31,33.68936936936937,602.0486486486487,1,0,0,0,0,0,0,0.0
2026-09-22 15:00:00-03:00,N,7,11132.51571148315,57.31,34.22144144144144,588.9261261261262,1,0,0,0,0,0,0,0.0
2026-09-22 15:00:00-03:00,NE,1,16072.342342913937,57.31,28.625507246376813,385.9391304347826,1,0,0,0,0,0,0,0.0
2026-09-22 15:00:00-03:00,NE,7,15752.80080059657,57.31,28.58154589371981,384.57584541062806,1,0,0,0,0,0,0,0.0
2026-09-22 15:00:00-03:00,S,1,15869.269220276725,57.31,18.209615384615383,248.03296703296704,1,0,0,0,0,0,0,0.0
2026-09-22 15:00:00-03:00,S,7,15276.602392390168,57.31,19.6489010989011,278.53846153846155,1,0,0,0,0,0,0,0.0
2026-09-22 15:00:00-03:00,SECO,1,53854.651140340255,57.31,26.90653546230969,280.9691793538804,1,0,0,0,0,0,0,0.0
2026-09-22 15:00:00-03:00,SECO,7,52599.553601559215,57.31,28.20523579650947,413.5072409951727,1,0,0,0,0,0,0,0.0
2026-09-22 16:00:00-03:00,N,1,10885.434418655515,135.95,33.48936936936937,384.9837837837838,1,0,0,0,0,0,0,0.0
2026-09-22 16:00:00-03:00,N,7,10986.258382901851,135.95,34.08792792792793,394.5873873873874,1,0,0,0,0,0,0,0.0
2026-09-22 16:00:00-03:00,NE,1,16440.177296835398,135.94,28.14666666666667,155.63381642512076,1,0,0,0,0,0,0,0.0
2026-09-22 16:00:00-03:00,NE,7,16029.30660525268,135.94,28.335555555555555,162.0096618357488,1,0,0,0,0,0,0,0.0
2026-09-22 16:00:00-03:00,S,1,15637.596830621878,135.94,16.711538461538463,139.4532967032967,1,0,0,0,0,0,0,0.0
2026-09-22 16:00:00-03:00,S,7,15803.195673310733,135.94,19.37857142857143,175.3956043956044,1,0,0,0,0,0,0,0.0
2026-09-22 16:00:00-03:00,SECO,1,53238.72146284136,135.95,25.61515038989974,154.09394727070182,1,0,0,0,0,0,0,0.0
2026-09-22 16:00:00-03:00,SECO,7,53001.06319611394,135.95,27.607352395098403,241.53991830672112,1,0,0,0,0,0,0,0.0
2026-09-22 17:00:00-03:00,N,1,10302.367834015024,353.4,32.88504504504505,168.92072072072074,1,0,0,0,0,0,0,0.0
2026-09-22 17:00:00-03:00,N,7,10425.545648475882,353.4,33.5818018018018,178.66666666666669,1,0,0,0,0,0,0,0.0
2026-09-22 17:00:00-03:00,NE,1,15928.278594745108,353.39,27.32927536231884,10.954589371980676,1,0,0,0,0,0,0,0.0
2026-09-22 17:00:00-03:00,NE,7,15632.653068841735,353.39,27.940386473429957,8.860869565217392,1,0,0,0,0,0,0,0.0
2026-09-22 17:00:00-03:00,S,1,15775.322764852215,353.39,15.42142857142857,43.19230769230769,1,0,0,0,0,0,0,0.0
2026-09-22 17:00:00-03:00,S,7,16156.024618852474,353.39,18.782417582417583,62.3956043956044,1,0,0,0,0,0,0,0.0
2026-09-22 17:00:00-03:00,SECO,1,51927.94378561419,353.4,23.589491273672483,43.82584478277015,1,0,0,0,0,0,0,0.0
2026-09-22 17:00:00-03:00,SECO,7,52835.99722367292,353.4,26.683438544374305,67.22985518009655,1,0,0,0,0,0,0,0.0
2026-09-22 18:00:00-03:00,N,1,9998.374270732926,1035.36,31.995495495495497,26.590990990990992,1,0,0,0,0,0,0,0.0
2026-09-22 18:00:00-03:00,N,7,10104.935025147768,1035.36,32.957117117117114,28.718918918918924,1,0,0,0,0,0,0,0.0
2026-09-22 18:00:00-03:00,NE,1,16659.89278489755,1035.35,26.778454106280197,0.0,1,0,0,0,0,0,0,0.0
2026-09-22 18:00:00-03:00,NE,7,16192.714218125042,1035.35,27.450048309178744,0.0,1,0,0,0,0,0,0,0.0
2026-09-22 18:00:00-03:00,S,1,16706.400019613982,1035.36,14.437362637362638,1.5824175824175826,1,0,0,0,0,0,0,0.0
2026-09-22 18:00:00-03:00,S,7,17267.06601911532,1035.36,18.08626373626373,0.7307692307692308,1,0,0,0,0,0,0,0.0
2026-09-22 18:00:00-03:00,SECO,1,54780.69502978629,1035.36,22.76171555885629,3.36279242480505,1,0,0,0,0,0,0,0.0
2026-09-22 18:00:00-03:00,SECO,7,55195.8427817009,1035.36,25.57437801708132,3.8083921277385815,1,0,0,0,0,0,0,0.0
2026-09-22 19:00:00-03:00,N,1,10315.089909947792,1008.41,31.09405405405405,0.0,1,0,0,0,0,0,0,0.0
2026-09-22 19:00:00-03:00,N,7,10387.709366281182,1008.41,32.15711711711712,0.0,1,0,0,0,0,0,0,0.0
2026-09-22 19:00:00-03:00,NE,1,16463.284030718205,1008.4,26.562125603864736,0.0,1,0,0,0,0,0,0,0.0
2026-09-22 19:00:00-03:00,NE,7,16104.356710902695,1008.4,26.920096618357487,0.0,1,0,0,0,0,0,0,0.0
2026-09-22 19:00:00-03:00,S,1,17262.861451754372,1008.41,13.672252747252749,0.0,1,0,0,0,0,0,0,0.0
2026-09-22 19:00:00-03:00,S,7,18039.71514899576,1008.41,17.271153846153847,0.0,1,0,0,0,0,0,0,0.0
2026-09-22 19:00:00-03:00,SECO,1,55198.11119040872,1008.41,22.04812476791682,0.1106572595618269,1,0,0,0,0,0,0,0.0
2026-09-22 19:00:00-03:00,SECO,7,55742.39525277165,1008.41,24.4259190493873,0.0935759376160415,1,0,0,0,0,0,0,0.0
2026-09-22 20:00:00-03:00,N,1,10647.345832567344,305.34,30.60990990990991,0.0,1,0,0,0,0,0,0,0.0
2026-09-22 20:00:00-03:00,N,7,10647.692071911271,305.34,31.43081081081081,0.0,1,0,0,0,0,0,0,0.0
2026-09-22 20:00:00-03:00,NE,1,16474.127603424284,305.33,26.41352657004831,0.0,1,0,0,0,0,0,0,0.0
2026-09-22 20:00:00-03:00,NE,7,16077.232210902695,305.33,26.404541062801933,0.0,1,0,0,0,0,0,0,0.0
2026-09-22 20:00:00-03:00,S,1,16565.083563476357,305.32,13.134065934065935,0.0,1,0,0,0,0,0,0,0.0
2026-09-22 20:00:00-03:00,S,7,17249.115426288907,305.32,16.489835164835164,0.0,1,0,0,0,0,0,0,0.0
2026-09-22 20:00:00-03:00,SECO,1,54033.08064575309,305.33,21.19175640549573,0.0,1,0,0,0,0,0,0,0.0
2026-09-22 20:00:00-03:00,SECO,7,54417.674844321686,305.33,23.370404753063497,0.0,1,0,0,0,0,0,0,0.0
2026-09-22 21:00:00-03:00,N,1,10872.39166158928,181.53,29.79495495495496,0.0,1,0,0,0,0,0,0,0.0
2026-09-22 21:00:00-03:00,N,7,10859.648524017057,181.53,30.456576576576577,0.0,1,0,0,0,0,0,0,0.0
2026-09-22 21:00:00-03:00,NE,1,16969.408734057768,181.52,26.246666666666663,0.0,1,0,0,0,0,0,0,0.0
2026-09-22 21:00:00-03:00,NE,7,16485.77448659936,181.52,25.97410628019324,0.0,1,0,0,0,0,0,0,0.0
2026-09-22 21:00:00-03:00,S,1,15733.444281431031,181.52,12.62664835164835,0.0,1,0,0,0,0,0,0,0.0
2026-09-22 21:00:00-03:00,S,7,16486.970471395543,181.52,15.685439560439562,0.0,1,0,0,0,0,0,0,0.0
2026-09-22 21:00:00-03:00,SECO,1,52782.83251261303,181.53,21.240995172669884,0.0,1,0,0,0,0,0,0,0.0
2026-09-22 21:00:00-03:00,SECO,7,53016.02631667005,181.53,22.779316747122166,0.0,1,0,0,0,0,0,0,0.0
2026-09-22 22:00:00-03:00,N,1,11075.274502107432,135.22,29.410630630630635,0.0,1,0,0,0,0,0,0,0.0
2026-09-22 22:00:00-03:00,N,7,11051.102767977787,135.22,29.938738738738746,0.0,1,0,0,0,0,0,0,0.0
2026-09-22 22:00:00-03:00,NE,1,16781.213079788104,135.21,25.997487922705314,0.0,1,0,0,0,0,0,0,0.0
2026-09-22 22:00:00-03:00,NE,7,16267.440327632408,135.21,25.641062801932367,0.0,1,0,0,0,0,0,0,0.0
2026-09-22 22:00:00-03:00,S,1,14317.289340006664,135.21,12.080769230769231,0.0,1,0,0,0,0,0,0,0.0
2026-09-22 22:00:00-03:00,S,7,15227.760453226703,135.21,15.137912087912088,0.0,1,0,0,0,0,0,0,0.0
2026-09-22 22:00:00-03:00,SECO,1,50173.00474381259,135.22,20.60857779428147,0.0,1,0,0,0,0,0,0,0.0
2026-09-22 22:00:00-03:00,SECO,7,50254.50320635064,135.22,22.34051243965837,0.0,1,0,0,0,0,0,0,0.0
2026-09-22 23:00:00-03:00,N,1,10994.439410297904,123.83,29.10162162162162,0.0,1,0,0,0,0,0,0,0.0
2026-09-22 23:00:00-03:00,N,7,10944.582824714298,123.83,29.355495495495497,0.0,1,0,0,0,0,0,0,0.0
2026-09-22 23:00:00-03:00,NE,1,16246.757797434524,123.82,25.69903381642512,0.0,1,0,0,0,0,0,0,0.0
2026-09-22 23:00:00-03:00,NE,7,15742.329716482924,123.82,25.330917874396132,0.0,1,0,0,0,0,0,0,0.0
2026-09-22 23:00:00-03:00,S,1,13122.115203349926,123.81,11.803846153846154,0.0,1,0,0,0,0,0,0,0.0
2026-09-22 23:00:00-03:00,S,7,13735.539888075986,123.81,14.507967032967032,0.0,1,0,0,0,0,0,0,0.0
2026-09-22 23:00:00-03:00,SECO,1,46736.74870304955,123.82,20.000816932788712,0.0,1,0,0,0,0,0,0,0.0
2026-09-22 23:00:00-03:00,SECO,7,46858.35346363519,123.82,22.00241366505756,0.0,1,0,0,0,0,0,0,0.0
